天赋id;天赋名称;描述;稀有度
1;长短手;每过2回合，下一次攻击最终基础伤害+5%;紫
2;香港脚;使用丐帮腿系武学时，使敌方基础攻击-10%，持续1回合;紫
3;乱拳;每回合提高暴击值+100，可叠加3次;绿
4;众志成城;每回合恢复自身生命值上限1%护盾,周围3*3每多一个队友增加1%护盾;紫
5;狗急跳墙;当真气少于20%时，基础攻击+20%;橙
6;狗屎运;若回合间受到3次及3次以上攻击，则下回合获得减伤50%，持续2回合;金
7;世代为乞;使用任何丐帮武学后，下次继续使用丐帮武学则基础伤害+10%;橙
8;第三只手;使用丐帮拳系招式攻击时，根据伤害值的5%增加护盾;紫
9;吃饱喝足;攻击+300，所有武学消耗真气提升500;橙
10;乞讨精通;若回合间没有受到攻击，则下回合开始恢复生命值5%的护盾;橙
11;强壮右手;每回合攻击+300点，最多叠加3层。;蓝
12;溜之大吉;受到一次伤害大于生命值50%的攻击后，立即提高闪避率50%，持续直到一次闪避后消失;紫
13;感谢喂食;获得治疗时，治疗效果+10%;紫
14;精准打击;使用丐帮奇门招式时，若只攻击到一个目标，则造成基础伤害+30%;橙
15;兔急咬人;每次受到攻击时，提高暴击值300，可叠加，最多3次;暗金
16;小幸运;若回合间没有受到攻击，则下回合开始时恢复10%生命值的护盾;金
17;偷袭;对减速敌人，造成基础伤害+5%;蓝
18;习惯挨打;受到所有伤害，降低10%;金
19;乱花入眼;使用玄机门剑法时，额外附加降低敌人命中10%，持续1回合;蓝
20;玄机真传;玄机门所有拳掌武学等级+1;橙
21;玄机孽徒;对玄机门的人造成所有基础伤害+10%;橙
22;融会贯通;当掌握至少10门玄机门武学时，玄机门武学连击率+5%;橙
23;桃花香;醉酒状态时，提升六项负面抗性10点;绿
24;灵鳌入海;行动回合内不移动时，后续一回合提升10%抗暴击值和10%闪避值;蓝
25;长生门弟子-废弃;使用长生门武学造成基础伤害+5%;蓝
26;铸剑弟子;使用铸剑山庄武学造成基础伤害+5%;蓝
27;踏波而行;行动回合内移动时，回合内提升10%暴击值和10%命中值;蓝
28;孤独避世;当场上本方仅有自身一人时，基础攻击+20%;暗金
29;奇门迷阵;受到奇门武学攻击时，基础伤害-15%;暗金
30;智商碾压;每次攻击时，附加额外附加攻击力*10%的附加伤害;蓝
31;飞花摘叶;所有暗器招式，命中值+200;蓝
32;遁入花阵;生命值低于10%时，提升闪避率80%（单局只能触发1次）;金
33;玄机酒;醉酒状态时，每回合恢复真气10%;橙
34;花香入脾;每回合开始时，获得生命值*1%的护盾;紫
35;沧海潮生;潮落潮生1级：当真气低于5%时，立即恢复至30%，一局生效一次（可叠加至5级）;暗金
36;百花齐放;多段攻击次数超过5次时，获得5%最大生命值的护盾;紫
37;回雁剑锋;使用长生门剑法武学时，自身生命值+1000，可叠加10次;蓝
38;飞针刺穴;使灵枢针术附加流血+20效果;绿
39;靠谱队友;长生门武学呼叫合击发动概率+20%;暗金
40;强力队友;长生门武学基础伤害+10%;橙
41;医术仁心;使用任意长生门医术时，自身恢复生命值*1%的护盾;蓝
42;义务行医;使用任意长生门医术时，目标额外回复5%最大生命值的护盾;金
43;全真弟子;使用全真派武学造成基础伤害+5%;蓝
44;南天柱石;长生门内功武学伤害+10%;金
45;风雷助阵;长生门武学攻击时，40%概率造成40%的额外伤害;金
46;玉女弟子;使用玉女派武学造成基础伤害+5%;蓝
47;新鲜空气;任意武学命中时，附加吸血率降低5%，可叠加3次;绿
48;拜月弟子;使用天阴教武学造成基础伤害+5%;蓝
49;华山弟子;使用五岳派武学造成基础伤害+5%;蓝
50;万寿无疆;每回合获得生命值*1%的护盾;紫
51;调息练气;每次受到攻击，最大生命值+2000，可叠加5次;白
52;天地精华;长生门剑法武学伤害+10%;橙
53;峨嵋弟子;使用峨嵋派武学造成基础伤害+5%;蓝
54;齐心协力;长生门暗器武学伤害+10%;金
55;长生门银指环;使用长生门医术最终治疗+10%;蓝
56;龙门镖局弟子;使用龙门镖局武学造成基础伤害+5%;蓝
57;格挡;受到暴击时基础伤害-10%;蓝
58;寸劲;所有反击时，额外附加流血15;橙
59;蓄力;每次发动反击，自身攻击+300，叠加3次;绿
60;内丹;内功等级上限+1;暗金
61;圆转;受到攻击时，自身反击率+10%，可叠加3次;暗金
62;行脉;受到暴击时，自身恢复最大生命值10%护盾（每场战斗最多生效5次）;暗金
63;五毒弟子拳套;使用五毒教武学造成基础伤害+5%;蓝
64;洞察;每回合+1000反击值，可叠加3次;暗金
65;拳精;武当拳掌武学暴击值+100;白
66;太极;《太极拳》和《太极剑》伤害+10%;暗金
67;守护;受到攻击时，给周围3*3队友附加坚韧+30（回合外触发，每个回合外最多生效两次）;金
68;真武;武当剑系附加吸血+10%;紫
69;绝意;所有攻击后获得坚韧+20;橙
70;铁爪;武当拳掌武学攻击对敌附加破甲+10;蓝
71;虎扑;虎爪功和黑虎绝户手暴击值+1000;橙
72;根性;每回合防御+50，可叠加3次;绿
73;逍遥仙宫弟子拳套;使用逍遥仙宫武学造成基础伤害+5%;蓝
74;戒律森严;对生命值高于50%敌人基础伤害+5%，对生命值低于50%敌人伤害-5%;紫
75;护寺长棍;少林奇门，附加对敌人行动条击退10%;暗金
76;阳刚之气;少林寺武学忽视防御+10%;暗金
77;修炼中;本周目徒儿在修炼中，无法获得任何经验，使用物品，出战。周目结算后可带出选为下一周目主角。;白
78;受戒刀法;少林刀法额外附加当前刀法精通的真气燃烧;紫
79;潜心修佛;所有少林派绝招威力+10%;暗金
80;武当弟子拳套;使用武当派武学造成基础伤害+5%;蓝
81;玄机门弟子拳套;使用玄机门武学造成基础伤害+5%;蓝
82;明教弟子刀;使用明教武学造成基础伤害+5%;蓝
83;持戒习武;攻击时自身附加力道+300，可叠加3次;蓝
84;佛祖显灵;打出少林派绝招后，攻击+600，可叠加3次;绿
85;圣僧开光;少林派绝招率+10%;金
86;静心凝神;命中率+15%，暴击值+600;暗金
87;慈悲心肠;攻击后恢复3%生命值上限的护盾（自身回合内攻击生效，每回合最多生效2次）;紫
88;菩萨保佑;受到所有伤害，降低10%;金
89;超度队友;场上有任意队友退场时，自身恢复20%生命值;暗金
90;前朝将军甲（暂不用）;被攻击时对攻击者造成2000+攻击*10%的反伤;金
91;粗中有细;提升角色暴击值，提升至为拳掌精通的10%（最高500）;蓝
92;外功暴击;峨嵋派外功暴击率+10%;暗金
93;外功暴伤;峨嵋派外功暴击伤害倍数+10%;金
94;佛手点穴;峨嵋拳掌武学暴击伤害倍数+10%;橙
95;以慧击愚;峨嵋剑法武学暴击率+5%;紫
96;暴击专注;每回合暴击率+5%，可叠加3次;暗金
97;乘胜追击;攻击时自身附加攻击+300，可叠加3次;绿
98;掌风干扰;峨嵋拳掌类武学攻击后自身暴击伤害倍数+5%，可叠加3次;金
99;上清剑气;所有剑系武学，附加当前剑法精通伤害;紫
100;四象转移;所有拳掌武学，降低敌人300点攻击，提升自身300点攻击，可叠加3次;绿
101;太清真气;每回合+护盾400点;绿
102;死亦何苦·极;援护防御1级：周围3*3队友受到攻击时，有20%几率援护防御，以自身防御分担20%伤害援护防御后对攻击者随机添加一种基础负面状态+10;橙
103;截手三式;所有武学，附加降低敌人300点攻击，可叠加3次;绿
104;灭绝一剑;剑法攻击1名敌人时，暴击率+10%，暴击伤害倍数+10%;暗金
105;峨嵋武绝;攻击力+300;紫
106;太虚真气;暴击时自身恢复3%最大生命值护盾+3%真气（每场战斗最多生效4次）;紫
107;死亦何苦·狂;援护防御1级：周围3*3队友受到攻击时，有20%几率援护防御，以自身防御分担20%伤害援护防御后对攻击者随机添加二种基础负面状态+10;金
108;死亦何苦·化;援护防御2级：周围3*3队友受到攻击时，有30%几率援护防御，以自身防御分担40%伤害援护防御后对攻击者随机添加三种基础负面状态+10;暗金
109;虎齿;吸血率+10%;金
110;密洞学武;每次破招后，单局内永久提升攻击+500，叠加3次;紫
111;超凡脱俗;破招值提升500;橙
112;错金虎符;被剑法武学攻击后自身附加调息+10;蓝
113;虎尾;反击率+3%;橙
114;后发先至;使用五岳宗武学回合外攻击时，造成基础伤害+30%;金
115;后发制人;任意武学回合外攻击后，攻击+300，可叠加3次;绿
116;气宗秘诀;每回合提升100点暴击值，叠加3次;紫
117;一剑封喉;五岳派剑法武学，暴击值+1000;暗金
118;拳震三山;五岳拳掌武学，额外附加内伤20;金
119;利剑如风;五岳剑法武学，额外附加破甲+20;金
120;太华真气;真气百分比越低，真气恢复越快，最高每回合回真气+10000;橙
121;虎噬;攻击后附加流血+5;紫
122;由内致外;提升角色真气，提升值为攻击的10%;金
123;剑法贯通;使用剑法武学时，附加2000点伤害;金
124;一击制胜;开局时，暴击值+1000，施放五岳武学时威力百分比+20%，持续1回合;暗金
125;出夷入险;生命值低于20%时，攻击+1000;橙
126;五岳精要;破招率+5%;暗金
127;天命之人;全精通+5%;暗金
129;苦争恶战;汲取生命1级：吸血率+3%（最高可叠加至5级）;紫
130;战不旋踵;撕裂伤口1级：所有武学对流血状态的敌人造成基础伤害+3%（可叠加至5级）;暗金
131;百战无前;赤刀门武学攻击流血目标后，自身提升暴击值+300，吸血率+5%，可叠加3次;暗金
132;背水一战;赤刀门所有武学，附加自身流血+20，造成基础伤害+15%;金
133;决战到底;赤刀门武学攻击流血目标时，有40%几率，造成基础伤害+30%;金
134;怯防勇战;任意恢复生命值时，提升100点攻击，可叠加10次;白
135;刀光寒影;开局第二次攻击，使用刀法武学附加流血+50;金
137;短兵相接;自身流血时，暴击值+400;橙
138;兵凶战危;生命值低于50%时，暴击值+600，暴伤值+800;金
139;单刀直入;抽刀断水1级：刀法武学伤害+4%;紫
140;一刀两断;赤刀门刀法武学首次攻击，基础伤害+30%;暗金
141;力敌千钧;每回合攻击+300，叠加3次;绿
142;刀头舔蜜;被刀系武学攻击时，基础伤害-10%;紫
144;五虎金刀;使用刀法武学攻击后附加流血+10;蓝
145;拜月血针;天阴教暗器对流血的敌人伤害+15%;金
146;吸星吞日;攻击时根据伤害量提升5%的真气（最大获得20000真气）;金
147;痛饮狂歌;战斗开始后敌方全体生命值减少30%（最多造成510000伤害）;暗金
148;日不移晷;生命值低于70%时，命中率+15%;紫
149;日升月恒;生命值低于50%时，暴击值+300;白
150;日就月将;生命值低于20%时，所有基础伤害+20%;暗金
151;月明千里;生命值低于5%时，立即回复5%的生命值（单局触发一次）;蓝
152;皓月当空;每次受击时获得受到伤害值*5%的护盾;绿
153;行者鞋+5;使用丐帮武学时，忽视防御率+10%;暗金
154;日月丽天;使用绝招后，获得相当于生命值*5%的护盾;蓝
155;爱日惜力;天阴教剑法武学50%概率造成30%的额外伤害;橙
156;偷天换日;天阴教腿法对减速的敌人伤害+15%;金
157;白日见月;天阴教武学暴击时，追加一次黑月神针（每回合至多生效一次）;暗金
160;日月参辰;攻击时，随机恢复3%生命值或3%真气（自身回合内生效，每个回合最多生效2次）;紫
162;今月古月;真气值低于50%时，每回合回真气+200;绿
163;毒泷恶雾;五毒教武学攻击时，50%概率造成30%的额外伤害;暗金
164;衡山群峰;合击率+5%，周围队友回合外伤害+1000;蓝
165;衡山群峰·极;合击率+5%，周围队友回合外伤害+1000;紫
166;何其毒也;暗中偷袭1级：所有武学对中毒状态的敌人造成基础伤害+3%（可叠加至5级）;暗金
167;蜂虿有毒;攻击中毒目标时，暴击值提升200;白
169;荼毒生灵;每回合对周围3*3的敌方目标施放中毒+15;暗金
170;衡山群峰·狂;合击率+15%，周围队友回合外伤害+1000+5%;橙
171;抗毒而生;攻击中毒层数大于50的目标时，自身恢复5%真气;紫
172;炼毒催功;使用毒系武学时，自身提升100点攻击，可叠加10次;绿
174;百炼毒腿;五毒教腿法武学攻击中毒目标时，造成基础伤害+10%;暗金
176;以毒攻毒;自身中毒时，每层中毒加五毒教武学伤害1%（最多增加10%）;暗金
177;宴安鸩毒;自身中毒时，提升其他5项负面抗性+10;绿
178;淬毒金腿;自身中毒时，使用腿法武学附加中毒+10;绿
179;剑法精通-无双;剑法精通+35;暗金
180;刀法精通-无双;刀法精通+35;暗金
181;暗器精通-无双;暗器精通+35;暗金
182;狼蜂猛毒;五毒教奇门攻击中毒大于10的目标时，造成基础伤害+10%;金
183;医术精通-无双;医术精通+35;暗金
184;奇门精通-无双;奇门精通+35;暗金
185;阳解阴毒;攻击中毒目标时，额外附加目标中毒强度*50点伤害;蓝
186;刮骨去毒;攻击中毒目标时，自身获得目标中毒强度*10的护盾;绿
187;衡山群峰·化;合击率+25%，周围队友回合外基础伤害+10%+1000;金
188;仁者医心;周围3*3队友提升武学攻击*5%的回合恢复生命值;紫
189;仁者医心·极;周围3*3队友提升武学攻击*8%的回合恢复生命值;橙
190;蛤蟆蹬腿;紫蟾神功招式附加当前腿法精通*3额外伤害;紫
191;雪域毒蟾;五毒教奇门武学威力百分比+10%;金
192;音画同鸣;闪避率+5%，开局获得真气的20%作为护盾;紫
193;折梅远送;《六阴破脉手》威力+30%;紫
194;神龙之威;自身中毒时，五毒教拳掌伤害+10%;金
195;拳掌精通-无双;拳掌精通+35;暗金
196;内功精通-无双;内功精通+35;暗金
197;腿法精通-无双;腿法精通+35;暗金
198;腿法精通-新手;腿法精通+5;白
199;屏气慑息;所有攻击附加减少敌人真气300;蓝
200;天行时气;开局后首次攻击，附加减少敌人真气10%;金
201;少气无力;所有武学暴击时，按伤害值的10%燃烧敌人真气;金
202;伤心疾首;逍遥仙宫武学攻击敌人基础伤害+10%;金
203;暗器精通-新手;暗器精通+5;白
204;盛气凌人;自身攻击大于目标时，所有武学最终基础伤害+10%;金
205;飞雪探梅;攻击+300;紫
206;北冥有鱼;生命值+2000;紫
207;拳掌精通-新手;拳掌精通+5;白
208;凌波仙子;掌握凌波仙子舞后，额外破招值+1000;金
209;刀法精通-新手;刀法精通+5;白
210;生死有命;六阴破脉手命中时，附加减少敌人真气800;绿
211;霜气横秋;逍遥仙宫武学攻击真气值低于50%的目标，最终基础伤害+20%;暗金
212;怨气满腹;攻击使目标每回合回真气-200，持续3回合;绿
213;剑法精通-新手;剑法精通+5;白
214;祥云瑞气;真气值+800;橙
215;奇门精通-新手;奇门精通+5;白
217;归全反真;所有武学额外消耗500真气，附加伤害500点;白
218;返璞归真;全真教剑法，按伤害值5%获得护盾;紫
219;真金不镀;全真教拳法，按伤害值5%减少敌人真气（最多造成10000点真气燃烧）;蓝
222;怀真抱素;全真武学伤害+15%;暗金
223;全力以赴;自身真气值低于50%时，全真教武学造成基础伤害+20%;金
224;抱朴含真;生命值百分比越低，回合回真气提升越多，最多提升2000点回合回真气;蓝
225;全真七子;战斗中，角色每拥有一门全真外功武学，全真教剑法武学威力百分比为+5%（最多增加35%）;暗金
226;文武双全;全真教拳法，额外消耗自身最大真气的5%，自身获得强壮+30;橙
227;修真养性;所有武学攻击后，自身获得调息+20（自身回合内生效，每个回合最多生效2次）;紫
228;真金烈火;每当队友退场时，获得最大生命值15%护盾和15%真气;暗金
229;通真达灵;自身真气值低于10%时，每回合回真气+500;白
230;一举两全;每次受击时，恢复100真气;白
231;弃伪从真;真气值>50%时，受到基础伤害-15%;金
28904;北堂世家·反击率;;紫
234;铁臂神拳;每回合攻击+100，可叠加3次;绿
236;冰冻三尺;腿法攻击附加敌方减速+5;绿
237;再接再厉;宇文山庄所有武学附加伤害+1000;蓝
238;浮生若梦;宇文山庄外功攻击后附加敌人减速+10;橙
239;铁马冰河;腿法攻击后附加自身轻盈+10;金
240;未雨绸缪;宇文山庄武学攻击后可增加自身抗连击值+500，持续1回合（仅增加1次，不可叠加）;橙
241;左提右携;提升角色连击值，提升值为命中值的20%（最多增加1500）;金
242;雷霆万钧;宇文山庄武学绝招率+10%;金
243;金戈铁马;宇文山庄外功对拥有减速的敌人基础伤害+10%;金
244;寸步难行;使用宇文山庄外功武学攻击后，使敌人的行动移动格子数-1，持续两回合（若敌人的行动移动格子数小于1则不再降低）;暗金
245;勇往直前;宇文山庄拳法攻击后附加自身疗伤+10，调息+10;紫
246;滔滔不绝;每次受到攻击，下次使用宇文山庄武学基础伤害+2%，可叠加10次，最多持续2回合;暗金
247;左宜右有;连击的招式，造成基础伤害+30%;金
248;刚正不阿;自身每拥有五项正面状态中的一种，基础伤害+5%，最高增加25%;蓝
255;剑法精通-优秀;剑法精通+20;紫
256;锐不可当;如意宫武学攻击后，自身获得坚韧+15;紫
257;遮天蔽日;暗月刀法额外附加破甲+30;橙
258;休养生息;生命值低于30%时，攻击后恢复5%生命值（每回合生效一次）;紫
259;勇猛精进;如意宫外功攻击后附加敌人破甲+10;紫
260;阴阳逆流;使用秘奥义·颠倒乾坤后，四项基础属性（生命、真气、攻击、防御）提升5%;橙
261;风声鹤唳;如意宫外功武学附加敌人内伤+5;蓝
262;破釜沉舟;攻击时，自身生命值每低5%，吸血率+1%，最高提升15%吸血率;金
263;身经百战;刀法武学攻击拥有内伤的敌人时，基础伤害+10%;橙
264;欲擒故纵;生命值低于50%时，防御值+100;绿
265;势如破竹;每次受到治疗后，可使后续治疗效果增加5%，可叠加3次;橙
266;天地重合;生命值低于30%时，天残神脚绝招率+10%;橙
267;兵戎相见;处于自身行动回合内，自身防御降低20%，攻击附基础伤害+10%;金
268;不动冥王;被内功武学攻击时，基础伤害-10%;紫
269;阴阳倒转;受到单次大于自身生命10%的伤害时，下次受到攻击基础伤害-20%（每场战斗最多生效3次）;暗金
270;龙血玄黄;自身生命低于50%时，如意宫武学伤害的增加20%;暗金
274;一力当先;开局时自动获得铸剑蓄力层数+1;金
279;刀法精通-优秀;刀法精通+20;紫
280;暗器精通-优秀;暗器精通+20;紫
281;奇门精通-优秀;奇门精通+20;紫
282;湛卢剑气;每回合开始时，自动获得铸剑蓄力层数+1;暗金
284;洪炉点雪;受到攻击时自身获得铸剑蓄力层数+1，受到所有基础伤害+5%（该效果每回合生效1次）;橙
285;重起炉灶;暴击时获得铸剑蓄力层数+1（该效果每回合生效1次）;紫
287;碧霞悠哉;每点铸剑蓄力使铸剑山庄武学威力百分比+5%;暗金
289;冰肌雪肤;回合开始时，10%几率获得寒冰真气1层;暗金
290;心若炎炎;回合开始时，10%几率获得烈火真气1层;暗金
291;寒气绕体;战斗开始时，自动获得寒冰真气几率+10%;金
292;炎气护身;战斗开始时，自动获得烈火真气几率+10%;金
293;一鼓作气;主动释放武学所获得的龙门真气（寒冰真气与烈火真气）层数+1;金
294;生机勃勃;所有自动获得的龙门真气（寒冰真气与龙门真气）层数+1;金
295;接踵而至;所有奇门多段攻击武学，多段攻击次数+1;暗金
296;清川长薄;回合开始时，如拥有任意龙门镖局真气或烈阳真气，获得生命值*3%的护盾;橙
297;气势汹汹;释放《冰火相融诀》时，对周围3*3目标造成武学等级*1000点伤害;金
298;拳掌精通-优秀;拳掌精通+20;紫
299;腿法精通-优秀;腿法精通+20;紫
301;暴雨如注;每回合暴击值+100，可叠加3次;绿
302;复归嵩岑;拥有任意一种龙门镖局真气时，受到攻击时基础伤害-10%;紫
303;日和风暖;回合开始时，如有烈火真气，回复生命值3%+1000;蓝
304;寒木春华;回合开始时，如有寒冰真气，回复真气3%+1000;绿
305;青天白龙;拥有任意一种龙门镖局真气时，绝招触发概率+10%;暗金
306;摧折豪强;拥有烈火真气时，暴击抵抗值+200;蓝
307;气贯长虹;《天长掌法》威力百分比+3%;蓝
308;山高水长;所有恒山外功武学攻击后，有20%几率额外打出《天长掌法》（不含《天长掌法》，和其他几率叠加）;橙
309;寒花晚节;恒山派剑系武学威力百分比+2%;紫
310;花朝月夕;恒山派剑法攻击后，自身获得轻盈+30;橙
311;闪转腾挪;闪避敌人攻击后，获得最大生命值5%护盾和真气（每回合最多触发2次）;紫
312;镜里观花;每回合闪避值+100，可叠加3次;紫
313;见缝插针;闪避敌人攻击后，对攻击者施放《醉拳》;橙
314;三才断崖;恒山派奇门武学威力百分比+2%;紫
315;仙人指路;恒山派奇门武学暴击后，自身闪避率+10%，持续1回合;蓝
316;霍然而愈;每回合获得疗伤+10;绿
317;仙露明珠;自身疗伤>50时，受到所有基础伤害-20%;橙
318;承天之佑;受到攻击后，获得自身最大生命值1%的护盾（每回合最多触发3次）;紫
324;按强助弱;对队友援护防御时，为队友增加攻击*15%点护盾;绿
325;一张白纸;所有精通+10;绿
326;擅长用刀;刀法精通+30;白
327;擅长用剑;剑法精通+30;白
328;擅长用拳;拳掌精通+30;白
329;擅长用腿;腿法精通+30;白
330;擅长奇门;奇门精通+30;白
331;擅长暗器;暗器精通+30;白
332;主角光环;可学武学数量上限+1;暗金
333;腿法如风;少林腿法武学额外附加腿法精通*1的伤害;紫
334;剑法精通-极品;剑法精通+25;橙
335;孤儿;每回合恢复生命值+50，每回合回真气+50;白
336;刀法精通-极品;刀法精通+25;橙
337;暗器精通-极品;暗器精通+25;橙
338;与剑为伍;所有剑系招式基础伤害+5%;紫
339;奇门精通-极品;奇门精通+25;橙
340;盘马弯弓;生命值低于30%时，攻击基础伤害+20%;金
341;铁手铜臂·化;残废抗性+100;暗金
342;老僧入定·化;内伤抗性+100;暗金
343;老实人;生命值+1000;蓝
344;玄机少主;玄机门武学等级上限+2;暗金
345;金戈铁甲·化;破甲抗性+100;暗金
346;潜心向佛;所有少林寺武学威力百分比+1%;紫
347;大理少主;《六脉齐发》威力百分比+20%;暗金
348;习惯用剑;使用剑法武学时，基础攻击+5%;白
349;苦命少年;生命+2000，真气+1000;绿
350;与刀为伍;所有刀系招式基础伤害+5%;橙
351;习惯暗器;使用暗器武学时，基础攻击+5%;白
352;习惯用刀;使用刀法武学时，基础攻击+5%;白
353;龙胆;闪避值+100，生命值低于50%时，闪避值再加200;紫
354;仇恨蒙心;命中率-10%，暴伤值+1000;金
355;大侠之心·化;攻击+750，拳掌精通+75，《降龙问天掌》威力增加50%，连招率+50%;暗金
356;弹指真传;所有多段攻击次数+1;暗金
357;百年情愫;生命值<50%时受到基础伤害-20%;金
358;流星蝴蝶·完美;全真教武学等级上限+1，《玄铁巨剑法》、《伤心欲绝掌》威力+50%;暗金
359;毒系大成;毒系武学基础伤害+15%;金
360;剑神传人·极[-];九式·求败剑诀威力+20%，破招率+20%;橙
361;真气周转;真气>80%时，造成所有基础伤害+10%，真气恢复+500;金
362;熟能生巧;连招率+10%;金
363;蛮勇无敌;攻击+200;紫
364;铜皮铁骨;比一般人更抗打，防御+10%;紫
365;轻灵敏捷;比一般人行动更快，速度值+20;紫
366;聪慧过人;比一般人更聪明，生命值+10%;紫
367;生命值顽强;生命值+2000;紫
368;内劲深厚;攻击附加300点额外伤害;紫
369;无法无天;自身仁义值每低于-70一点，基础伤害+1%;金
370;毒宗体;自身中毒时提升武学伤害，每2层毒基础伤害+1%（最大基础伤害+20%）;橙
371;毒圣体;自身中毒时提升生命和每回合恢复生命值，每层毒提升500点生命、100点恢复生命值;绿
372;免疫力强;每回合自动解除10层基础负面状态;蓝
373;武学精通;破招值提升300;橙
374;天人化生;造成基础伤害+25%，受到暴击基础伤害+25%;暗金
375;太极高手;精通太极，《太极剑》《太极拳》暴击值增加600;蓝
376;酒不离口;每回合有20%概率进入醉酒状态;绿
377;外表抱歉;敌人攻击时有30%几率强制以自己为目标;蓝
378;孤军奋战;每失去2%生命值，造成基础伤害+1%（最多提升30%）;暗金
379;拳掌精通-极品;拳掌精通+25;橙
380;腿法精通-极品;腿法精通+25;橙
381;学武奇才;战斗产出武学经验+50%（不可叠加生效）;紫
382;锯齿大刀;刀系招式暴击时，有20%几率附加流血+20;白
383;真气恢复;内功系招式每击中一个目标，恢复自身300真气;绿
384;习惯用腿;使用腿法武学时，基础攻击+5%;白
385;毒王;造成所有中毒状态+10强度，自身有中毒时，造成所有中毒状态+20层数;金
387;不动如山;拥有护盾时，自身真气+5%;绿
388;内劲流转;受到内功招式攻击时，提高3%生命，可叠加5次;紫
389;渐入佳境;单次攻击每消耗10%以上真气，都会在单局内永久提升1%绝招触发几率（最多提升20%）;金
392;轻快追击;你的每次暴击，都会立即加速行动条进度10%（最多生效3次）;橙
393;防御气场;使用任何奇门招式时，获得相当于3%伤害的护盾;蓝
394;伺毒而动;每当有敌人受到中毒伤害时，自身行动条前进10%（每次单位回合外只能生效2次）;紫
395;污毒;造成流血时，有20%几率同时附加10点中毒;绿
396;以牙还牙;自身有流血时，吸血率提升30%;金
397;精准;暗器招式暴击值提升400;金
398;习惯用棍;使用奇门武学时，基础攻击+5%;白
399;下绊子;攻击后降低敌方10%的基础攻击，持续2回合;金
400;习惯用拳;使用拳法武学时，基础攻击+5%;白
401;天赋异禀;基础攻击+5%;橙
402;穷追不舍;你的所有外功攻击，对受到内伤的角色，造成基础伤害+15%;暗金
403;绅士;对所有女性角色造成基础伤害+10%，受到女性角色攻击基础伤害+10%;紫
404;迅疾如风;自身回合时，每移动一格，可以解除自身减速效果20点;绿
405;剑法奇才;使用剑法武学时，基础攻击+10%;橙
406;刀法奇才;使用刀法武学时，基础攻击+10%;橙
407;精力充沛;当前真气值越高，暴击值越高，最高提升500;绿
408;找准弱点;对生命值小于10%的目标，总是能造成暴击;橙
409;拳掌奇才;使用拳掌武学时，基础攻击+10%;橙
410;腿法奇才;使用腿法武学时，基础攻击+10%;橙
411;急性子;当获得轻盈时，行动条立即前进10%（自身的一个行动回合内最多生效1次）;紫
412;棍法奇才;使用奇门武学时，基础攻击+10%;橙
413;暗器奇才;使用暗器武学时，基础攻击+10%;橙
416;岁寒三友;攻击后自身攻击+150，可叠加3次;蓝
417;剑术宗师;使用所有剑术造成的最终基础伤害+10%;金
419;一代宗师;所有武学等级+1;暗金
420;练武奇才;可学武学数量上限+2;暗金
421;天资聪颖;战斗产出武学经验+100%（不可叠加生效）;金
422;先天真气;战斗开始时，获得真气值20%的护盾;金
425;唐门三老;暗器造成最终基础伤害+20%，暗器精通+10;暗金
426;穿肠破肚;奇门武学招式附加流血+5;蓝
427;奇门遁甲;奇门武学招式造成最终基础伤害+10%;橙
428;愁深似海;内功招式威力百分比+2%;金
429;六脉真气;拳系招式攻击时，额外附加当前攻击*5%的伤害;蓝
430;无相转生;奋起1级：退场时50%概率再次登场，恢复10%生命和真气，一场战斗触发一次，（最高叠加到4级）;暗金
432;根基稳固;被击时30%几率免疫击退和吸附效果;橙
433;百毒不侵·化;中毒抗性+100;暗金
434;独孤求败;剑法武学命中率+50%;金
435;火眼金睛;攻击时30%几率免疫反击;橙
436;长生不老;不会被吸血;暗金
437;易筋洗髓·狂;被击时50%几率免疫被吸真气及真气燃烧效果;金
438;鬼魅身段;攻击时30%几率免疫反弹;橙
439;虚无缥缈;减速抗性+50;橙
448;渣男;对女性基础伤害+10%受到女性基础伤害+10%;蓝
449;仁道小成;每月仁义值+2（仁义值大于50后不再增加）;绿
450;断衫;刀法精通、剑法精通+50;橙
451;灵指;命中率-10%受到暗器基础伤害-5%;紫
452;缓慢;生命值+2000，速度值-10;橙
453;活动生命值;在活动中，生命值大幅提升;白
454;忠诚守护;不上阵时可在场边助战：所有上阵队友受到基础伤害-5%;绿
463;碎岩术1级;【冒险】有助于通过巨岩障碍,碎岩术1级;白
464;碎岩术2级;【冒险】有助于通过巨岩障碍,碎岩术2级;绿
465;血气方刚;造成伤害、受到基础伤害+10%;绿
466;寒玉玉佩;《玉女清心经》等级上限+2;暗金
468;场外支援;【唯一】可以作为辅助角色上场;暗金
470;安常守故;造成伤害、受到基础伤害-10%;绿
471;主持正义;所有武学附加伤害+1000;蓝
472;天阴控心丹;;暗金
473;无惧丐帮;受到丐帮武学基础伤害-30%;金
474;采药1级;【冒险】可以采集大地图上的药田,采药1级;白
475;机关术1级;【冒险】有助于通过机关障碍,机关术1级;白
476;采药2级;【冒险】可以采集大地图上的药田,采药2级;绿
477;碎岩术5级;【冒险】有助于通过巨岩障碍,碎岩术5级;橙
478;碎岩术4级;【冒险】有助于通过巨岩障碍,碎岩术4级;紫
479;碎岩术3级;【冒险】有助于通过巨岩障碍,碎岩术3级;蓝
480;采药3级;【冒险】可以采集大地图上的药田,采药3级;蓝
481;腾空术5级;【冒险】有助于通过断崖障碍,腾空术5级;橙
482;腾空术4级;【冒险】有助于通过断崖障碍,腾空术4级;紫
483;盈盈无间·极;反击率+8%，反击成功时，对周围3*3队友附加坚韧+10;橙
484;脉脉无语·极;反击率+8%，反击成功时，对周围3*3敌人附加残废+10;橙
485;追击;击败敌人后立即前进50%进度条（每场战斗生效一次）;紫
486;绝地求生-王翼;生命值低于50%时，闪避率增加25%;暗金
487;金钱至上;自身每持有10000铜币，基础伤害+1%，上限20%;金
488;金钱至上;自身每有10000铜币，最终基础伤害+1%，最高可提升至20%;金
489;寒冰刀刃;使用刀法时，对目标附加减速+5;紫
490;明镜止水;消耗真气后，回复相同百分比的生命值;紫
491;破招回蓝;破招后恢复应受伤害的真气值;紫
492;忍耐;拥有蓄力状态时减伤10%;紫
493;腾空术3级;【冒险】有助于通过断崖障碍,腾空术3级;蓝
494;千里不留行·化;拳掌精通+50，暴击率+20%，《天地四相掌》威力+80%;暗金
495;腾空术2级;【冒险】有助于通过断崖障碍,腾空术2级;绿
496;腾空术1级;【冒险】有助于通过断崖障碍,腾空术1级;白
497;闭气术5级;【冒险】有助于通过水潭障碍,闭气术5级;橙
498;闭气术4级;【冒险】有助于通过水潭障碍,闭气术4级;紫
499;闭气术3级;【冒险】有助于通过水潭障碍,闭气术3级;蓝
500;闭气术2级;【冒险】有助于通过水潭障碍,闭气术2级;绿
501;闭气术1级;【冒险】有助于通过水潭障碍,闭气术1级;白
502;避毒术5级;【冒险】有助于通过毒雾障碍,避毒术5级;橙
503;避毒术4级;【冒险】有助于通过毒雾障碍,避毒术4级;紫
504;避毒术3级;【冒险】有助于通过毒雾障碍,避毒术3级;蓝
505;避毒术2级;【冒险】有助于通过毒雾障碍,避毒术2级;绿
506;避毒术1级;【冒险】有助于通过毒雾障碍,避毒术1级;白
507;机关术5级;【冒险】有助于通过机关障碍,机关术5级;橙
508;机关术4级;【冒险】有助于通过机关障碍,机关术4级;紫
509;机关术3级;【冒险】有助于通过机关障碍,机关术3级;蓝
510;机关术2级;【冒险】有助于通过机关障碍,机关术2级;绿
511;采药4级;【冒险】可以采集大地图上的药田,采药4级;紫
512;采药5级;【冒险】可以采集大地图上的药田,采药5级;橙
513;采矿1级;【冒险】可以开采大地图上的矿山,采矿1级;白
514;采矿2级;【冒险】可以开采大地图上的矿山,采矿2级;绿
515;采矿3级;【冒险】可以开采大地图上的矿山,采矿3级;蓝
516;采矿4级;【冒险】可以开采大地图上的矿山,采矿4级;紫
517;采矿5级;【冒险】可以开采大地图上的矿山,采矿5级;橙
518;孤家寡人;当场上本方仅有自身一人时，造成基础伤害+50%;金
519;楚楚可怜;游迟迟生命值<80%后，身边的护卫将替她承受任何伤害;紫
520;谴责;友方生命值最低的受到伤害时，若伤害来源是敌方，则给伤害来源30层流血;紫
521;食材搜刮1级;【冒险】可以搜刮大地图上的粮仓,食材搜刮1级;白
522;村花之力;不上阵时可在场边助战：月牙村村民攻击附加1000伤害;绿
523;阿刚的援助;不上阵时可在场边助战：主角生命值+5%;绿
524;阿羿的援助;不上阵时可在场边助战：主角闪避+5%;绿
525;食材搜刮5级;【冒险】可以搜刮大地图上的粮仓,食材搜刮5级;橙
526;金钱搜刮1级;【冒险】战斗结束后搜刮到额外的铜币,金钱搜刮1级;白
527;金钱搜刮2级;【冒险】战斗结束后搜刮到额外的铜币,金钱搜刮2级;绿
528;金钱搜刮3级;【冒险】战斗结束后搜刮到额外的铜币,金钱搜刮3级;蓝
529;金钱搜刮4级;【冒险】战斗结束后搜刮到额外的铜币,金钱搜刮4级;紫
530;金钱搜刮5级;【冒险】战斗结束后搜刮到额外的铜币,金钱搜刮5级;橙
531;食材搜刮4级;【冒险】可以搜刮大地图上的粮仓,食材搜刮4级;紫
532;食材搜刮3级;【冒险】可以搜刮大地图上的粮仓,食材搜刮3级;蓝
533;食材搜刮2级;【冒险】可以搜刮大地图上的粮仓,食材搜刮2级;绿
534;父女情深;不上阵时可在场边助战：白小青真气回复+500;绿
535;妙手丹青;攻击减伤敌方200真气，若敌方真气少于50%，额外对其造成伤害+1000;金
536;真气如剑·极;太华君子剑威力+20%，攻击额外附带攻击*20%的伤害;橙
537;执子之手·完美;伤害+15%,开局第一回合立即行动;紫
538;绵绵不断;使用丐帮武学攻击后提升自身回合回真气200点，可叠加5次;金
539;空空如也·化;真气上限+8000，每回合回真气+800，《纯阳拳法》威力+50%;暗金
540;销魂滋味·极;连击率+5%，《伤心欲绝掌》击中敌人时，消耗敌人自身等级*300点真气值;橙
541;重剑无锋·极;《玄铁巨剑法》威力+20%，每次攻击附带攻击*10%的伤害;橙
542;生死判官·极;暴击伤害倍数+10%，《无上元气针》威力+10%，使用《无上元气针》攻击时附加暗器精通*2的伤害;橙
543;折梅远送·极;《六阴破脉手》威力+10%，使用《六阴破脉手》攻击时额外附带武学攻击*8%的伤害;橙
544;恢复生命值大法;每次生命值提高时（治疗、回合恢复生命值、吸血），攻击+300点，最多叠加5次;紫
545;附加流血;所有白衣教武学，附加流血+10;白
546;附加中毒;所有白衣教武学，附加中毒+10;白
547;附加残废;所有白衣教武学，附加残废+10;白
548;附加减速;所有白衣教武学，附加减速+10;白
549;附加内伤;所有白衣教武学，附加内伤+10;白
550;附加破甲;所有白衣教武学，附加破甲+10;白
551;抬棺奋战;场上只剩自身一个友方单位时，攻击时造成基础伤害+20%;橙
552;铜币万能;身上钱越多，提升造成伤害，最高10%（每1000铜币+1%）;橙
553;绝地求生;生命值低于50%时，连招率+25%、反击值+500、连击值+500;暗金
554;矛盾之争;攻击有护盾的目标时，暴击值+400，暴伤值+600;橙
555;落井下石;白衣教武学攻击有6种负面效果（流血、中毒、内伤、残废、减速、破甲）的敌人时，造成基础伤害+60%;金
556;隐忍不发;生命值低于30%时，受到所有基础伤害-30%;金
557;含垢忍辱;若行动时没有对敌人造成伤害，则受到基础伤害-10%，持续1回合;蓝
558;平步青云;六扇门武学等级上限+1;橙
562;阶级森严;白衣教武学绝招率+10%;金
563;剑法精通-珍稀;剑法精通+30;金
564;坐怀不乱;被女性角色攻击时，受到基础伤害-10%;蓝
565;清正廉明;6项负面抗性+5;绿
566;刀法精通-珍稀;刀法精通+30;金
567;铁面无私;攻击眩晕中的目标，六扇门武学造成基础伤害+20%;金
568;围追堵截;如场上只剩一个敌方单位时，六扇门武学造成基础伤害+20%;金
569;暗器精通-珍稀;暗器精通+30;金
570;冠盖云集;场上每多一个六扇门友方，六扇门武学攻击时造成基础伤害+5%（最多提升50%）;金
571;奇门精通-珍稀;奇门精通+30;金
572;红豆相思;誓约双方同时在场上的时候，双方输出伤害+10%，在对方受到致命伤害的时候，100%的概率替对方抵挡攻击;金
573;生死与共;根据场上的与该角色结义角色人数，每多一名结义人员增加该角色5%的伤害（人数至少要求大于等于2），在某个角色受到致命伤害的时候，其他结义角色25%的概率帮其抵挡这一次伤害;金
575;白云明月丸;《玉女清心经》等级上限+1;暗金
577;倚天剑;《灭绝剑法》攻击时，附基础伤害+10%;暗金
580;真武剑;武当派武学攻击时，附基础伤害+10%;暗金
581;北斗七星剑;《七星长空剑》攻击时，附基础伤害+10%;暗金
584;大将军甲+10;绝对防御1级：每次受击后（包含援护防御受击），自身获得绝对防御状态（可叠加5层），受到攻击减少最终伤害，值为真气*2%+1000点;暗金
588;七宝戒指;《四海独尊功》等级上限+2;暗金
590;白衣圣令;《无咎神功》威力百分比+10%;暗金
591;金丝软刺甲+5;反弹至宝1级：增加500+生命值*0.5%点反弹伤害（最高提升至5级）;暗金
594;纯阳宝剑;《纯阳剑法》攻击时，附基础伤害+10%;暗金
596;赤菩提;每次恢复生命时，武学攻击+100，可叠加10次;暗金
597;普斯曲蛇药;攻击+200;橙
598;普斯曲蛇药-任务;中毒：接到一个任务，要3个月内解毒，随机任务，要玩家提交其他不珍贵的丹药很多个。;暗金
600;打狗棒;《打狗棍法》等级上限+2;暗金
602;九环锡杖;所有武学攻击时，击退敌人行动条10%（自身回合内生效，一回合最多生效一次）;暗金
604;太华剑;五岳宗武学威力百分比+10%;暗金
605;三尸脑神丹;《玉女清心经》等级上限+1;暗金
606;素手仁心剑+5;医术施放后，随机清除目标身上的最高的基础负面状态100层;暗金
609;普斯曲蛇毒;;暗金
610;携徒历练;培养徒弟中，攻击和防御-50%。战斗中被攻击时有1%的概率导致徒儿丢失;金
611;黑化;因为徒儿丢失而获得的天赋，无法继续收徒，攻击和防御+100%;金
612;纯阳体;所有武学威力百分比+10%;金
613;纯阴体;所有武学造成的负面状态（流血、中毒、破甲、减速、内伤、残废）+40层数;金
614;阴毒无比;对敌附加6种负面状态时，层数+20%;金
615;阴气逼人;敌人每有一种负面状态，对其造成基础伤害+3%;金
616;阴阳调和;当前内力阴性提升%s%%的伤害输出当前内力阳性降低%s%%的承受伤害;金
617;阳气贯体;所有武学最终基础伤害+10%;金
618;烈阳无比;所有攻击力+10%;金
619;刀法伤害·普通;刀法武学造成基础伤害+9%;蓝
620;刀法伤害·传说;刀法武学造成基础伤害+30%;暗金
621;刀法伤害;刀法武学造成基础伤害+3%;绿
622;刀法伤害;刀法武学造成基础伤害+6%;绿
623;刀法伤害·精良;刀法武学造成基础伤害+12%;蓝
624;刀法伤害·优秀;刀法武学造成基础伤害+15%;紫
625;刀法伤害·极品;刀法武学造成基础伤害+18%;紫
626;刀法伤害·上乘;刀法武学造成基础伤害+21%;橙
627;刀法伤害·珍稀;刀法武学造成基础伤害+24%;橙
628;刀法伤害·绝世;刀法武学造成基础伤害+27%;金
629;剑法伤害;剑法武学造成基础伤害+3%;绿
630;拳掌伤害;拳掌武学造成基础伤害+3%;绿
631;奇门伤害;奇门武学造成基础伤害+3%;绿
632;腿法伤害;腿法武学造成基础伤害+3%;绿
633;暗器伤害;暗器武学造成基础伤害+3%;绿
634;剑法伤害;剑法武学造成基础伤害+6%;绿
635;拳掌伤害;拳掌武学造成基础伤害+6%;绿
636;奇门伤害;奇门武学造成基础伤害+6%;绿
637;腿法伤害;腿法武学造成基础伤害+6%;绿
638;暗器伤害;暗器武学造成基础伤害+6%;绿
639;剑法伤害·普通;剑法武学造成基础伤害+9%;蓝
640;拳掌伤害·普通;拳掌武学造成基础伤害+9%;蓝
641;奇门伤害·普通;奇门武学造成基础伤害+9%;蓝
642;腿法伤害·普通;腿法武学造成基础伤害+9%;蓝
643;暗器伤害;暗器武学造成基础伤害+9%;蓝
644;剑法伤害·精良;剑法武学造成基础伤害+12%;蓝
645;拳掌伤害·精良;拳掌武学造成基础伤害+12%;蓝
646;奇门伤害·精良;奇门武学造成基础伤害+12%;蓝
647;腿法伤害·精良;腿法武学造成基础伤害+12%;蓝
648;暗器伤害;暗器武学造成基础伤害+12%;蓝
649;剑法伤害·优秀;剑法武学造成基础伤害+15%;紫
650;拳掌伤害·优秀;拳掌武学造成基础伤害+15%;紫
651;奇门伤害·优秀;奇门武学造成基础伤害+15%;紫
652;腿法伤害·优秀;腿法武学造成基础伤害+15%;紫
653;暗器伤害;暗器武学造成基础伤害+15%;紫
654;剑法伤害·极品;剑法武学造成基础伤害+18%;紫
655;拳掌伤害·极品;拳掌武学造成基础伤害+18%;紫
656;奇门伤害·极品;奇门武学造成基础伤害+18%;紫
657;腿法伤害·极品;腿法武学造成基础伤害+18%;紫
658;暗器伤害;暗器武学造成基础伤害+18%;紫
659;剑法伤害·上乘;剑法武学造成基础伤害+21%;橙
660;拳掌伤害·上乘;拳掌武学造成基础伤害+21%;橙
661;奇门伤害·上乘;奇门武学造成基础伤害+21%;橙
662;腿法伤害·上乘;腿法武学造成基础伤害+21%;橙
663;暗器伤害;暗器武学造成基础伤害+21%;橙
664;剑法伤害·珍稀;剑法武学造成基础伤害+24%;橙
665;拳掌伤害·珍稀;拳掌武学造成基础伤害+24%;橙
666;奇门伤害·珍稀;奇门武学造成基础伤害+24%;橙
667;腿法伤害·珍稀;腿法武学造成基础伤害+24%;橙
668;暗器伤害;暗器武学造成基础伤害+24%;橙
669;剑法伤害·绝世;剑法武学造成基础伤害+27%;金
670;拳掌伤害·绝世;拳掌武学造成基础伤害+27%;金
671;奇门伤害·绝世;奇门武学造成基础伤害+27%;金
672;腿法伤害·绝世;腿法武学造成基础伤害+27%;金
673;暗器伤害;暗器武学造成基础伤害+27%;金
674;剑法伤害·传说;剑法武学造成基础伤害+30%;暗金
675;拳掌伤害;拳掌武学造成基础伤害+30%;暗金
676;奇门伤害·传说;奇门武学造成基础伤害+30%;暗金
677;腿法伤害·传说;腿法武学造成基础伤害+30%;暗金
678;暗器伤害;暗器武学造成基础伤害+30%;暗金
679;减少伤害;受到所有基础伤害-3%;绿
680;减少伤害;受到所有基础伤害-6%;绿
681;减少伤害·普通;受到所有基础伤害-9%;蓝
682;减少伤害·精良;受到所有基础伤害-12%;蓝
683;减少伤害·优秀;受到所有基础伤害-15%;紫
684;减少伤害·极品;受到所有基础伤害-18%;紫
685;减少伤害·上乘;受到所有基础伤害-21%;橙
686;减少伤害·珍稀;受到所有基础伤害-24%;橙
687;减少伤害·绝世;受到所有基础伤害-27%;金
688;减少伤害·传说;受到所有基础伤害-30%;暗金
689;恶不作的大砍刀;所有刀法武学附加1000伤害;蓝
690;善不为的狼牙棒;攻击附加破甲+5;蓝
691;缎面金花鞋;所有腿法基础伤害+10%;暗金
694;踏波飞云靴;角色行动移动格子数+1;暗金
696;千层百纳鞋;《十八罗汉腿法》攻击时，基础伤害+10%;暗金
700;八十斤铁鞋+10;移动格子-1;暗金
701;燕国玉玺;受到致命伤害时，血量最低下降到1点。单局内可触发2次。;金
702;燕国玉玺·二;战斗产出武学经验+20%（不可叠加生效）;金
703;铁掌令;登场时召唤一个铁掌帮弟子;橙
705;霸道小成;每月仁义值-2（仁义值小于-50后不再降低）;绿
706;朱家传家宝刀;装备后攻击时附带流血+10，每回合行动开始扣除自身500点生命值;暗金
707;了知的铜棍;少林拳掌武学附加5000伤害，角色行动移动格子数-1;暗金
708;钟达的拳套;装备后反击率+5%，防御-5%;暗金
709;金书蕾的佩剑;装备后攻击男性角色基础伤害+5%，攻击女性角色伤害-5%;暗金
710;方家传世玉镯;战斗中首次受到少林派武学基础伤害-30%;暗金
711;静坐专用垫;战斗开始时进度条后退30%;暗金
712;剑宗的衣服;装备后变为剑宗弟子造型;暗金
713;岳天傲的剑;装备后狂风剑法能够额外造成一次伤害;暗金
714;铜币掉落;战斗后铜币掉落数量+20%（不可叠加生效）;绿
715;一击必杀;角色暴击伤害倍数+30%;金
716;大漠金鹿甲+5;单局内受到首次拳掌基础伤害-80%;暗金
717;大漠青狮甲+5;单局内受到首次剑法基础伤害-80%;暗金
718;武侠插画全集;战斗产出角色经验+20%（不可叠加生效）;紫
719;武侠小说全集;战斗产出武学经验+20%（不可叠加生效）;紫
720;重金拳套;《三阳神拳》攻击时，附基础伤害+10%;橙
721;本草纲目;每回合开始减少自身10层流血和10层中毒;蓝
722;毒铁手套;五毒教武学攻击造成伤害后附加中毒+10;蓝
723;贴身肚兜;释放《天仙续命丹》后，使目标单位行动条前进50%;橙
724;家传玉镯;战斗后铜币掉落数量+10%（不可叠加生效）;绿
725;万家酒葫芦;装备后每回合50%概率进入醉酒状态;暗金
726;黄庭经;奋起1级：退场时50%概率再次登场，恢复10%生命和真气，一场战斗触发一次。（最高叠加到4级）;橙
727;暗器橙色;使用暗器武学时，基础攻击+15%;金
728;飒沓如流星;使用剑法武学时，基础攻击+15%;橙
729;飘然若仙子;使用腿法武学时，基础攻击+15%;橙
730;棍法橙色;使用奇门武学时，基础攻击+15%;金
731;冷月映寒芒;使用刀法武学时，基础攻击+15%;橙
732;虎啸吞龙吟;使用拳法武学时，基础攻击+15%;橙
733;真气如剑·极;太华君子剑威力+20%，攻击额外附带攻击*20%的伤害;橙
734;执子之手·化;极速2级：开局行动条前进8%（可叠加至7级）;暗金
735;剑神传人·极;九式·求败剑诀威力百分比+20%，破招率+7%;橙
736;鹏沐霖雨;开局第一回合减伤10%可通过特定心愿奖励进化天赋;紫
737;空空如也;真气上限+500，每回合回真气+50，《纯阳拳法》威力+10%可通过特定心愿奖励进化天赋;紫
738;大侠之心;攻击+100，拳掌精通+5，《降龙问天掌》威力增加5%，连招率+5%可通过特定心愿奖励进化天赋;紫
739;销魂滋味·极;连击率+5%，《伤心欲绝掌》击中敌人时，消耗敌人1000真气值;橙
740;重剑无锋·极;《玄铁巨剑法》的威力+20%，每次攻击附带攻击*10%的伤害;橙
741;流星蝴蝶·化;连击率+10%，《伤心欲绝掌》《玄铁巨剑法》威力+25%，全真教武学等级上限+1。可通过特定心愿奖励进化天赋;暗金
742;生死判官;暴击伤害倍数+5%，《无上元气针》威力+5%可通过特定心愿奖励进化天赋;紫
743;折梅远送;《六阴破脉手》威力+10%可通过特定心愿奖励进化天赋;紫
744;音画同鸣;闪避值+500，开局获得真气的20%作为护盾可通过特定心愿奖励进化天赋;紫
745;千里不留行;拳掌精通+5，暴击率+5%，《天地四相掌》威力+10%可通过特定心愿奖励进化天赋;紫
746;脉脉无语;反击率+5%，反击成功时，对周围3*3敌人附加残废+5可通过特定心愿奖励进化天赋;紫
747;盈盈无间;反击率+5%，反击成功时，对周围3*3队友附加坚韧+5可通过特定心愿奖励进化天赋;紫
748;朝思暮想;该天赋仅在拥有天赋红豆相思时起效：战斗开始时增加50%最大生命值的护盾，所有武学造成基础伤害+25%;金
749;同生共死;该天赋仅在拥有天赋生死与共后起效：战斗开始时增加10%最大生命值的护盾，所有武学造成基础伤害+5%;金
750;剑神传人·化;九式·求败剑诀威力百分比+100%，破招率+20%;暗金
751;剑神传人·狂;九式·求败剑诀威力百分比+40%，破招率+12%;金
752;真气如剑·化;太华君子剑威力百分比+100%，攻击额外附带攻击*30%的伤害;暗金
753;真气如剑·狂;太华君子剑威力百分比+40%，攻击额外附带攻击*20%的伤害;金
754;大侠之心·狂;攻击+500，拳掌精通+50，《降龙问天掌》威力增加25%，连招率+30%;金
755;大侠之心·极;攻击+250，拳掌精通+25，《降龙问天掌》威力增加15%，连招率+15%;橙
756;空空如也·狂;真气上限+4000，每回合回真气+400，《纯阳拳法》威力+30%;金
757;空空如也·极;真气上限+2000，每回合回真气+200，《纯阳拳法》威力+15%;橙
758;重剑无锋·狂;《玄铁巨剑法》威力+40%，每次攻击附带攻击*20%的伤害;金
759;重剑无锋·化;《玄铁巨剑法》威力+100%，每次攻击附带攻击*40%的伤害;暗金
760;销魂滋味·化;连击率+10%，《伤心欲绝掌》击中敌人时，额外消耗敌人5000真气值;暗金
761;销魂滋味·狂;连击率+8%，《伤心欲绝掌》击中敌人时，额外消耗敌人2000真气值;金
762;生死判官·化;暴击伤害倍数+20%，《无上元气针》威力+100%，使用《无上元气针》攻击每次附加暗器精通*8的伤害;暗金
763;生死判官·狂;暴击伤害倍数+15%，《无上元气针》威力+20%，使用《无上元气针》攻击附加暗器精通*4的伤害;金
764;折梅远送·化;《六阴破脉手》威力+50%，使用《六阴破脉手》攻击时额外附加攻击*15%的伤害;暗金
765;折梅远送·狂;《六阴破脉手》威力+20%，使用《六阴破脉手》攻击时额外附带武学攻击*10%伤害;金
766;千里不留行·狂;拳掌精通+35，暴击率+12%，《天地四相掌》威力+40%;金
767;千里不留行·极;拳掌精通+25，暴击率+8%，《天地四相掌》威力+20%;橙
768;脉脉无语·狂;反击率+12%，反击成功时，对周围3*3敌人附加残废+15;金
769;脉脉无语·化;反击率+20%，反击成功时，对周围3*3敌人附加残废+20;暗金
770;盈盈无间·狂;反击率+12%，反击成功时，对周围3*3队友附加坚韧+15;金
771;盈盈无间·化;反击率+20%，反击成功时，对周围3*3队友附加坚韧+20;暗金
772;逆天改命;可学武学数量上限+2;暗金
773;万佛朝宗+10;普度众生1级：所有拳法杀死目标时，以目标的20%生命值造成全屏伤害（上限100000+我方生命*50%）;金
774;真龙气脉;战斗开始增加真气*20%的护盾;金
776;鹏沐霖雨·化;开局第一回合减伤50%;暗金
778;音画同鸣·化;闪避率+5%，开局获得真气的50%作为护盾;暗金
779;弹指之间·极;《玄机弹指》威力+10%，使用《玄机弹指》攻击每次附带当攻击*10%的伤害;橙
780;仙人酿酒·极;暴击伤害倍数+10%，《醉八仙掌法》的威力+15%，绝招威力+20%;橙
781;仙人酿酒;暴击伤害倍数+5%，《醉八仙掌法》的威力+5%，绝招威力+10%可通过特定心愿奖励进化天赋;紫
782;弹指之间;《玄机弹指》威力+10%，可通过特定心愿奖励进化天赋;紫
783;仙人酿酒·狂;暴击伤害倍数+15%，《醉八仙掌法》的威力+30%，绝招威力+40%;金
784;仙人酿酒·化;暴击伤害倍数+20%，《醉八仙掌法》的威力+50%，绝招威力+70%;暗金
785;弹指之间·狂;《玄机弹指》威力+40%，使用《玄机弹指》攻击每次附带攻击*20%的伤害;金
786;弹指之间·化;《玄机弹指》威力+100%，使用《玄机弹指》攻击每次附带攻击*30%的伤害;暗金
788;销魂滋味;《伤心欲绝掌》击中敌人时，额外消耗敌人500真气值可通过特定心愿奖励进化天赋;紫
789;重剑无锋;《玄铁巨剑法》的威力+10%，每次攻击附带攻击*5%的伤害可通过特定心愿奖励进化天赋;紫
790;流星蝴蝶;连击率+5%可通过特定心愿奖励进化天赋;紫
791;真气如剑;太华君子剑威力百分比+10%，剑法精通+20可通过特定心愿奖励进化天赋;紫
792;执子之手;灵巧+20；极速1级：开局行动条前进5%（可叠加至7级）可通过特定心愿奖励进化天赋;紫
793;剑神传人;九式·求败剑诀威力百分比+10%,破招率+5%可通过特定心愿奖励进化天赋;紫
794;尝遍四海;;橙
795;风氏酒葫芦（暂不用）;提高你对剑法20%的破招率，第三次必定识破;金
796;力能扛鼎（暂不用）;使用伤心欲绝掌，玄铁巨剑法，玉女派武学连击率+10%，第二次使用时必定连击;绿
797;不遗余力;触发连招时，本次基础伤害+20%，真气消耗提升40%;暗金
799;起死回生;奋起1级：退场时50%概率再次登场，恢复10%生命和真气，一场战斗触发一次（最高叠加到4级）;暗金
800;剑法精通-初学;剑法精通+10;绿
801;洪荒之力;攻击时如果忽视防御大于100%，则对3*3范围敌人造成额外伤害（每超过1%，额外造成1%伤害，最高50%）;暗金
802;力满则溢;若自身的暴击值大于敌方所有角色的暴击值，攻击时可对目标周围3*3的敌人造成20%的额外伤害;暗金
804;共享真气;回合开始时，吸收周围3*3队友当前剩余真气的10%给自己;金
805;穷追猛打;对减速的敌人伤害+15%;金
806;拳拳到肉;攻击真气为0的敌人时，附加攻击*150%的额外伤害;紫
807;利刃出鞘;所有附加流血状态造成流血状态*500的额外伤害;紫
808;极限外伤;攻击敌人后，如果敌人的流血>=100，造成敌人最大生命值5%的直接伤害（最多造成200000伤害，每回合生效1次）;暗金
809;生生不息;每当成功发动吸血效果时，额外恢复自身最大生命值的10%（每局最多触发3次）;暗金
810;浑身剧毒;被攻击时，对攻击者附加中毒+30;暗金
811;剧毒蔓延;攻击中毒目标时，将目标身上100%的中毒层数，扩散给周围3*3的其他敌人（受到层峰叠浪的影响，每回合至多生效一次）;暗金
812;事先下毒;全场敌人的中毒抗性-50;橙
813;排山倒海;攻击时如果暴击，自身增加2层铸剑蓄力（每回合最多生效一次）;暗金
814;绵绵不绝;攻击时，附加一次以170%威力对全屏敌人造成伤害的内功普通攻击（一场战斗只生效一次）;暗金
820;拳掌精通-初学;拳掌精通+10;绿
821;奇门精通-初学;奇门精通+10;绿
822;医术精通-初学;医术精通+10;绿
823;暗器精通-初学;暗器精通+10;绿
824;刀法精通-初学;刀法精通+10;绿
830;神功-太极拳;以反击打出太极拳时，太极拳范围增大到3*3;暗金
831;神功-太极剑;以反击打出太极剑时，太极剑范围增大到3*3;暗金
832;以柔克刚;被暴击时，如发动反击，则可额外打出2次反击武学;暗金
833;毁天灭地;一回合打出10次连招时，触发自身习得的所有绝招;暗金
834;同舟共济;发动援护防御时，将自身的疗伤层数的50%，加给援护的队友;紫
835;破釜沉舟;开局时获得额外30%的生命值上限和真气上限，受到所有基础伤害+10%;橙
836;易筋洗髓·化;被击时100%几率免疫被吸真气及真气燃烧效果;暗金
837;金刚不破·化;流血抗性+100;暗金
838;金刚不破·狂;流血抗性+80;金
839;金刚不破;流血抗性+50;橙
840;醒神明目·狂;被击时50%几率免疫眩晕;金
841;醒神明目;被击时30%几率免疫眩晕;橙
842;百毒不侵;中毒抗性+50;橙
843;百毒不侵·狂;中毒抗性+80;金
844;铁手铜臂;残废抗性+50;橙
845;铁手铜臂·狂;残废抗性+80;金
846;老僧入定;内伤抗性+50;橙
847;老僧入定·狂;内伤抗性+80;金
848;金戈铁甲;破甲抗性+50;橙
849;金戈铁甲·狂;破甲抗性+80;金
850;易筋洗髓;被击时30%几率免疫被吸真气及真气燃烧效果;橙
851;生死判官;暴击伤害倍数+10%，《无上元气针》威力+15%;紫
852;虚弱;被人重伤，本月全属性降低20%;暗金
853;菩萨的怜悯;丐帮武学威力百分比增加10%;金
854;任天行的战袍;受到攻击时，可将攻击者消耗的真气化为自身真气;暗金
855;逃脱;受击时有30%几率施放轻功，每次回合外只触发一次;金
856;奉旨乞讨+5;攻击时可偷取铜币;暗金
857;五毒蛊囊+10;强化中毒1级：使每层中毒的效果提升至减少敌人血量60点血量，减少真气20点（敌方受到中毒效果取我方等级最高的效果）;暗金
858;长生门内传弟子;长生门武学等级上限+1;橙
859;腿法精通-初学;腿法精通+10;绿
860;内功精通-初学;内功精通+10;绿
861;剑法精通-熟练;剑法精通+15;蓝
862;刀法精通-熟练;刀法精通+15;蓝
863;暗器精通-熟练;暗器精通+15;蓝
864;医术精通-熟练;医术精通+15;蓝
865;奇门精通-熟练;奇门精通+15;蓝
866;拳掌精通-熟练;拳掌精通+15;蓝
867;内功精通-熟练;内功精通+15;蓝
868;腿法精通-熟练;腿法精通+15;蓝
869;仁道天成;每月仁义值+10（仁义值大于50后不再增加）;蓝
870;霸道天成;每月仁义值-10（仁义值小于-50后不再降低）;蓝
871;吸血-初学;吸血率+5%;蓝
872;减速抗性;减速抗性+20;绿
873;流血抗性;流血抗性+20;绿
874;破甲抗性;破甲抗性+20;绿
875;中毒抗性;中毒抗性+20;绿
876;内伤抗性;内伤抗性+20;绿
877;残废抗性;残废抗性+20;绿
878;恢复真气;每回合回真气+500;绿
879;真气上限;真气上限+2000;蓝
880;吸血-熟练;吸血率+10%;金
881;恢复生命-初学;每回合恢复生命值+300;绿
882;反击;反击值+800;金
883;恢复生命-熟练;每回合恢复生命值+500;蓝
884;十步杀一人;剑法精通+10，《灭绝剑法》威力+10%可通过特定心愿奖励进化天赋;紫
885;十步杀一人·化;剑法精通+100，《灭绝剑法》威力+100%，暴击伤害倍数+50%;暗金
886;十步杀一人·狂;剑法精通+75，《灭绝剑法》威力+40%，暴击伤害倍数+25%;金
887;十步杀一人·极;剑法精通+10，《灭绝剑法》威力+20%，暴击伤害倍数+10%;橙
888;纹银匕首;暴击值+600;金
889;侠客行;闪避值+500，开局第一次攻击额外造成敌人攻击*20%的伤害可通过特定心愿奖励进化天赋;紫
890;侠客行·化;闪避值+1000，开局首次攻击额外造成攻击*50%的伤害;暗金
891;黄粱旧梦;反弹率+5%，反击成功时，自身添加疗伤+5可通过特定心愿奖励进化天赋;紫
892;黄粱旧梦·化;反弹率+10%，反击成功时，自身添加疗伤+10;暗金
893;君子鞋（暂不用）;每次受击增加3%反击率，第3次反击率增加100%（中途发生反击会删除附加的反击率）;金
894;生亦何欢;援护防御后提升周围3*3队友5%的真气可通过特定心愿奖励进化天赋;紫
895;生亦何欢·极;援护防御后提升周围3*3队友10%的真气;橙
896;生亦何欢·狂;援护防御1级：周围3*3队友受到攻击时，有20%几率援护防御，以自身防御分担20%伤害援护防御后提升周围3*3队友15%的真气;金
897;生亦何欢·化;援护防御1级：周围3*3队友受到攻击时，有20%几率援护防御，以自身防御分担20%伤害援护防御后提升周围3*3队友20%的真气;暗金
898;死亦何苦;援护防御1级：周围3*3队友受到攻击时，有20%几率援护防御，以自身防御分担20%伤害援护防御后对攻击者随机添加一种基础负面状态+5可通过特定心愿奖励进化天赋;紫
899;熊熊圣火;被攻击后有20%几率为自身随机添加一个正面状态+5可通过特定心愿奖励进化天赋;紫
900;熊熊圣火·化;被攻击后有20%几率为自身随机添加一个正面状态+10;暗金
901;拳掌精通-珍稀;拳掌精通+30;金
902;腿法精通-珍稀;腿法精通+30;金
903;偷袭失败;战斗开始行动条推进80%;暗金
904;偷袭成功;进入战斗时损失当前生命值的50%;暗金
905;白衣之怒;愤怒了;金
50058;剑气破空3级;剑法伤害+12%;橙
50059;剑气破空4级;剑法伤害+18%;金
50060;剑气破空5级;剑法伤害+24%;暗金
909;白衣之怒·真;震怒;暗金
910;天阴控心丹（毒发）;进入战斗，生命值仅有10%，真气和真气恢复变为0，可通过再次服用天阴控心丹使其发作期限推迟一年;暗金
911;拳剑双绝;拳掌精通和剑法精通取较高值;暗金
912;奇暗双绝;奇门精通和暗器精通取较高值;暗金
913;天行宝衣;受到攻击时会吸收敌人的1000+2%最大真气（最多10000点）;暗金
914;腿暗双绝;腿法精通和暗器精通取较高值;暗金
915;腿奇双绝;腿法精通和奇门精通取较高值;暗金
916;剑暗双绝;剑法精通和暗器精通取较高值;暗金
917;剑奇双绝;剑法精通和奇门精通取较高值;暗金
918;剑腿双绝;剑法精通和腿法精通取较高值;暗金
919;刀暗双绝;刀法精通和暗器精通取较高值;暗金
920;刀奇双绝;刀法精通和奇门精通取较高值;暗金
921;刀腿双绝;刀法精通和腿法精通取较高值;暗金
922;刀剑双绝;刀法精通和剑法精通取较高值;暗金
923;拳暗双绝;拳掌精通和暗器精通取较高值;暗金
924;拳奇双绝;拳掌精通和奇门精通取较高值;暗金
925;拳腿双绝;拳掌精通和腿法精通取较高值;暗金
926;拳刀双绝;拳掌精通和刀法精通取较高值;暗金
927;拳医双绝;拳掌精通和医术精通取较高值;暗金
928;内拳双绝;内功精通和拳掌精通取较高值;暗金
929;内医双绝;内功精通和医术精通取较高值;暗金
930;腿医双绝;腿法精通和医术精通取较高值;暗金
931;暗医双绝;暗器精通和医术精通取较高值;暗金
932;奇医双绝;奇门精通和医术精通取较高值;暗金
933;刀医双绝;刀法精通和医术精通取较高值;暗金
934;剑医双绝;医术精通和剑法精通取较高值;暗金
935;内腿双绝;内功精通和腿法精通取较高值;暗金
936;内刀双绝;内功精通和刀法精通取较高值;暗金
937;内剑双绝;内功精通和剑法精通取较高值;暗金
938;内奇双绝;内功精通和奇门精通取较高值;暗金
939;内暗双绝;内功精通和暗器精通取较高值;暗金
940;独孤求败·狂;剑法武学命中率+100%;金
941;独孤求败·化;剑法武学命中率+150%;暗金
942;虚无缥缈·狂;减速抗性+80;金
943;虚无缥缈·化;减速抗性+100;暗金
944;醒神明目·化;被击时100%几率免疫眩晕;暗金
945;火眼金睛·狂;攻击时50%几率免疫反击;金
946;火眼金睛·化;攻击时100%几率免疫反击;暗金
947;鬼魅身段·狂;攻击时50%几率免疫反弹;金
948;鬼魅身段·化;攻击时100%几率免疫反弹;暗金
949;见龙在田;攻击后有10%几率返还施放技能所消耗真气;橙
950;见龙在田·狂;攻击后有20%几率返还施放技能所消耗真气;金
951;见龙在田·化;攻击后有30%几率返还施放技能所消耗真气;暗金
952;根基稳固·狂;被击时50%几率免疫击退和吸附效果;金
953;根基稳固·化;被击时100%几率免疫击退和吸附效果;暗金
954;（专属）生命光环;不上阵时可在场边助战：全体友方生命值回复+500;绿
955;（专属）真气光环;不上阵时可在场边助战：全体友方真气回复+500;绿
956;欢喜袈裟;战斗能发出笑声;紫
957;铁罗汉;所有少林寺外功武学等级上限+1;橙
958;神农鼎+5;回合结束时解除自身最高层数的负面状态100层;暗金
959;华佗青囊书;每回合自动解除15层基础负面状态;紫
960;神秘真气;宇文珂注入我体内的神秘真气，若是不在四年内解除，恐有性命之虞;暗金
961;金蛇针匣;暗器武学每攻击一人次额外消耗铜钱500, 基础伤害+15%;金
962;龙头拐杖;《玄机腿法》攻击时，附基础伤害+10%;橙
963;唐布袋的禅杖;奇门武学威力百分比+5%;橙
964;素染桃花+5;使用内功武学后，对周围3*3敌人附加内伤+20;暗金
965;沉香扇;场上每多一个龙门镖局友方，攻击时造成基础伤害+5%（最多提升20%）;暗金
966;白玉扇;自身行动时, 吟诗助兴;金
967;清凉扇;角色行动时, 如果有烈火真气或烈阳真气, 那么立刻获得寒冰真气;金
968;阴阳宝扇;龙门武学攻击时，附加2000点伤害;橙
969;打穴铁骨扇;奇门武学对敌人行动条击退10%;金
970;暴雨梨花;暗器精通+500;暗金
971;仙鹤翎（暂不用）;暗器攻击单体造成基础伤害+50%;暗金
972;金蜂针匣+5;使用暗器武学攻击后对敌方和自身同时附加中毒+50（自身回合内生效，一回合最多生效一次）;暗金
973;李若愁的针囊;暗器武学攻击造成伤害后附加中毒+10;金
974;阎王针;释放医术武学最终治疗+10%;金
975;柯氏伏魔杖;暴击率+5%;紫
976;青竹杖;《倾城腿法》威力百分比+10%;暗金
977;璎珞飞针;《玄机弹指》威力百分比+10%;暗金
978;霹雳雷火杖+5;暴击时，附加残废+20;暗金
979;蟾蜍毒砂杖+5;使用腿法武学后，对周围3*3目标施放中毒+20（每回合仅一次）;暗金
980;秋月的领悟;医术武学治疗效果+10%;橙
981;玄铁金针+10;强化弹射1级：暗器弹射时，威力为上一次的80%（初始值为70%）;暗金
982;迅雷;极速1级：开局进度条前进到至5%（可叠加至7级）;紫
983;回春针匣;《枯木逢春》治疗附加生命1500点;紫
984;乌金衣+5;战斗开始时，增加真气*20%的护盾;紫
985;真·大理玉玺+5;受到致命伤害能保留1点生命（一场战斗最多触发二次）;紫
986;玉鞋+5;战斗开始时，增加攻击*80%的护盾;紫
987;白马金铃+5;战斗开始时，增加攻击*60%的护盾;紫
988;青竹;奇门武学攻击额外造成减速+10;紫
989;灵蛇;毒牙杖法威力百分比+4%;紫
990;碧波;《七十二峰飞仙剑》攻击时，额外附基础伤害+10%;紫
991;黑指虎;《神武剑法》威力百分比+10%;紫
992;大燕皇族;反击率+10%;紫
993;铁掌;战斗开始时，增加攻击*70%的护盾;紫
994;太极真武;反击值+300，反击造成的基础伤害+5%;紫
995;避毒;每回合自动清除中毒15;紫
996;青臂;闪避值+300;紫
997;昆仑结;反弹率+5%;紫
998;神判;攻击附加残废10;紫
999;垂珠;玄机门剑法连击值+200;紫
1000;火烧;奇门武学攻击额外造成内伤+10;紫
1001;降魔;刀法武学绝招率+5%;紫
1002;九损佛尘;武当、全真武功额外附加1500点伤害;紫
1003;金麟;五岳派剑法武学附加中毒+15;紫
1004;外天剑;峨嵋剑法威力+10%;紫
1005;紫薇;《九式·求败剑诀》威力百分比+10%;紫
1006;金童剑;全真剑法威力百分比+10%;紫
1007;玉女剑;《飘雪穿云剑》威力百分比+10%;紫
1008;仁者无敌;刀法武学威力百分比+10%;紫
1009;虎虎生威;附加破甲抗性10，残废抗性10;紫
1010;闯王军刀;在藏宝洞穴中，战斗完美后再次遇到相同的敌人可跳过战斗;紫
1011;金剑黑刀;剑法攻击与刀法攻击附加破甲+5，内伤+5;紫
1012;赤焰刀;行动开始时有10%几率自动获得烈火真气;紫
1013;玄机传人;玄机门武学等级上限+1;紫
1014;童童的援助;不上阵时可在场边助战：飞飞和花花的效果翻倍;绿
1015;飞飞的援助;不上阵时可在场边助战：全体友方基础伤害+3%;绿
1016;花花的援助;不上阵时可在场边助战：全体治疗效果+3%;绿
1017;灵云-唯我之道;基础伤害+25%，仁义值每月-5;金
1018;灵云-仁善之道;增加20%减伤，仁义值每月+5;金
1019;灵云-中庸之道;基础伤害+10%、10%减伤;金
1020;奋起1级;角色濒临退场时50%概率触发奋起效果，可恢复10%生命和真气，一场战斗触发一次;紫
1021;奋起2级;角色濒临退场时100%概率触发奋起效果，可恢复10%生命和真气，一场战斗触发一次;橙
1022;奋起3级;角色濒临退场时100%概率触发奋起效果，可恢复50%生命和真气，一场战斗触发一次;金
1023;奋起4级;角色濒临退场时100%概率触发奋起效果，可恢复100%生命和真气，一场战斗触发一次;暗金
1024;极速1级;开局进度条前进到至5%;白
1025;极速2级;开局进度条前进到至8%;绿
1026;极速3级;开局进度条前进到至12%;蓝
1027;极速4级;开局进度条前进到至20%;紫
1028;极速5级;开局进度条前进到至30%;橙
1029;极速6级;开局进度条前进到至45%;金
1030;极速7级;开局进度条前进到至80%;暗金
1031;撕裂伤口1级;所有武学对流血状态的敌人造成基础伤害+3%;蓝
1032;撕裂伤口2级;所有武学对流血状态的敌人造成基础伤害+5%;紫
1033;撕裂伤口3级;所有武学对流血状态的敌人造成基础伤害+8%;橙
1034;撕裂伤口4级;所有武学对流血状态的敌人造成基础伤害+12%;金
1035;撕裂伤口5级;所有武学对流血状态的敌人造成基础伤害+18%;暗金
1036;暗中偷袭5级;所有武学对中毒状态的敌人造成基础伤害+18%;暗金
1037;暗中偷袭1级;所有武学对中毒状态的敌人造成基础伤害+3%;蓝
1038;暗中偷袭2级;所有武学对中毒状态的敌人造成基础伤害+5%;紫
1039;暗中偷袭3级;所有武学对中毒状态的敌人造成基础伤害+8%;橙
1040;暗中偷袭4级;所有武学对中毒状态的敌人造成基础伤害+12%;金
1041;援护防御1级;周围3*3队友受到攻击时，有20%几率援护防御，以自身防御分担20%伤害;蓝
1042;援护防御2级;周围3*3队友受到攻击时，有30%几率援护防御，以自身防御分担40%伤害;紫
1043;援护防御3级;周围3*3队友受到攻击时，有40%几率援护防御，以自身防御分担60%伤害;橙
1044;援护防御4级;周围3*3队友受到攻击时，有50%几率援护防御，以自身防御分担80%伤害;金
1045;援护防御5级;周围3*3队友受到攻击时，有100%几率援护防御，以自身防御分担100%伤害;暗金
1046;黑曜巨剑+10;如自身攻击大于敌方，使用拳掌或刀法攻击时，额外附加减速+100（只在自身攻击回合触发，每个回合最多触发一次效果）;暗金
1047;血海无涯1级;血海魔功基础伤害+10%;暗金
1048;血海无涯3级;血海魔功基础伤害+24%;暗金
1049;血海无涯2级;血海魔功基础伤害+16%;暗金
50202;鸾骞鹤舞·化;《青鸾凤舞》多段攻击次数+3；百里挑一2级：腿法武学攻击目标时，30%几率对其中一个敌人额外进行一次攻击（每回合限一次）;暗金
1051;血海无涯4级;血海魔功基础伤害+40%;暗金
1052;血海无涯5级;血海魔功基础伤害+60%;暗金
1053;一往无前;血海无涯1级：血海魔功基础伤害+10%（最高提升至5级）;暗金
1054;戾气;当前戾气   0/100无额外效果;金
1055;青龙偃月刀+5;攻击后对敌方附加减速+30（自身回合内生效，一回合最多生效一次）;暗金
1056;南诏铁柱+5;攻击后对敌方附加减速+30（自身回合内生效，一回合最多生效一次）;暗金
1057;踏波飞云靴+10;凌波仙子1级：回合外受到6次攻击后，暂时提升闪避率闪避率+50%，直到闪避1次后消失;暗金
1058;黑刀+5;攻击时如目标身上没有中毒状态，附加中毒+30;暗金
1059;蛇牙拳套+5;攻击时附加中毒，层数为自身中毒层数（每回合攻击最多附加一次，单次攻击最多附加200层）;暗金
1060;毒蛇棍+5;攻击附加中毒时额外提升50%的层数（最多额外附加25层）;暗金
1061;千层百纳鞋+5;《十八罗汉腿法》威力百分比+20%;暗金
1062;赤刀·化;《赤刀神功》等级+2;暗金
1063;赤刀·化+5;撕裂伤口Lv1，所有武学对流血目标基础伤害+3%（最高叠加到5级）;暗金
1064;逆鳞手套+10;如自身攻击大于敌方，使用拳掌或刀法攻击时，额外附加流血+100（只在自身攻击回合触发，每个回合最多触发一次效果）;暗金
1065;逆顺神针;攻击时如目标身上没有流血状态，附加流血+30;暗金
1066;大宝贝;《日月万光神针》威力百分比+10%;暗金
1067;大宝贝+10;余波微震1级：对多个目标附加负面状态时，其他目标层数是选中目标的20%（初始值为10%）;暗金
1068;纯阳宝剑+5;所有武学真气消耗+50%，造成基础伤害+15%;暗金
1069;金铃玉珠串+10;如自身攻击大于敌方攻击，额外附加内伤+100（只在自身攻击回合触发，每个回合最多触发一次效果）;暗金
1070;八宝扇;所有攻击附加破甲+15;暗金
1071;九天元阳杖+5;自身退场时，将剩余所有真气爆炸，每10点真气附加3点伤害（消耗真气上限值为最大真气*30%）;暗金
1072;天木神针+5;攻击已有内伤的敌人时，减少敌人最大真气*5%+1000的真气（最大降低5000点真气）;暗金
1073;天行宝衣+5;受到暴击时会吸收敌人的2000+3%最大真气（最高5000点）;暗金
1074;七宝戒指+5;攻击真气小于10%的敌人基础伤害+10%;暗金
1075;白衣圣令+5;攻击目标时附加气伤，使目标施放武学时真气消耗+100%;暗金
1076;虎头铡刀+10;如自身攻击大于敌方攻击，额外附加内伤+100（只在自身攻击回合触发，每个回合最多触发一次效果）;暗金
1077;龙门镖旗+5;使用奇门武学后，对周围3*3敌人附加残废+20;暗金
1078;北斗七星剑+5;自身拥有蓄力状态时，所有武学攻击附加破甲+20;暗金
1079;八宝扇+10;强化破甲1级：使每层破甲的效果提升至防御减少6（敌方受到破甲效果取我方等级最高的效果）;暗金
1080;缎面金花鞋+5;所有腿法忽视防御率+10%;暗金
1081;乌蚕衣;防御提升率+15%;暗金
1082;乌蚕衣+5;破甲抗性+50;暗金
1083;冷月宝刀;敌人每多一种基础负面状态，造成基础伤害+5%;暗金
1084;雌雄龙凤环+5;攻击有6种基础负面状态的敌人时，基础伤害+30%;暗金
1085;倚天剑+5;暴击率+10%;暗金
1086;屠龙刀;暴击值+900;暗金
1087;屠龙刀+10;抬棺死战1级：生命值低于50%时，最终基础伤害+5%，每低5%生命增加1%最终伤害;暗金
1088;降龙伏虎棍;使用奇门武学时，对攻击范围中心的敌人暴击率增加20%;暗金
1089;大漠防沙靴;暴击抵抗值+1000;暗金
1090;大漠防沙靴+5;被暴击时，基础伤害-20%;暗金
1091;紫金八卦镜;暴击抵抗值+1000;暗金
1092;紫金八卦镜+5;受到暴击时，获得生命值10%的护盾（最大100W点，每场战斗最多生效5次）;暗金
1093;越王剑;只攻击一个敌人时，基础伤害+15%，超过一个敌人时，伤害-5%;暗金
1094;石锤与石锁;只攻击一个敌人时，附加击退+1;暗金
1095;石锤与石锁+5;当目标被人物阻挡无法击退目标时，造成基础伤害+20%;暗金
1097;灵蛇吐信剑;攻击附加破甲+15;暗金
1098;灵蛇吐信剑+10;攻击破甲>50的敌人时，额外附加剑法精通*10的伤害（每回合至多生效1次）;暗金
1099;九环金刀+10;致命追击1级：每击败一个敌人，行动条前进20%（每回合最多额外前进100%）;暗金
1100;贪吃罗汉拳套+10;穷击猛打1级：所有武学对减速目标基础伤害+3%;暗金
1101;阴阳双面扇;攻击时根据命中数量增加最终伤害，每个敌人增加2%（最多增加10%）;暗金
1102;五岳令旗;当场上友方多于敌方时，每多一人，自身造成基础伤害+3%（最高30%）;暗金
1103;春秋羽扇;开局第一次攻击，使目标一回合造成基础伤害-50%;暗金
1104;璧蟾玉佩+10;中毒抗性1级：中毒抗性+30（最高升至5级）;暗金
1105;璧蟾玉佩+5;中毒抗性+50;暗金
1106;月牙铲;开局第一次释放奥义攻击，使目标封印剑系武学一回合;金
1107;银索三节杖;开局第一次释放奥义攻击，使目标封印刀系武学一回合;金
1108;烟云柔骨扇;开局第一次奥义攻击，使目标封印拳系武学一回合;金
1109;大漠黑鹫甲+5;单局内受到首次刀法基础伤害-80%;暗金
1110;赤菩提+5;流血抗性+50;暗金
1111;玉箫;受到内功武学攻击时基础伤害-10%;暗金
1112;玉箫+5;受到攻击时，如自身攻击大于敌人攻击，受到基础伤害-10%;暗金
1113;灵芝仙草扇;吸血率+15%;暗金
1114;灵芝仙草扇+5;自身恢复血量时，可使所有队友同步恢复血量，队友恢复血量为自身恢复血量的30%（单次最高100000点且每回合只触发一次）;暗金
1115;素手仁心剑;医术治疗效果+15%;暗金
1117;龙泉宝剑+5;一回合使用非剑法武学时，下回合使用剑法武学造成基础伤害+15%;暗金
1118;焰形刀;一回合使用非刀法武学时，下回合使用刀法武学附加流血+30;暗金
1119;无情铁手+5;一回合使用非拳掌武学时，下回合使用拳掌武学造成基础伤害+30%;暗金
1120;贝叶经+10;回合外受到5次伤害后，自身获得70%减伤效果，在自身回合开始时，此效果消失;暗金
1121;五岳锦云扇;剑法精通低于内功精通时，涉及到剑法精通数值时按照内功精通计算（开发中）;暗金
1122;无影袖箭;拳掌精通低于暗器精通时，涉及到拳掌精通数值时按照暗器精通计算（开发中）;暗金
1123;八棱八刃双杖;刀法精通低于腿法精通时，涉及到刀法精通数值时按照腿法精通计算（开发中）;暗金
1124;太华剑+10;所有回合外使用的武学基础伤害+15%;暗金
1125;打狗棒+5;连招率+10%;暗金
1126;璎珞飞针+5;玄机门武学基础伤害+15%;暗金
1127;寒玉玉佩+5;连击造成的基础伤害+30%;暗金
1128;真武剑+5;《太极拳》《太极剑》威力+20%;暗金
1129;阿里心经;商店购买物品折扣10%;紫
1130;铁片剑;所有剑法武学命中率+10%;暗金
1131;无招胜有招1级;所有随机多次武学攻击单体目标时后续伤害为上一次伤害的60%（初始值为50%）;暗金
1132;无招胜有招2级;所有随机多次武学攻击单体目标时后续伤害为上一次伤害的70%;暗金
1133;无招胜有招3级;所有随机多次武学攻击单体目标时后续伤害为上一次伤害的80%;暗金
1134;无招胜有招4级;所有随机多次武学攻击单体目标时后续伤害为上一次伤害的85%;暗金
1135;无招胜有招5级;所有随机多次武学攻击单体目标时后续伤害为上一次伤害的90%;暗金
1136;奉旨乞讨;提高乞讨成功率;暗金
1137;天龙伏魔棍+5;使用奇门武学时，对中心点敌人额外附加破甲+20;暗金
1138;金丝软刺甲;反弹倍数+25%;暗金
1139;蛟龙出海;每消耗5000真气，下回合获得1%伤害加成，上限30%;金
1141;焰形刀+5;一回合使用非刀法武学时，下回合使用刀法武学额外造成30%伤害;暗金
1143;太极圆武;当前等级0级（0/3)，反击率增加0%，反击时暴击率、暴击倍数增加0%;金
1144;戾气;当前戾气   0/100无额外效果;金
1145;守心克己1级;暴击后，降低自身暴击值500点，提升5%的四项基础属性（生命、真气、攻击、防御），可叠加1次;蓝
1146;守心克己2级;暴击后，降低自身暴击值400点，提升5%的四项基础属性（生命、真气、攻击、防御），可叠加2次;紫
1147;守心克己3级;暴击后，降低自身暴击值300点，提升5%的四项基础属性（生命、真气、攻击、防御），可叠加3次;橙
1148;守心克己4级;暴击后，降低自身暴击值200点，提升5%的四项基础属性（生命、真气、攻击、防御），可叠加3次;金
1149;守心克己5级;暴击后，不再降低自身暴击值，提升5%的四项基础属性（生命、真气、攻击、防御），可叠加5次;暗金
1150;翡翠剑+5;剑法武学背击时，基础伤害+10%;橙
1151;仙鹤翎+5;暗器攻击单体造成基础伤害+15%;暗金
1152;前朝将军甲+5;受击时恢复1%*最大真气值（自身行动间隔内最多触发一次，上限2w）;暗金
1153;君子鞋+5;受击时反击率+3%（可叠加7次）;暗金
1154;游氏双绝杖;《如影随形腿》威力百分比+10%;橙
1155;龙头铁棍;《毒龙棍法》威力百分比+10%;橙
1156;星魂剑+10;《玄铁巨剑法》连击率+10%;橙
1157;天龙舍利子;《烈阳禅指》攻击时，附基础伤害+10%;橙
1158;杭州府印;受到致命伤害能保留1点生命（一场战斗只能触发一次）;紫
1159;神州真龙玺+10;受到致命伤害能保留1点生命（一场战斗最多触发三次）;紫
1160;飞雪剑+5;极速1级：开局进度条前进到至5%（可叠加至7级）;紫
1161;长空剑;《三劫连环剑》威力百分比+10%;紫
1162;霹雷刀;《九霄惊雷刀法》攻击时，附基础伤害+10%;紫
1164;踏雪鞋+5;生命值低于50%时，速度值+100;紫
1165;三山拳套;《排云流火掌》威力百分比+10%;紫
1166;销魂腰带;白衣教武学威力百分比+10%，白衣教武学基础伤害+20%;紫
1167;踏雪鞋;速度值+50;紫
1168;珊瑚佛珠;受到剑法武学攻击基础伤害-5%;紫
1169;红琥珀;受到刀法武学攻击基础伤害-5%;紫
1170;砗磲贝;受到拳掌武学攻击基础伤害-5%;紫
1171;玛瑙宝瓶;受到奇门武学攻击基础伤害-5%;紫
1172;琉璃宝伞;受到腿法武学攻击基础伤害-5%;紫
1173;赤刀·化;撕裂伤口Lv1，所有武学对流血目标基础伤害+3%（最高叠加到5级）;暗金
1175;赤刀·真;撕裂伤口Lv1，所有武学对流血目标基础伤害+3%（最高叠加到5级）;暗金
1176;赤刀·狂;撕裂伤口Lv1，所有武学对流血目标基础伤害+3%（最高叠加到5级）;暗金
1177;风氏酒葫芦;提高你对剑法5%的破招率;金
1178;普度众生1级;所有拳法杀死目标时，以目标的20%生命值造成全屏伤害（上限100000+我方生命*50%）;蓝
1179;普度众生2级;所有拳法杀死目标时，以目标的30%生命值造成全屏伤害（上限200000+我方生命*50%）;紫
1180;普度众生3级;所有拳法杀死目标时，以目标的40%生命值造成全屏伤害（上限500000+我方生命*50%）;橙
1181;普度众生4级;所有拳法杀死目标时，以目标的60%生命值造成全屏伤害（上限1000000+我方生命*60%）;金
1182;普度众生5级;所有拳法杀死目标时，以目标的100%生命值造成全屏伤害（上限2000000+我方生命*70%）;暗金
1183;龙面玉牌;提高你对奇门武学5%的破招率;金
1184;玉笛;悟性+30;紫
1185;金笔;《无相神功》攻击时，附基础伤害+10%;紫
1186;任窈窈的斗笠+5;《幻月腿法》攻击时，附基础伤害+5%;紫
1187;傻姑的铁叉;《鸳鸯腿》攻击时，附加1000点伤害;紫
1188;夏云的剑+5;《五神剑法》威力百分比+10%;紫
1189;孤高绝义;《金顶穿花剑》威力百分比+10%;紫
1190;孤高绝义+5;暴击伤害倍数+10%;紫
1191;铁手蒲扇;《玄机弹指》威力百分比+10%;紫
1192;翡翠尾戒;《毒蒺藜》攻击时，附加1500点伤害;紫
1193;诸子百家;提高你对拳掌武学1000的破招值;紫
1194;宇文珂的面具;提高你对内功武学5%的破招率;金
1195;祝融宝甲;自身有中毒状态时，受到所有武学基础伤害-10%;金
1196;缠手玛瑙手串;《八卦掌》威力百分比+10%;橙
1197;西湖烟雨裳;战斗中受到首次拳掌武学基础伤害-20%;金
1198;阴阳双绝刀+5;攻击异性敌人，附加破甲+15;金
1199;大理玉玺;受到致命伤害能保留1点生命（一场战斗只能触发一次）;紫
1200;素女剑;《百花剑法》威力百分比+10%;橙
1201;独孤清扬的快剑;剑法精通+10%;橙
1202;独孤清扬的快剑+10;无招胜有招1级：所有随机多次武学可攻击单体目标，后续伤害为上一次伤害的60%（初始值为50%，最高提升至5级）;橙
1203;铸剑山庄破剑;《纯钧剑法》攻击时，附基础伤害+10%;橙
1204;沉香珠链;《北冥鲲吞功》威力百分比+10%;橙
1205;霜家金丝服;五岳宗武学威力百分比+10%;橙
1206;素女剑+5;《百花剑法》多段攻击次数+1;橙
1207;丘筑基的道袍+5;回合开始时，恢复3%的真气;橙
1208;舵主令+5;使自身召唤出来的弟子等级+1;紫
1209;素布阴阳道鞋;战斗中受到首次内功武学基础伤害-15%;金
1210;岳岱滢的绿衫;战斗中受到首次剑法武学基础伤害-15%;金
1211;正品耐磨鞋;战斗中受到首次腿法武学基础伤害-15%;金
1212;兽头皮靴;自身有铸剑蓄力状态时，闪避率+5%;暗金
1213;铸剑帝君袍;自身有铸剑蓄力状态时，受到基础伤害-10%;暗金
1214;黄金重甲;30%几率免受吸附、击退效果;橙
1215;牛皮防水鞋;角色行动移动格子数+1;橙
1216;鸳鸯刀;敌人每多一种基础负面状态，造成基础伤害+3%;橙
1217;金刚圈;所有拳掌武学忽视防御率+10%;橙
1218;少林方丈金棍;所有奇门武学忽视防御率+10%;橙
1219;金丝大环刀;所有刀法武学忽视防御率+10%;橙
1220;玄铁匕首;所有剑法武学忽视防御率+10%;橙
1221;神木棍+10;暗中偷袭1级：所有武学对中毒状态的敌人造成基础伤害+3%（可叠加至5级）;紫
1222;玲珑风牙刀+5;所有攻击附加减速+15;紫
1223;水烟扇+5;暴击时，对敌人附加内伤+25;紫
1224;璇光杖+5;暴击时，对敌人附加减速+20;紫
1225;玄女针+5;暴击时，对敌人附加破甲+15;紫
1226;屠牛刀+5;攻击时如目标身上没有残废状态，附加残废+25;暗金
1227;绣花针匣+5;攻击时如目标身上没有破甲状态，附加破甲+20;暗金
1228;紫金软剑;攻击附加破甲+10，如自身攻击大于敌方攻击，额外附加破甲+10（只在自身攻击回合触发，每个回合最多触发一次效果）;暗金
1229;碧波香雾刀;攻击附加中毒+10，如自身攻击大于敌方攻击，额外附加中毒+10（只在自身攻击回合触发，每个回合最多触发一次效果）;暗金
1230;南诏国仪刀;攻击后对敌方附加中毒+20，自身附加中毒+10（自身回合内生效，一回合最多生效一次）;暗金
1231;薛家画戟+5;攻击后对敌方和自身同时附加减速+20（自身回合内生效，一回合最多生效一次）;暗金
1232;金丝袈裟;受击时，攻击者的忽视防御率计算时-20%;暗金
1233;观音玉牌;受击时，攻击者的忽视防御率计算时-20%;暗金
1234;刺猬拳套;使用拳掌武学后，对周围3*3敌人施放一次破甲+20（一回合仅限一次）;金
1235;绝情刀+5;使用刀法武学后，对周围3*3敌人施放流血+20（一回合仅限一次）;金
1236;百花乱拳1级;拳掌武学攻击单体目标时，20%几率对其周围敌人进行额外攻击（每回合限一次）;蓝
1237;百花乱拳2级;拳掌武学攻击单体目标时，30%几率对其周围敌人进行额外攻击（每回合限一次）;紫
1238;百花乱拳3级;拳掌武学攻击单体目标时，40%几率对其周围敌人进行额外攻击（每回合限两次）;橙
1239;百花乱拳4级;拳掌武学攻击单体目标时，50%几率对其周围敌人进行额外攻击（每回合限两次）;金
1240;百花乱拳5级;拳掌武学攻击单体目标时，60%几率对其周围敌人进行额外攻击（每回合限两次）;暗金
1241;百里挑一1级;使用腿法武学攻击目标时，20%几率对其中一个敌人额外进行一次攻击（每回合最多追加1次）;蓝
1242;百里挑一2级;使用腿法武学攻击目标时，30%几率对其中一个敌人额外进行一次攻击（每回合最多追加1次）;紫
1243;百里挑一3级;使用腿法武学攻击目标时，40%几率对其中一个敌人额外进行一次攻击（每回合最多追加2次）;橙
1244;百里挑一4级;使用腿法武学攻击目标时，50%几率对其中一个敌人额外进行一次攻击（每回合最多追加2次）;金
1245;百里挑一5级;使用腿法武学攻击目标时，60%几率对其中一个敌人额外进行一次攻击（每回合最多追加2次）;暗金
1246;醉逍遥1级;所有多段攻击武学逐次威力+1%（最高提升至100%）;蓝
1247;醉逍遥2级;所有多段攻击武学逐次威力+2%（最高提升至120%）;紫
1248;醉逍遥3级;所有多段攻击武学逐次威力+3%（最高提升至140%）;橙
1249;醉逍遥4级;所有多段攻击武学逐次威力+4%（最高提升至160%）;金
1250;醉逍遥5级;所有多段攻击武学逐次威力+5%（最高提升至200%）;暗金
1251;赤焰鞋;使用轻功后，恢复自身2000点真气;橙
1252;傀儡美人;自身召唤的唐门傀儡等级+1;橙
1253;千机檀木盒;暗器类武学攻击时，基础伤害+10%;紫
1254;花开花落花归尘;攻击时附加中毒+30，但只对身上没有中毒的敌人有效;暗金
1255;锥心透骨1级;暗器武学暴击时，20%几率追加一次穿心透骨（每回合最多追加1次）;蓝
1256;锥心透骨2级;暗器武学暴击时，30%几率追加一次穿心透骨（每回合最多追加1次）;紫
1257;锥心透骨3级;暗器武学暴击时，30%几率追加一次穿心透骨（每回合最多追加2次）;橙
1258;锥心透骨4级;暗器武学暴击时，40%几率追加一次穿心透骨（每回合最多追加2次）;金
1259;锥心透骨5级;暗器武学暴击时，50%几率追加一次穿心透骨（每回合最多追加3次）;暗金
1260;穷击猛打1级;所有武学对减速目标基础伤害+3%;蓝
1261;穷击猛打2级;所有武学对减速目标基础伤害+5%;紫
1262;穷击猛打3级;所有武学对减速目标基础伤害+8%;橙
1263;穷击猛打4级;所有武学对减速目标基础伤害+12%;金
1264;穷击猛打5级;所有武学对减速目标基础伤害+18%;暗金
1265;穿针引线1级;暗器武学造成伤害后附加漫天花雨"状态，状态可叠加5层，每层使其受到暗器招式攻击时基础伤害+3%";蓝
1266;穿针引线2级;暗器武学造成伤害后附加漫天花雨"状态，状态可叠加6层，每层使其受到暗器招式攻击时基础伤害+5%";紫
1267;穿针引线3级;暗器武学造成伤害后附加漫天花雨"状态，状态可叠加7层，每层使其受到暗器招式攻击时基础伤害+8%";橙
1268;穿针引线4级;暗器武学造成伤害后附加漫天花雨"状态，状态可叠加8层，每层使其受到暗器招式攻击时基础伤害+12%";金
1269;穿针引线5级;暗器武学造成伤害后附加漫天花雨"状态，状态可叠加9层，每层使其受到暗器招式攻击时基础伤害+18%";暗金
1270;阴人1级;内力阴性+10，使用阴性武学（武学只有阴性系数）时基础伤害+10%;蓝
1271;阴人2级;内力阴性+13，使用阴性武学（武学只有阴性系数）时基础伤害+12%;紫
1272;阴人3级;内力阴性+18，使用阴性武学（武学只有阴性系数）时基础伤害+15%;橙
1273;阴人4级;内力阴性+25，使用阴性武学（武学只有阴性系数）时基础伤害+19%;金
1274;阴人5级;内力阴性+40，使用阴性武学（武学只有阴性系数）时基础伤害+25%;暗金
1275;神笔;战斗产出角色经验+25%（不可叠加生效）;紫
1276;群侠传;战斗产出武学经验+50%（不可叠加生效）;金
1277;行商;持有者神秘商店每月可以多刷新出一件武器、防具、秘籍。;紫
1278;亮银盘龙棍;《托镖长戟》威力百分比+10%;橙
1279;柳彩虹+5;所有攻击附加攻击*10%点伤害;橙
1280;观天镜+5;每次行动间隔间，受到5次伤害后，恢复20%生命（回复上限50W+生命值*40%）（每回合生效一次）;橙
1281;铸剑钢绒拳套;《斩铁断刚刀法》等级上限+1;橙
1282;铸剑火炉;自身有拥有铸剑蓄力状态时，吸血率提升10%;金
1283;铸剑火布靴;自身有拥有铸剑蓄力状态时，破招率提升5%;金
1284;致命追击1级;每击败一个敌人，行动条前进20%（每回合最多额外前进100%）;蓝
1285;致命追击2级;每击败一个敌人，行动条前进40%（每回合最多额外前进100%）;紫
1286;致命追击3级;每击败一个敌人，行动条前进60%（每回合最多额外前进100%）;橙
1287;致命追击4级;每击败一个敌人，行动条前进80%（每回合最多额外前进100%）;金
1288;致命追击5级;每击败一个敌人，行动条前进100%（每回合最多额外前进100%）;暗金
1289;胜友如云;队友人数少于10个时，从第二回合开始，每回合随机龙门镖局镖师增援（每场战斗至多生效3次）;暗金
1290;九转十回刃;攻击时附加中毒+10，但只对身上没有中毒的敌人有效;橙
1291;韦陀一笑;回合开始时，如有中毒状态，则恢复10%生命值;橙
1292;潇潇一意+5;自身召唤的傀儡等级+1;橙
1293;潇潇一意;《天府操傀诀》等级上限+1;暗金
1294;剑神;无招胜有招1级：所有随机多次武学可攻击单体目标，后续伤害为上一次伤害的60%（初始值为50%，最高提升至5级）;橙
1295;破锋八刀;唐门刀法武学威力+10%;金
1296;暴虎冯河;唐门暗器武学暴击伤害倍数+10%;橙
1297;无常索命;使用《追魂夺命帖》攻击附加中毒+10;紫
1298;欲速反迟;使用刀法武学攻击时附加减速+10;金
1299;执锐披坚;使用暗器武学攻击时自身获得坚韧+10;金
1300;大马金刀;使用刀法武学攻击后自身攻击+200，可叠加3次;蓝
1301;劲骨丰肌;使用暗器武学攻击后自身攻击+200，可叠加3次;蓝
1302;千机百变;唐门武学等级上限+1;暗金
1303;扼喉抚背;唐门暗器武学背击基础伤害+5%;橙
1304;儡身再衍;唐门武学召唤的傀儡等级上限+1;橙
1305;操傀有道;唐门武学召唤的傀儡攻击时额外获得暗器精通*10的攻击力;金
1306;乘胜而击;暗中偷袭1级：所有武学对中毒状态的敌人造成基础伤害+3%（可叠加至5级）;暗金
1307;真气外放1级;所有额外消耗真气附加伤害效果，提升为每消耗10点真气附加4点伤害;蓝
1308;真气外放2级;所有额外消耗真气附加伤害效果，提升为每消耗10点真气附加5点伤害;紫
1309;真气外放3级;所有额外消耗真气附加伤害效果，提升为每消耗10点真气附加6点伤害;橙
1310;真气外放4级;所有额外消耗真气附加伤害效果，提升为每消耗10点真气附加7点伤害;金
1311;真气外放5级;所有额外消耗真气附加伤害效果，提升为每消耗10点真气附加8点伤害;暗金
1312;强化流血1级;使每层流血的效果提升至减少敌方100点血量（敌方受到流血效果取我方等级最高的效果）;蓝
1313;强化流血2级;使每层流血的效果提升至减少敌方200血量（敌方受到流血效果取我方等级最高的效果）;紫
1314;强化流血3级;使每层流血的效果提升至减少敌方400点血量（敌方受到流血效果取我方等级最高的效果）;橙
1315;强化流血4级;使每层流血的效果提升至1000点血量（敌方受到流血效果取我方等级最高的效果）;金
1316;强化流血5级;使每层流血的效果提升至减少敌人2500点血量（敌方受到流血效果取我方等级最高的效果）;暗金
1317;强化中毒1级;使每层中毒的效果提升至减少敌人血量60点血量，减少真气20点（敌方受到中毒效果取我方等级最高的效果，可叠加至5级）;蓝
1318;强化中毒2级;使每层中毒的效果提升至减少敌人血量120点血量，减少真气40点（敌方受到中毒效果取我方等级最高的效果，可叠加至5级）;紫
1319;强化中毒3级;使每层中毒的效果提升至减少敌人血量240点血量，减少真气80点（敌方受到中毒效果取我方等级最高的效果，可叠加至5级）;橙
1320;强化中毒4级;使每层中毒的效果提升至减少敌人血量600点血量，减少真气200点（敌方受到中毒效果取我方等级最高的效果，可叠加至5级）;金
1321;强化中毒5级;使每层中毒的效果提升至减少敌人血量1500点血量，减少真气500点（敌方受到中毒效果取我方等级最高的效果，可叠加至5级）;暗金
1322;强化内伤1级;使每层内伤的效果提升至回复降低15（敌方受到内伤效果取我方等级最高的效果）;蓝
1323;强化内伤2级;使每层内伤的效果提升至回复降低20（敌方受到内伤效果取我方等级最高的效果）;紫
1324;强化内伤3级;使每层内伤的效果提升至回复降低25（敌方受到内伤效果取我方等级最高的效果）;橙
1325;强化内伤4级;使每层内伤的效果提升至回复降低40（敌方受到内伤效果取我方等级最高的效果）;金
1326;强化内伤5级;使每层内伤的效果提升至回复降低60（敌方受到内伤效果取我方等级最高的效果）;暗金
1327;强化破甲1级;使每层破甲的效果提升至防御减少6（敌方受到破甲效果取我方等级最高的效果）;蓝
1328;强化破甲2级;使每层破甲的效果提升至防御减少10（敌方受到破甲效果取我方等级最高的效果）;紫
1329;强化破甲3级;使每层破甲的效果提升至防御减少16（敌方受到破甲效果取我方等级最高的效果）;橙
1330;强化破甲4级;使每层破甲的效果提升至防御减少24（敌方受到破甲效果取我方等级最高的效果）;金
1331;强化破甲5级;使每层破甲的效果提升至防御减少40（敌方受到破甲效果取我方等级最高的效果）;暗金
1332;强化残废1级;使每层残废的效果提升至最终伤害减少150（敌方受到残废效果取我方等级最高的效果）;蓝
1333;强化残废2级;使每层残废的效果提升至最终伤害减少250（敌方受到残废效果取我方等级最高的效果）;紫
1334;强化残废3级;使每层残废的效果提升至最终伤害减少550（敌方受到残废效果取我方等级最高的效果）;橙
1335;强化残废4级;使每层残废的效果提升至最终伤害减少1000（敌方受到残废效果取我方等级最高的效果）;金
1336;强化残废5级;使每层残废的效果提升至最终伤害减少2500（敌方受到残废效果取我方等级最高的效果）;暗金
1337;血战到底1级;所有额外消耗生命值附加伤害效果，提升为每消耗10点生命值附加6点额外伤害;蓝
1338;血战到底2级;所有额外消耗生命值附加伤害效果，提升为每消耗10点生命值附加7点额外伤害;紫
1339;血战到底3级;所有额外消耗生命值附加伤害效果，提升为每消耗10点生命值附加8点额外伤害;橙
1340;血战到底4级;所有额外消耗生命值附加伤害效果，提升为每消耗10点生命值附加9点额外伤害;金
1341;血战到底5级;所有额外消耗生命值附加伤害效果，提升为每消耗10点生命值附加10点额外伤害;暗金
1342;潮落潮生1级;当真气低于5%时，立即恢复至30%，一局生效一次;橙
1343;潮落潮生2级;当真气低于5%时，立即恢复至60%，一局生效一次;金
1344;潮落潮生3级;当真气低于5%时，立即恢复至100%，一局生效一次;暗金
1345;抬棺死战1级;生命值低于50%时，最终基础伤害+5%，且剩余生命值百分比每比50%低5%时，额外增加1%最终伤害;橙
1346;抬棺死战2级;生命值低于50%时，最终基础伤害+5%，且剩余生命值百分比每比50%低5%时，额外增加2%最终伤害;金
1347;抬棺死战3级;生命值低于50%时，最终基础伤害+5%，且剩余生命值百分比每比50%低5%时，额外增加3%最终伤害;暗金
1348;越战越勇1级;每击败一个敌人，自身基础伤害+3%（上限为10%）;蓝
1349;越战越勇2级;每击败一个敌人，自身基础伤害+4%（上限为15%）;紫
1350;越战越勇3级;每击败一个敌人，自身基础伤害+4%（上限为20%）;橙
1351;越战越勇4级;每击败一个敌人，自身基础伤害+4%（上限为25%）;金
1352;越战越勇5级;每击败一个敌人，自身基础伤害+4%（上限为30%）;暗金
1353;凌波仙子1级;回合外受到6次攻击后，闪避率暂时+50%，直到闪避1次后消失;橙
1354;凌波仙子2级;回合外受到5次攻击后，闪避率暂时+60%，直到闪避1次后消失;金
1355;凌波仙子4级;回合外受到3次攻击后，闪避率暂时+80%，直到闪避1次后消失;暗金
1356;经脉重塑1级;使《易筋经》主动效果持续攻击次数+1;蓝
1357;由内及外1级;使用暗器攻击时，对于小于自身攻击的敌人，附加自身攻击*10%的无视护盾、无视防御直接伤害;蓝
1358;由内及外2级;使用暗器攻击时，对于小于自身攻击的敌人，附加自身攻击*20%的无视护盾、无视防御直接伤害;紫
1359;由内及外3级;使用暗器攻击时，对于小于自身攻击的敌人，附加自身攻击*30%的无视护盾、无视防御直接伤害;橙
1360;由内及外4级;使用暗器攻击时，对于小于自身攻击的敌人，附加自身攻击*40%的无视护盾、无视防御直接伤害;金
1361;由内及外5级;使用暗器攻击时，对于小于自身攻击的敌人，附加自身攻击*50%的无视护盾、无视防御直接伤害;暗金
1362;妒火中烧1级;自身攻击时，敌人每有一种增益状态（强壮、坚韧、轻盈、疗伤、调息），受到基础伤害+2%;蓝
1363;妒火中烧2级;自身攻击时，敌人每有一种增益状态（强壮、坚韧、轻盈、疗伤、调息），受到基础伤害+3%;紫
1364;妒火中烧3级;自身攻击时，敌人每有一种增益状态（强壮、坚韧、轻盈、疗伤、调息），受到基础伤害+4%;橙
1365;妒火中烧4级;自身攻击时，敌人每有一种增益状态（强壮、坚韧、轻盈、疗伤、调息），受到基础伤害+5%;金
1366;妒火中烧5级;自身攻击时，敌人每有一种增益状态（强壮、坚韧、轻盈、疗伤、调息），受到基础伤害+7%;暗金
1367;嗜血追击1级;当敌人生命值低于50%时，我方最终基础伤害+5%，且敌人剩余生命值百分比每比50%低5%时，我方额外增加1%最终伤害;橙
1368;嗜血追击3级;当敌人生命值低于50%时，我方最终基础伤害+5%，且敌人剩余生命值百分比每比50%低5%时，我方额外增加3%最终伤害;暗金
1369;嗜血追击2级;当敌人生命值低于50%时，我方最终基础伤害+5%，且敌人剩余生命值百分比每比50%低5%时，我方额外增加2%最终伤害;金
1370;常备不懈1级;常备不懈1级：回合外使用武学时，伤害为回合内使用时60%（初始值为50%）;蓝
1371;常备不懈2级;回合外使用武学时，伤害为回合内使用时80%;紫
1372;常备不懈3级;回合外使用武学时，伤害为回合内使用时100%;橙
1373;常备不懈4级;回合外使用武学时，伤害为回合内使用时110%;金
1374;常备不懈5级;回合外使用武学时，伤害为回合内使用时120%;暗金
1375;穿云裂石1级;所有武学攻击真气为0的角色时，基础伤害+10%;蓝
1376;穿云裂石2级;所有武学攻击真气为0的角色时，基础伤害+12%;紫
1377;穿云裂石3级;所有武学攻击真气为0的角色时，基础伤害+15%;橙
1378;穿云裂石4级;所有武学攻击真气为0的角色时，基础伤害+20%;金
1379;穿云裂石5级;所有武学攻击真气为0的角色时，基础伤害+30%;暗金
1380;魂飞魄散1级;使用暗器武学时，如果首个目标有中毒>99"状态，30%几率发动一次《追魂夺命帖》（每回合只触发一次）";橙
1381;魂飞魄散2级;使用暗器武学时，如果首个目标有中毒>99"状态，60%几率发动一次《追魂夺命帖》（每回合只触发一次）";金
1382;魂飞魄散3级;使用暗器武学时，如果首个目标有中毒>99"状态，100%几率发动一次《追魂夺命帖》（每回合只触发一次）";暗金
1383;绝对防御1级;每次受击后（包含援护防御受击），自身获得绝对防御状态（可叠加5层），受到攻击减少最终伤害，值为真气*2%+1000点;蓝
1384;绝对防御2级;每次受击后（包含援护防御受击），自身获得绝对防御状态（可叠加5层），受到攻击减少最终伤害，值为真气*3%+1000点;紫
1385;绝对防御3级;每次受击后（包含援护防御受击），自身获得绝对防御状态（可叠加5层），受到攻击减少最终伤害，值为真气*4%+1000点;橙
1386;绝对防御4级;每次受击后（包含援护防御受击），自身获得绝对防御状态（可叠加5层），受到攻击减少最终伤害，值为真气*5%+1000点;橙
1387;绝对防御5级;每次受击后（包含援护防御受击），自身获得绝对防御状态（可叠加5层），下次受到攻击减少最终伤害，每层绝对防御降低真气*6%+1000点伤害;暗金
1388;饱经霜雪;回合吸血上限+500000;暗金
1389;舍己为人1级;每次受到攻击，有20%几率为周围3*3队友施放5000+攻击*10%的治疗;蓝
1390;舍己为人2级;每次受到攻击，有25%几率为周围3*3队友施放10000+攻击*10%的治疗;紫
1391;舍己为人3级;每次受到攻击，有30%几率为周围3*3队友施放15000+攻击*10%的治疗;橙
1392;舍己为人4级;每次受到攻击，有35%几率为周围3*3队友施放25000+攻击*15%的治疗;金
1393;舍己为人5级;每次受到攻击，有45%几率为周围3*3队友施放40000+攻击*20%的治疗;暗金
1394;金刚不坏1级;进入战斗第一次受到主动攻击时基础伤害-30%;蓝
1395;金刚不坏2级;进入战斗第一次受到主动攻击时基础伤害-40%;紫
1396;金刚不坏3级;进入战斗第一次受到主动攻击时基础伤害-60%;橙
1397;金刚不坏4级;进入战斗第一次受到主动攻击时基础伤害-80%;金
1398;金刚不坏5级;单局内受到的第一次主动伤害，免疫所有伤害和附加效果;暗金
1399;孤身只影;场上每有一个流血的敌人，自身回合吸血上限+20W（最多增加100W）;金
1400;多段拳法1级;以30%几率增加玄机门多段拳法的攻击段数，最多1次;蓝
1401;多段拳法2级;以50%几率增加玄机门多段拳法的攻击段数，最多1次;紫
1402;多段拳法3级;以50%几率增加玄机门多段拳法的攻击段数，最多2次;橙
1403;多段拳法4级;以60%几率增加玄机门多段拳法的攻击段数，最多2次;金
1404;多段拳法5级;以60%几率增加玄机门多段拳法的攻击段数，最多3次;暗金
1405;多段剑法1级;以30%几率增加玄机门多段剑法的攻击段数，最多1次;蓝
1406;多段剑法2级;以50%几率增加玄机门多段剑法的攻击段数，最多1次;蓝
1407;多段腿法1级;以30%几率增加玄机门多段腿法的攻击段数，最多1次;蓝
1408;多段剑法5级;以60%几率增加玄机门多段剑法的攻击段数，最多3次;蓝
1409;多段剑法4级;以60%几率增加玄机门多段剑法的攻击段数，最多2次;蓝
1410;多段剑法3级;以50%几率增加玄机门多段剑法的攻击段数，最多2次;蓝
1411;多段腿法2级;以50%几率增加玄机门多段腿法的攻击段数，最多1次;蓝
1412;多段腿法4级;以60%几率增加玄机门多段腿法的攻击段数，最多2次;蓝
1413;多段腿法3级;以50%几率增加玄机门多段腿法的攻击段数，最多2次;蓝
1414;多段腿法5级;以60%几率增加玄机门多段腿法的攻击段数，最多3次;蓝
1415;多段暗器1级;以30%几率增加玄机门多段暗器的攻击段数，最多1次;蓝
1416;多段暗器2级;以50%几率增加玄机门多段暗器的攻击段数，最多1次;蓝
1417;多段暗器3级;以50%几率增加玄机门多段暗器的攻击段数，最多2次;蓝
1418;多段暗器4级;以60%几率增加玄机门多段暗器的攻击段数，最多2次;蓝
1419;多段暗器5级;以60%几率增加玄机门多段暗器的攻击段数，最多3次;蓝
1421;识破罩门5级;攻击暴击时，70%几率敌人无法进行反弹、反击、识破;蓝
1422;识破罩门4级;攻击暴击时，有50%几率敌人无法进行反弹、反击、识破;蓝
1423;识破罩门3级;攻击暴击时，有40%几率敌人无法进行反弹、反击、识破;蓝
1424;识破罩门2级;攻击暴击时，有30%几率敌人无法进行反弹、反击、识破;蓝
1425;识破罩门1级;攻击暴击时，有20%几率敌人无法进行反弹、反击、识破;蓝
1426;强化穿透5级;暗器穿透时，威力为上一次的80%;蓝
1427;强化穿透4级;暗器穿透时，威力为上一次的70%;蓝
1428;强化穿透3级;暗器穿透时，威力为上一次的60%;蓝
1429;强化穿透2级;暗器穿透时，威力为上一次的50%;蓝
1430;强化穿透1级;暗器穿透时，威力为上一次的40%（初始值为30%）;蓝
1431;强化弹射5级;暗器弹射时，威力为上一次的120%;蓝
1432;强化弹射4级;暗器弹射时，威力为上一次的110%;蓝
1433;强化弹射3级;暗器弹射时，威力为上一次的100%;蓝
1434;强化弹射2级;暗器弹射时，威力为上一次的90%;蓝
1435;强化弹射1级;暗器弹射时，威力为上一次的80%（初始值为70%）;蓝
1436;层峰叠浪5级;追加攻击时，附加负面状态层数为首次攻击的50%;暗金
1437;层峰叠浪4级;追加攻击时，附加负面状态层数为首次攻击的40%;金
1438;层峰叠浪3级;追加攻击时，附加负面状态层数为首次攻击的30%;橙
1439;层峰叠浪2级;追加攻击时，附加负面状态层数为首次攻击的25%;紫
1440;层峰叠浪1级;追加攻击时，附加负面状态层数为首次攻击的20%（初始值为10%）;蓝
1441;余波微震5级;对多个目标附加负面状态时，其他目标层数是选中目标的50%;暗金
1442;余波微震4级;对多个目标附加负面状态时，其他目标层数是选中目标的40%;金
1443;余波微震3级;对多个目标附加负面状态时，其他目标层数是选中目标的30%;橙
1444;余波微震2级;对多个目标附加负面状态时，其他目标层数是选中目标的25%;紫
1445;余波微震1级;对多个目标附加负面状态时，其他目标层数是选中目标的20%（初始值为10%）;蓝
1446;就棍打腿;铸剑奇门武学攻击后，有50%几率获得铸剑蓄力层数+1;紫
1447;挥剑成河;铸剑山庄剑法伤害+10%;金
1448;刀若轻鸿;铸剑山庄刀法伤害+10%;金
1449;棍扫成片;铸剑山庄奇门伤害+10%;金
1450;把薪助火;铸剑山庄所有外功伤害+10%;暗金
1451;太阿剑威;拥有“铸剑蓄力”状态时，基础攻击提升10%;橙
1452;层层相护;回合开始时，若拥有铸剑蓄力，获得武学攻击*10%点护盾;橙
1454;磨刀霍霍;铸剑山庄绝招或奥义攻击后，角色行动条前进1%*铸剑蓄力层数（每次最高前进10%）;橙
1455;胜邪剑凶;自身铸剑蓄力达到20层时，所有武学附加敌人最大生命8%的无视防御、护盾直接伤害（每回合触发1次，最大不超过100W血）;暗金
1456;凌波仙子3级;回合外受到4次攻击后，闪避率暂时+70%，直到闪避1次后消失;金
1457;养精蓄锐;铸剑山庄奇门武学与刀法武学威力百分比+10%;金
1458;黑曜巨剑+5;攻击附加减速+20;暗金
1459;南诏铁柱+10;免疫吸附、击退等位移效果;暗金
1460;逆鳞手套+5;攻击附加流血+20;暗金
1461;金铃玉珠串+5;攻击附加内伤+30;暗金
1462;虎头铡刀+5;攻击附加残废+15;暗金
1463;天龙伏魔棍;所有攻击附加破甲+10;暗金
1464;天龙伏魔棍+10;使用奇门武学时，对十字中心目标造成基础伤害+20%;暗金
1465;缎面金花鞋+10;所有腿法忽视防御率+10%;暗金
1466;乌蚕衣+10;破甲抗性1级：破甲抗性+30（最高升至5级）;暗金
1467;雌雄龙凤环;攻击有6种基础负面状态的敌人时，附加6种负面状态+10;暗金
1468;纹银匕首+5;暴击伤害倍数+10%;金
1469;飞雪剑;速度+100;紫
1470;大漠青狮甲;生命+5000;暗金
1471;璧蟾玉佩;受到附加中毒的攻击时，自身获得本次受到中毒层数*500的护盾值;暗金
1472;大漠黑鹫甲;生命+5000;暗金
1473;赤菩提+10;流血抗性1级：流血抗性+30（最高升至5级）;暗金
1474;大漠金鹿甲;生命+5000;暗金
1475;八十斤铁鞋+5;行动格子数-1；免疫吸附，击退效果;暗金
1476;八十斤铁鞋;所有腿法基础伤害+5%;暗金
1477;打狗棒+10;连招造成的基础伤害+15%;暗金
1478;璎珞飞针+10;暗器武学多段攻击次数+1，弹射次数+1;暗金
1479;前朝将军甲;受击时恢复生命5000+2%（自身行动间隔内最多触发一次，上限值50000）;暗金
1480;行者鞋;700点的回合真气恢复，每回合恢复最大真气*3%的当前真气值;暗金
1481;火形玉+5;生命值低于50%时，剑法基础伤害+10%;暗金
1482;火形玉;提升3%*回合生命回复+2000点的生命回复;暗金
1483;星魂剑+5;《玄铁巨剑法》连击率+5%;橙
1484;星魂剑;《玄铁巨剑法》威力百分比+10%;橙
1485;游氏双绝杖+5;《如影随形腿》威力百分比+20%;橙
1486;翡翠剑;剑法武学侧击时，基础伤害+5%;橙
1487;闯王军刀+10;妒火中烧1级：敌人每有一种增益状态（强壮、坚韧、轻盈、疗伤、调息），所有武学造成基础伤害+2%;紫
1488;神木棍;毒系武学基础伤害+5%;紫
1489;暴雨梨花+10;强化穿透1级：暗器穿透时，威力为上一次的40%（初始值为30%）;暗金
1490;大将军甲;生命+10%（上限20000）;暗金
1491;五毒蛊囊+5;暗中偷袭1级：所有武学对中毒目标基础伤害+3%;暗金
1492;赤刀化+10;嗜血追击1级：敌人剩余血量低于50%时，造成基础伤害+5%。敌人血量每低5%，造成基础伤害+1%。;暗金
1493;贪吃罗汉拳套;拳掌精通+10%;暗金
1494;万佛朝宗+5;受到拳掌武学基础伤害-5%;金
1495;九环金刀;刀法精通+10%（上限500）;暗金
1496;踏雪鞋+10;极速前进1级：开局进度条前进到至5%;紫
1497;霜家金丝服+10;真气外放1级：所有额外消耗真气附加伤害效果，最多消耗100W真气，每消耗10点真气附加4点额外伤害;橙
1498;沉香珠链+5;真气增加10000+10%;橙
1499;丘筑基的道袍;《观天心法》等级上限+1;橙
1500;贴身肚兜+5;生命+3000;橙
1501;分筋断骨钉+5;开局第一次释放奥义攻击，使目标封印内功武学一回合;金
1502;龙虎拳套+5;开局第一次释放奥义攻击，使目标封印暗器武学一回合;金
1503;天涯无悔刀+5;开局第一次释放奥义攻击，使目标封印暗器武学一回合;金
1504;绝无此剑+5;开局第一次释放奥义攻击，使目标封印奇门武学一回合;金
1505;龙儿裹腿布+5;所有腿法基础伤害+10%;暗金
1506;龙儿裹腿布;所有攻击附加中毒+10;暗金
1507;大漠苍狼甲+5;单局内受到首次奇门基础伤害-80%;暗金
1508;大漠白猿甲+5;单局内受到首次腿法基础伤害-80%;暗金
1509;大漠灵蛇甲+5;单局内受到首次暗器基础伤害-80%;暗金
1510;法相金轮;攻击附加内伤+15;金
1511;法相金轮+5;舍己为人1级：每次受到攻击，有20%几率为周围3*3队友施放5000+攻击*10%的治疗;紫
1512;磁铁鞋+5;战斗中受到首次暗器武学基础伤害-15%;金
1513;青铜半护胸+5;战斗中受到首次拳法武学基础伤害-15%;金
1514;银铃胸甲+5;战斗中受到首次刀法武学基础伤害-15%;金
1515;太华剑+5;五岳宗武学威力百分比+10%;暗金
1516;无尽酒葫芦;受到多段武学基础伤害-5%;金
1517;铁手蒲扇+5;龙门武学攻击时，附加2000点伤害;紫
1518;七宝戒指+10;攻击时按照伤害的10%吸收敌人真气（最高20000点）;暗金
1519;倚天剑+10;暴击伤害倍数+30%;暗金
1520;降龙伏虎棍+5;使用奇门武学暴击时，对攻击范围中心的敌人造成基础伤害+20%;暗金
1521;恶不作的大砍刀+5;攻击附加流血+5;蓝
1522;龙泉宝剑;一回合使用非剑法武学时，下回合使用剑法武学附加破甲+30;暗金
1523;无情铁手;一回合使用非拳掌武学时，下回合使用拳掌武学附加内伤+50;暗金
1524;弘业的拳套;使用拳掌攻击额外造成2000点伤害;暗金
1525;烈阳烧火棍;少林奇门武学攻击额外造成2000点伤害;暗金
1526;龙门掌门令;战斗开始时，获得一层寒冰真气;金
1527;紫霞腰带;装备附加的内功精通+5%;金
1528;群情激奋;攻击附加额外300伤害;白
1529;白衣之怒1级;全属性提升10%，生命值大幅增加;橙
1530;白衣之怒2级;全属性提升20%，生命值大幅增加;橙
1531;白衣之怒3级;全属性提升40%，生命值大幅增加;橙
1532;白衣之怒4级;全属性提升60%，生命值大幅增加;橙
1533;白衣之怒·真1级;全属性提升30%，生命值大幅增加;橙
1534;白衣之怒·真2级;全属性提升70%，生命值大幅增加;橙
1535;白衣之怒·真3级;全属性提升120%，生命值大幅增加;橙
1536;白衣之怒·真4级;全属性提升190%，生命值大幅增加;橙
1538;我有强援;一支穿云箭，新科状元来相见;橙
1539;飞花摘叶;《飞花摘叶镖》攻击时，附加1500点伤害;橙
1540;毒冰针;《毒冰针》攻击时，20%几率额外附加减速+10;橙
1541;玉笛剑法;《玉笛剑法》攻击时，额外附加1000点伤害;橙
1542;三重裂空掌;《三重裂空掌》攻击时，额外附加1500点伤害;橙
1543;百花掌法;《百花掌法》释放后，为目标附加中毒+10;橙
1544;玄机腿法;《玄机腿法》攻击时，额外附加2000点伤害;橙
1545;鸳鸯腿;《鸳鸯腿》攻击时，额外附加攻击*10%的伤害;橙
1546;银针飞花;《银针飞花》攻击时，10%几率额外附加中毒+10;橙
1547;五彩神砂;《五彩神砂》攻击时，20%几率额外附加中毒+15;橙
1548;乾坤百切斩;《乾坤百切斩》攻击时，20%几率额外附加减速+20;橙
1549;机关片斩刀;《机关片斩刀》攻击时，10%几率额外附加减速+10;橙
1550;相思断剑;《相思断剑》对有护盾的目标造成基础伤害+15%;橙
1551;金光交错刀;《金光交错刀法》对有护盾的目标造成基础伤害+15%;橙
1552;排云流火掌;《排云流火掌》攻击时，附基础伤害+10%;橙
1553;三阳灼雨拳;《三阳灼雨拳》对有护盾的目标造成基础伤害+10%;橙
1554;日月剑法;《日月剑法》吸血率+3%;橙
1555;黑月神针;《黑月神针》攻击时，10%几率附加流血+10;橙
1556;摧坚神爪;《摧坚神爪》攻击时，10%几率附加流血+15;橙
1557;玄阳腿法;《玄阳腿法》攻击时，10%几率附加减速+15;橙
1558;金线飞针;《金线飞针》攻击时，20%几率附加破甲+20;橙
1559;惊魂刀法;《惊魂刀法》攻击时额外附加流血+10;橙
1560;饮血刀法;《饮血刀法》攻击时额外附加流血+15;橙
1561;金顶穿花剑;《金顶穿花剑》暴击率+4%;橙
1562;飘雪穿云剑;《飘雪穿云剑》暴击时，附加减速+10;橙
1563;峨嵋通臂拳;《峨嵋通臂拳》暴击值+200;橙
1564;佛光注照掌;《佛光注照掌》暴击伤害倍数+5%;橙
1565;铁拐棍法;《铁拐棍法》攻击时，连招率+5.5%;橙
1566;龙爪手;《龙爪手》攻击时，连招率+4.5%;橙
1567;擒龙掌法;《擒龙掌法》攻击时，连招率+6%;橙
1568;游龙腿法;《游龙腿法》攻击时，连招率+5.5%;橙
1569;三才五格棍;《三才五格棍》攻击时，10%几率对敌人额外附加减速+10;橙
1570;仙人对弈曲;《仙人对弈曲》攻击时，20%几率对敌人额外附加减速+20;橙
1571;狂风剑法;《狂风剑法》攻击次数+1;橙
1572;霜氏九式剑法;《霜氏九式剑法》攻击时，额外附加1500点伤害;橙
1573;三仙夺命连环剑;《三仙夺命连环剑》多段攻击次数+1;橙
1574;伏虎掌;《伏虎掌》攻击时额外附加1000点伤害;橙
1575;烈阳疗伤术;《烈阳疗伤术》额外恢复2000点生命值;橙
1576;严刑刀法;《严刑刀法》攻击后，20%几率额外附加残废+10;橙
1577;金钩枪术;《金钩枪术》攻击时，附加1000点伤害;橙
1578;三阳神拳;《三阳神拳》攻击后，自身获得调息+10;橙
1579;八门金锁棍;《八门金锁棍》攻击时，附加2000点伤害;橙
1580;烈阳强身拳;《烈阳强身拳》攻击时，附加力1500点真气燃烧;橙
1581;扛旗枪法;《扛旗枪法》拥有烈火真气时，威力百分比+8%;橙
1582;托镖长戟;《托镖长戟》拥有烈火真气时，威力百分比+15%;橙
1583;七式惊涛刀法;《七式惊涛刀法》拥有寒冰真气时，威力百分比+10%;橙
1584;冰火掌;拥有任意真气时，《冰火掌》威力百分比+10%;橙
1585;五虎断门刀;《五虎断门刀》攻击时，附加2000点伤害;橙
1586;破魔刀法;《破魔刀法》攻击时，额外获得刀法精通*1的攻击力;橙
1587;慈悲刀法;《慈悲刀法》攻击时，附加2000点伤害;橙
1588;大力金刚掌;《大力金刚掌》攻击时，额外附加2000点绝对伤害;橙
1589;赤蛇神掌;《赤蛇神掌》攻击时，附加中毒+10;橙
1590;毒龙棍法;《毒龙棍法》攻击时，附加中毒+20;橙
1591;旱地神龙掌;《旱地神龙掌》攻击时，额外附加1500点伤害;橙
1592;八卦掌;《八卦掌》反击时，额外增加4000点伤害;橙
1593;虎爪功;《虎爪功》攻击时，对流血目标额外造成6000点伤害;橙
1594;二气掌法;《二气掌法》额外附加5点内伤;橙
1595;天山玄冰针;《天山玄冰针》攻击时，20%几率对敌人额外附加减速+20;橙
1596;灵枢针术;《灵枢针术》释放后可增加自身2000点护盾;橙
1597;经脉错乱针;《灵枢针术》释放后可增加自身2000点护盾;橙
1598;开炉刀法;《开炉刀法》攻击后，20%几率额外获得一层蓄力;橙
1599;纯钧剑法;《纯钧剑法》攻击后，30%几率额外获得一层蓄力;橙
1600;棒棒打狗40;所有奇门武学，命中率提高40%;橙
1601;蚩尤像;开场获得效果蚩尤天降"：本场战斗第一次造成伤害时，对目标3*3范围造成3000固定伤害";橙
1602;蚩尤像+5;开场获得效果蚩尤天降"被强化：本场战斗第一次造成伤害时，对目标3*3范围造成6000固定伤害";橙
1603;锁子甲;最终伤害值减免5000;金
1604;易筋洗髓5级;每次行动结束后，提升25%生命上限和等值护盾。（单局生效5次）;暗金
1605;易筋洗髓4级;每次行动结束后，提升20%生命上限和等值护盾。（单局生效5次）;金
1606;易筋洗髓3级;每次行动结束后，提升15%生命上限和等值护盾。（单局生效5次）;橙
1607;易筋洗髓2级;每次行动结束后，提升10%生命上限和等值护盾。（单局生效5次）;紫
1608;易筋洗髓1级;每次行动结束后，提升10%生命上限。（单局生效5次）;蓝
1609;皮糙肉厚（专属）;自身被攻击时，减少10000点伤害;蓝
1610;拳皇秘典3级;每增加一门拳法武学，降低来自暗器10%的伤害;橙
1611;拳皇秘典2级;每增加一门拳法武学，降低来自暗器7%的伤害;紫
1612;拳皇秘典1级;每增加一门拳法武学，降低来自暗器5%的伤害;蓝
1613;刀霸秘典3级;每增加一门刀法武学，降低来自奇门10%的伤害;橙
1614;刀霸秘典2级;每增加一门刀法武学，降低来自奇门7%的伤害;紫
1615;刀霸秘典1级;每增加一门刀法武学，降低来自奇门5%的伤害;蓝
1616;棍王秘典3级;每增加一门奇门武学，降低来自腿法10%的伤害;橙
1617;棍王秘典2级;每增加一门奇门武学，降低来自腿法7%的伤害;紫
1618;棍王秘典1级;每增加一门奇门武学，降低来自腿法5%的伤害;蓝
1619;剑圣秘典3级;每增加一门剑法武学，降低来自拳掌10%的伤害;橙
1620;剑圣秘典2级;每增加一门剑法武学，降低来自拳掌7%的伤害;紫
1621;剑圣秘典1级;每增加一门剑法武学，降低来自拳掌5%的伤害;蓝
1622;暗器秘典3级;每增加一门暗器武学，降低来自刀法10%的伤害;橙
1623;暗器秘典2级;每增加一门暗器武学，降低来自刀法7%的伤害;紫
1624;暗器秘典1级;每增加一门暗器武学，降低来自刀法5%的伤害;蓝
1625;腿皇秘典3级;每增加一门腿法武学，降低来自剑法2%的伤害;橙
1626;腿皇秘典2级;每增加一门腿法武学，降低来自剑法1.5%的伤害;紫
1627;腿皇秘典1级;每增加一门腿法武学，降低来自剑法5%的伤害;蓝
1628;药王秘典3级;每增加一门医术武学，降低来自内功10%的伤害;橙
1629;药王秘典2级;每增加一门医术武学，降低来自内功7%的伤害;紫
1630;药王秘典1级;每增加一门医术武学，降低来自内功5%的伤害;蓝
1631;内功秘典3级;每增加一门内功武学，降低来自医术10%的伤害;橙
1632;内功秘典2级;每增加一门内功武学，降低来自医术7%的伤害;紫
1633;内功秘典1级;每增加一门内功武学，降低来自医术5%的伤害;蓝
1634;空手入白刃3级;闪避率+15%;橙
1635;空手入白刃2级;闪避率+10%;紫
1636;空手入白刃1级;闪避率+5%;蓝
1637;刀气护体3级;当触发进度条击退时，有30%几率免疫此次进度条击退效果;橙
1638;刀气护体2级;当触发进度条击退时，有20%几率免疫此次进度条击退效果;紫
1639;刀气护体1级;当触发进度条击退时，有10%几率免疫此次进度条击退效果;蓝
1640;不动如山1级;当被敌人释放位移效果时，有20%几率免疫此次位移效果;蓝
1641;不动如山3级;当被敌人释放位移效果时，有40%几率免疫此次位移效果;橙
1642;不动如山2级;当被敌人释放位移效果时，有30%几率免疫此次位移效果;紫
1643;铜皮铁骨3级;被攻击时，使敌人40%的忽视防御率无效;橙
1644;铜皮铁骨2级;被攻击时，使敌人30%的忽视防御率无效;紫
1645;铜皮铁骨1级;被攻击时，使敌人20%的忽视防御率无效;蓝
1646;吸血免疫3级;被攻击时，有20%几率免疫吸血;橙
1647;吸血免疫2级;被攻击时，有15%几率免疫吸血;紫
1648;吸血免疫1级;被攻击时，有10%几率免疫吸血;蓝
1649;暴击抵抗1级;被攻击时，使敌人暴击率10%无效;蓝
1650;暴击抵抗3级;被攻击时，使敌人暴击率20%无效;橙
1651;暴击抵抗2级;被攻击时，使敌人暴击率15%无效;紫
1653;真气免疫3级;被攻击时，20%几率使其附加的真气伤害无效;橙
1654;真气免疫2级;被攻击时，15%几率使其附加的真气伤害无效;紫
1655;真气免疫1级;被攻击时，10%几率使其附加的真气伤害无效;蓝
1656;治疗丢失3级;使敌方所有单位30%几率无法治疗;橙
1657;治疗丢失2级;使敌方所有单位20%几率无法治疗;紫
1658;治疗丢失1级;使敌方所有单位10%几率无法治疗;蓝
1659;灵露的红伞;使用《相思断剑》时，额外附加3000点伤害;蓝
1660;玉髓丹1级;提升1%+30点所有精通属性;蓝
1661;玉髓丹5级;提升5%+150点所有精通属性;暗金
1662;玉髓丹4级;提升4%+120点所有精通属性;金
1663;玉髓丹3级;提升3%+90点所有精通属性;橙
1664;玉髓丹2级;提升2%+60点所有精通属性;紫
1665;金环蛇胆5级;提升5%+25000点真气值;暗金
1666;金环蛇胆4级;提升4%+20000点真气值;金
1667;金环蛇胆3级;提升3%+15000点真气值;橙
1668;金环蛇胆2级;提升2%+10000点真气值;紫
1669;金环蛇胆1级;提升1%+5000点真气值;蓝
1670;聚元丹5级;提升5%+50点拳掌、刀法、奇门、医术精通;暗金
1671;聚元丹4级;提升4%+40点拳掌、刀法、奇门、医术精通;金
1672;聚元丹3级;提升3%+30点拳掌、刀法、奇门、医术精通;橙
1673;聚元丹2级;提升2%+20点拳掌、刀法、奇门、医术精通;紫
1674;聚元丹1级;提升1%+10点拳掌、刀法、奇门、医术精通;蓝
1675;天阴控心丹5级;提升5%+50点剑法、腿法、暗器、内功精通;暗金
1676;天阴控心丹4级;提升4%+40点剑法、腿法、暗器、内功精通;金
1677;天阴控心丹3级;提升3%+30点剑法、腿法、暗器、内功精通;橙
1678;天阴控心丹2级;提升2%+20点剑法、腿法、暗器、内功精通;紫
1679;天阴控心丹1级;提升1%+10点剑法、腿法、暗器、内功精通;蓝
1680;三逆丹3级;提升3%+30000点生命值;橙
1681;三逆丹5级;提升5%+50000点生命值;暗金
1682;三逆丹2级;提升2%+20000点生命值;紫
1683;三逆丹4级;提升4%+40000点生命值;金
1684;三逆丹1级;提升1%+10000点生命值;蓝
1685;恶不作控制;控制恶不作的行动，看不见我！看不见我！看不见我~;橙
1686;善不为控制;控制善不为的行动，看不见我！看不见我！看不见我~;橙
1687;白云仙草丸;角色内力阳性+10;暗金
1688;白云明月丸1级;角色内力阳性+10，服用后可解毒;暗金
1689;白云明月丸2级;角色内力阳性+20，服用后可解毒;暗金
1690;白云明月丸3级;角色内力阳性+30，服用后可解毒;暗金
1691;普斯曲蛇毒3级;角色内力阴性+30;暗金
1692;普斯曲蛇毒2级;角色内力阴性+20;金
1693;普斯曲蛇毒1级;角色内力阴性+10;橙
1694;八宝紫金锭;角色可学武学数量上限+1，最多不超过20;暗金
1695;阴阳颠倒丹;使角色的性别转换;暗金
1696;沉香万古丹;角色可学天赋数量上限+1，最多不超过20;暗金
1697;绝情断骨丸;角色性别不可逆得转变为阴人;暗金
1698;烈阳护体5级;使用内功武学时，根据消耗的真气，获得350%的护盾。（获得护盾上限50万）;暗金
1699;烈阳护体4级;使用内功武学时，根据消耗的真气，获得250%的护盾。（获得护盾上限25万）;金
1700;烈阳护体3级;使用内功武学时，根据消耗的真气，获得150%的护盾。（获得护盾上限15万）;橙
1701;烈阳护体2级;使用内功武学时，根据消耗的真气，获得100%的护盾。（获得护盾上限10万）;紫
1702;烈阳护体1级;使用内功武学时，根据消耗的真气，获得50%的护盾。（获得护盾上限5万）;蓝
1703;奇门归一5级;使用奇门武学时，将非中心目标伤害的120%复制给中心目标，最高不超过中心目标原始伤害的300%。;暗金
1704;奇门归一4级;使用奇门武学时，将非中心目标伤害的100%复制给中心目标，最高不超过中心目标原始伤害的250%。;金
1705;奇门归一3级;使用奇门武学时，将非中心目标伤害的80%复制给中心目标，最高不超过中心目标原始伤害的200%。;橙
1706;奇门归一2级;使用奇门武学时，将非中心目标伤害的50%复制给中心目标，最高不超过中心目标原始伤害的150%。;紫
1707;奇门归一1级;使用奇门武学时，将非中心目标伤害的30%复制给中心目标，最高不超过中心目标原始伤害的100%。;蓝
1708;神影无踪5级;行动条速度提高20%;暗金
1709;神影无踪4级;行动条速度提高15%;金
1710;神影无踪3级;行动条速度提高12%;橙
1711;神影无踪2级;行动条速度提高10%;紫
1712;神影无踪1级;行动条速度提高8%;蓝
1713;气血为盾5级;角色在行动回合内对自身造成伤害时，获得伤害值100%的护盾。;暗金
1714;气血为盾4级;角色在行动回合内对自身造成伤害时，获得伤害值80%的护盾。;金
1715;气血为盾3级;角色在行动回合内对自身造成伤害时，获得伤害值60%的护盾。;橙
1716;气血为盾2级;角色在行动回合内对自身造成伤害时，获得伤害值40%的护盾。;紫
1717;气血为盾1级;角色在行动回合内对自身造成伤害时，获得伤害值20%的护盾。;蓝
1718;道祖炉鼎+5;所有内功武学攻击附加内伤+20;金
1719;含刃靴;使用腿法武学时，附加残废+10;金
1720;一心禅杖;奇门武学威力百分比+10%;金
1721;静心念珠+10;守心克己1级:暴击后，降低自身暴击值500点，提升六项一级属性5%，可叠加1次;金
1722;锦罗手套+5;百花乱拳1级:使用拳掌武学攻击单体目标的时候，20%几率向周围的敌人，进行同样的攻击（每回合最多触发一次）;金
1723;铁索连环护腿+5;百里挑一1级：使用腿法武学攻击目标时，20%几率对其中一个敌人额外进行一次攻击（每回合最多追加1次）;暗金
1724;千丝万缕盒+5;穿针引线1级：暗器武学造成伤害后附加漫天花雨状态，状态可叠加5层，每层使其受到暗器招式攻击时基础伤害+3%"";暗金
1725;无定神针+10;魂飞魄散1级：使用暗器武学时，如果首个目标有中毒>99状态，30%几率发动一次《追魂夺命帖》（每回合只触发一次）"";暗金
1726;封心绝爱刀+10;阴人1级：内力阴性+10，使用阴性武学（武学只有阴性系数）时基础伤害+10%;暗金
1727;生灭追击令+5;越战越勇1级：每击败一个敌人，自身基础伤害+3%（上限为10%）;暗金
1728;赤红舍利+10;强化流血1级：使每层流血的效果提升至减少敌方100点血量（敌方受到流血效果取我方等级最高的效果）;暗金
1729;含刃靴+10;强化残废1级：使每层残废的效果提升至最终伤害减少150（敌方受到残废效果取我方等级最高的效果）;暗金
1730;红霖剑+10;血战到底1级：所有额外消耗生命值附加伤害效果，提升为每消耗10点生命值附加6点额外伤害;暗金
1731;云追月玉佩+5;穿云裂石1级：所有武学攻击真气为0的角色时，基础伤害+10%;暗金
1732;飘飘然羽衣+5;识破罩门1级：攻击暴击时，有20%几率敌人无法进行反弹、反击、识破;暗金
1733;波云诡鞋+5;层峰叠浪1级：多段攻击时，附加的负面状态层数为上次的20%（初始值为10%）;暗金
1734;百战护心镜+10;援护防御1级：周围3*3队友受到攻击时，有20%几率援护防御，以自身防御分担20%伤害;暗金
1735;金龟甲+5;金刚不坏1级：进入战斗第一次受到攻击时基础伤害-30%;暗金
1736;碧玉百合+5;舍己为人1级：每次受到攻击，有20%几率为周围3*3队友施放5000+内劲*5的治疗;暗金
1737;古韵香囊+5;气血为盾1级：角色在行动回合内对自身造成伤害时，获得伤害值20%的护盾。;暗金
1738;养心经+5;易筋洗髓1级：每次行动结束后，提升10%生命上限。（单局生效5次）;暗金
1739;空空布袋+5;烈阳护体1级：使用内功武学时，根据消耗的真气，获得50%的护盾。（获得护盾上限5万）;暗金
1740;无影无声鞋+5;神影无踪1级：行动条速度提高8%;暗金
1741;一心禅杖+10;奇门归一1级：使用奇门武学时，将非中心目标伤害的30%复制给中心目标，最高不超过中心目标原始伤害的100%。;暗金
1742;铁骨钉钉+5;锥心透骨1级：暗器武学暴击时，20%几率追加一次穿心透骨（每回合最多追加1次）;暗金
1743;道祖炉鼎+10;强化内伤1级：使每层内伤的效果提升至回复降低15（敌方受到内伤效果取我方等级最高的效果）;暗金
1744;普斯曲蛇毒;身中普斯曲蛇毒，进入战斗后自身中毒+5;金
1745;金环蛇毒;身中金环蛇毒，进入战斗后自身中毒+5;金
1746;流血抗性5级;免疫所有流血效果;暗金
1747;流血抗性4级;流血抗性+100;金
1748;流血抗性3级;流血抗性+80;橙
1749;流血抗性2级;流血抗性+60;紫
1750;流血抗性1级;流血抗性+30;蓝
1751;中毒抗性5级;免疫所有中毒效果;暗金
1752;中毒抗性4级;中毒抗性+100;金
1753;中毒抗性3级;中毒抗性+80;橙
1754;中毒抗性2级;中毒抗性+60;紫
1755;中毒抗性1级;中毒抗性+30;蓝
1756;内伤抗性1级;内伤抗性+30;蓝
1757;减速抗性1级;减速抗性+30;蓝
1758;内伤抗性5级;免疫所有内伤效果;暗金
1759;内伤抗性4级;内伤抗性+100;金
1760;内伤抗性3级;内伤抗性+80;橙
1761;内伤抗性2级;内伤抗性+60;紫
1762;减速抗性5级;免疫所有减速效果;暗金
1763;减速抗性4级;减速抗性+100;金
1764;减速抗性3级;减速抗性+80;橙
1765;减速抗性2级;减速抗性+60;紫
1766;破甲抗性1级;破甲抗性+30;蓝
1767;破甲抗性5级;免疫所有破甲效果;暗金
1768;破甲抗性4级;破甲抗性+100;金
1769;破甲抗性3级;破甲抗性+80;橙
1770;破甲抗性2级;破甲抗性+60;紫
1771;残废抗性1级;残废抗性+30;蓝
1772;残废抗性5级;免疫所有残废效果;暗金
1773;残废抗性4级;残废抗性+100;金
1774;残废抗性3级;残废抗性+80;橙
1775;残废抗性2级;残废抗性+60;紫
1776;衡山之风5级;免疫所有残废效果;暗金
1777;衡山之风4级;免疫所有残废效果;暗金
1778;衡山之风3级;免疫所有残废效果;暗金
1779;衡山之风2级;免疫所有残废效果;暗金
1780;衡山之风1级;免疫所有残废效果;暗金
1781;可疑的戾气;此人身上有着可疑的戾气，莫不是曾与人复仇争斗？;白
1782;可疑的血迹;此人身上有着可疑的血迹，莫不是曾暗中加害他人？;白
1783;可疑的招数;此人身上有着可疑的招数，莫不是曾偷学他人武学？;白
1784;可疑的包裹;此人身上有着可疑的包裹，莫不是曾偷拿他人之物？;白
1785;白衣痛处;对白衣教的敌人造成伤害 +10%;紫
1786;白衣痛处·极;对白衣教的敌人造成伤害 +12%;橙
1787;白衣痛处·狂;对白衣教的敌人造成伤害 +15%;金
1788;白衣痛处·化;对白衣教的敌人造成伤害 +20%;暗金
1789;起死回生;主角死亡时，40%概率牺牲自己当前一半生命值给到主角身上，使其复活（每场战斗最多生效1次）;紫
1790;太极圆武1级;反击计算时，暴击率+1%，暴击伤害倍数+1%;暗金
1791;太极圆武2级;反击计算时，暴击率+3%，暴击伤害倍数+3%;暗金
1792;太极圆武4级;反击计算时，暴击率+7%，暴击伤害倍数+7%;暗金
1793;太极圆武3级;反击计算时，暴击率+5%，暴击伤害倍数+5%;暗金
1794;太极圆武7级;反击计算时，暴击率+15%，暴击伤害倍数+15%;暗金
1795;太极圆武6级;反击计算时，暴击率+12%，暴击伤害倍数+12%;暗金
1796;太极圆武5级;反击计算时，暴击率+9%，暴击伤害倍数+9%;暗金
1797;段家鞋;《六脉齐发》威力百分比+5%;橙
1798;内功精通-新手;内功精通+5;白
1799;内功精通-优秀;内功精通+20;紫
1800;内功精通-极品;内功精通+25;橙
1801;内功精通-珍稀;内功精通+30;金
1802;内功精通-无双;内功精通+35;暗金
1803;医术精通-新手;医术精通+5;白
1804;医术精通-优秀;医术精通+20;紫
1805;医术精通-极品;医术精通+25;橙
1806;医术精通-珍稀;医术精通+30;金
1807;医术精通-无双;医术精通+35;暗金
1808;反弹至宝1级;增加500+生命值*0.5%点反弹伤害;蓝
1809;反弹至宝2级;增加1000+生命值*1%点反弹伤害;紫
1810;反弹至宝3级;增加2000+生命值*1.5%点反弹伤害;橙
1811;反弹至宝4级;增加4000+生命值*2%点反弹伤害;金
1812;反弹至宝5级;增加6000+生命值*2.5%点反弹伤害;暗金
1813;三逆丹毒;身中三逆丹毒，战斗开始时自身中毒+5;
1814;银针飞花;《银针飞花》攻击时，附加1000点伤害;蓝
1815;洪奇官的拳套;《千手观音掌》攻击时，额外附加2000点伤害;金
1816;弘业的刀法;《慈悲刀法》攻击时，额外造成2000点伤害;金
1817;罗永的拳套;《摧坚神爪》攻击时，10%几率附加流血+15;金
1818;向鸿飞的拳套;《青冥剑法》吸血率+5%;金
1819;丐帮龙蛇拳套;《擒龙掌法》攻击时，有10%几率追加1次龙爪手（没有龙爪手不释放）;蓝
1820;铸剑钢绒拳套;《开炉刀法》攻击时，额外增加1500点伤害;蓝
1821;白小青的剑;使用《清心静气》时，最终治疗附加值+1500;蓝
1822;岳袁飞的剑;《日月剑法》攻击时，附加1500点伤害;蓝
1823;独孤剑;《纯钧剑法》攻击后，自身额外获得铸剑蓄力+1;蓝
1824;铸剑玉剑;使用《纯钧剑法》攻击时，每2层铸剑蓄力可基础伤害+1%;蓝
1825;柳彩虹;《冰火相融决》攻击时，附基础伤害+10%;蓝
1826;挖石灰铲;使用《撒石灰》时，额外降低敌方10%的命中率;蓝
1827;了慧的倭刀;《五虎断门刀》攻击时，额外附加2500点伤害;蓝
1828;南诏苗刀;《银针飞花》攻击次数+1;蓝
1829;邢捕头的佩刀;《严刑刀法》造成伤害后，35%几率附加残废20层;蓝
1830;灵露的红伞;使用白衣教剑法武学时，基础伤害+10%;蓝
1831;鱼鳞紫金刀;拥有寒冰真气或烈火真气时，《冰火掌》威力百分比+10%;蓝
1832;烈焰红唇刀;《赤焰刀法》攻击时，若自身生命值低于50%，额外增加15%的伤害;蓝
1833;九转十回刃;《乾坤百切斩》攻击次数+1（攻击次数上限受到刀法精通的限制）;蓝
1834;烈阳烧火棍;《伏虎杖法》攻击时，造成2000点伤害;蓝
1835;游氏双绝枪;《扛旗枪法》攻击时，附加2000点额外伤害;蓝
1836;亮银盘龙棍;拥有烈火真气时，《托镖长戟》攻击次数+1;蓝
1837;千机檀木盒;《五彩神砂》攻击目标中毒超过50层时，立即对目标及周围3*3敌人造成伤害，伤害为中毒层数*50;蓝
1838;捕快工作服;使用《衙门刀法》时，有30%几率附加残废+10;蓝
1839;楼俊杰的护心镜;《烈阳强身拳》攻击后，额外增加自身10层坚韧，10层疗伤;蓝
1840;万兽衣;每使用三次《黑风腿法》后，可追加释放一次《黑风腿法》;蓝
1841;敷胸丝绸巾;生命值+1000;蓝
1842;慈母补丁服;《玉笛剑法》攻击次数+1;蓝
1843;破旧僧袍;生命值+2000;蓝
1844;白月庄锦衣;《柔云剑法》攻击后附加自身疗伤+20层;蓝
1845;简长老的锦衣;生命值+3000;蓝
1846;彭长老的锦带;《乞丐棍法》攻击时，对中心点敌人额外造成3000点伤害;蓝
1847;武当八卦袍;《武当长拳》反击时，额外造成武学等级*100点伤害;蓝
1848;武当八卦带;《武当绵掌》反击时，额外造成武学等级*150点伤害;蓝
1849;慈母补丁鞋;《游龙腿法》攻击时，连招率+5.5%;蓝
1850;霜姗姗的绣鞋;《霜氏九式剑法》攻击时额外获得1500点伤害;蓝
1851;大小姐的绣鞋;速度+30;蓝
1852;伏虎僧鞋;《大力金刚掌》攻击时，额外附加2000点绝对伤害;蓝
1853;云游四海履;《玄阳腿法》造成伤害后，对敌人附加10点减速;蓝
1854;武当八卦鞋;《柔云剑法》反击时，额外附加10点残废;蓝
1855;铸剑火布靴;《开炉刀法》攻击后增加自身200点攻击（每场战斗最多生效3次）;蓝
1856;虎头帽;《独步江湖剑法》的攻击次数+1;蓝
1857;比武大会奖牌;使用《江湖棍法》时，最终伤害值+1000点;蓝
1858;杜老千的扳指;使用《江湖刀法》时，最终伤害附加值+1000点;蓝
1859;玩具虎;速度值+30;蓝
1860;慈母补丁腰带;《游龙腿法》攻击时暴击值+100;蓝
1861;不语猴雕像;《千手观音掌》攻击时，附加1500点伤害;蓝
1862;不看猴雕像;《罗汉拳》攻击额外附加1000点额外伤害;蓝
1863;不说猴雕像;《韦陀杖法》忽视防御率+5%;蓝
1864;黑月崖牛崽;《日月剑法》攻击时，附加1500点伤害;蓝
1865;北斋的念珠;使用《破魔刀法》攻击时，忽视防御率额外+5%;蓝
1866;灵云的香囊;使用《歧黄之术》后，为自身添加1500点护盾;蓝
1867;铸剑火炉;《青釭剑法》攻击后，为自身添加铸剑蓄力+1;蓝
1868;三支金镖;《冰火掌》的暴击率+5%;蓝
1869;九龙杯;拥有寒冰真气时《扛旗枪法》可为敌方附加15层减速;蓝
1870;铁胆;拥有任意真气时，《冰火掌》基础伤害+10%;蓝
1871;碧玉梳;《佛光注照掌》的暴击值+100;蓝
1872;琅嬛手札;《金顶穿花剑》暴击伤害倍数+10%;蓝
1873;镔铁判官笔;《饮血刀法》吸血率+10%;蓝
1874;摸金符;《游龙腿法》攻击时，30%几率额外附加10层减速;蓝
1875;拳腿双绝袋;拳掌精通和腿法精通各增加50点;蓝
1876;盗圣手套;释放技能后，有50%几率获取敌方身上的铜币;蓝
1877;太极生圆2级;使用《太极拳》、《太极剑》主动攻击时，30%概率攻击范围增加至3*3范围;暗金
1878;太极生圆1级;使用《太极拳》、《太极剑》主动攻击时，10%概率使攻击范围增加至3*3范围;暗金
1879;仪函的剑;《长生剑法》攻击时，额外附加1000点伤害;蓝
1880;星布袍;《二气掌法》攻击时，10%几率附加内伤+20;蓝
1881;降龙腰带;《慈悲刀法》攻击时，附加1500点伤害;蓝
1882;清儿之袍;《翠屏剑法》攻击后，自身获得轻盈+10;蓝
1883;闻儿之带;《翠屏剑法》攻击时，《天长掌法》的追加概率+10%（需先激活《翠屏剑法》10级效果）;蓝
1884;敏儿之鞋;《三才五格棍》攻击时，《天长掌法》的追加概率+10%（需先激活《翠屏剑法》10级效果）;蓝
1885;群星镜;《乱风棍法》攻击时，附加1500点伤害;蓝
1886;气盾突破5级;回合开始时，给自身添加100000护盾，单局护盾的累计上限为最大生命值*300%;暗金
1887;气盾突破4级;回合开始时，给自身添80000护盾，单局护盾的累计上限为最大生命值*200%;金
1888;气盾突破3级;回合开始时，给自身添加50000护盾 ，单局护盾的累计上限为最大生命值*150%;橙
1889;气盾突破2级;回合开始时，给自身添加30000护盾，单局护盾的累计上限为最大生命值*100%;紫
1890;气盾突破1级;回合开始时，给自身添加10000护盾，单局护盾的累计上限为最大生命值*70%（初始值为最大生命值*50%）;蓝
1891;富可敌国;身上铜币越多，提升造成伤害，最高20%（每10000铜币+1%）;暗金
1892;千金万银;身上铜币越多，提升造成伤害，最高25%（每100铜币+1%）;暗金
1893;熟钢拳套;力道+300;蓝
1894;冷钢拳套;拳掌精通+300;蓝
1895;龙虎拳套;多段攻击逐次威力+20%;蓝
1896;黑指虎;《神武剑法》威力百分比+10%;蓝
1897;碧波剑;《七十二峰飞仙剑》威力百分比+20%;蓝
1898;长空剑;《三劫连环剑》威力百分比+20%;蓝
1899;铸剑山庄破剑;《纯钧剑法》威力百分比+15%;蓝
1900;熟钢剑;灵巧+300;蓝
1901;冷钢剑;剑法精通+300;蓝
1902;飞雪剑;速度+100;蓝
1903;红霖剑;生命+25000;蓝
1904;赤刀;暴击值+100;蓝
1905;赤刀·初;暴击值+150;蓝
1906;赤刀·破;暴击值+200;蓝
1907;赤刀·极;暴击值+300;蓝
1908;回春针匣;回合恢复生命值+1000;蓝
1909;赤刀·真;暴击值+400;蓝
1910;赤刀·狂;暴击值+600;蓝
1911;霹雷刀;《九霄惊雷刀法》威力百分比+20%;蓝
1912;赤刀·化;暴击值+1000;蓝
1913;熟钢刀;力道+300;蓝
1914;冷钢刀;刀法精通+300;蓝
1915;赤刀;暴击值+100;蓝
1916;熟钢护腿;灵巧+300;蓝
1917;冷钢护腿;腿法精通+300;蓝
1918;龙头铁棍;《毒龙棍法》威力百分比+20%;蓝
1919;熟钢棍;内劲+300;蓝
1920;冷钢棍;奇门精通+300;蓝
1921;熟钢针匣;内劲+300;蓝
1922;冷钢针匣;暗器精通+300;蓝
1923;铁骨钉钉;暴击值+200;蓝
1924;熟钢扇;内劲+300;蓝
1925;冷钢扇;内功精通+300;蓝
1926;三山拳套;《排云流火掌》威力百分比+20%;蓝
1927;邱筑基的道袍;回合回真气+1000;蓝
1928;熟钢盔甲;精力+300;蓝
1929;冷钢盔甲;体质+300;蓝
1930;飘飘然羽衣;闪避值+1100;蓝
1931;金龟甲;生命值+50000;蓝
1932;行者鞋;回合回真气+1000;蓝
1933;赤焰鞋;速度+30;蓝
1934;踏雪鞋;速度+100;蓝
1935;走南闯北鞋;暴击抵抗值+600;蓝
1936;熟钢鞋;速度+150;蓝
1937;冷钢鞋;体质+300;蓝
1938;波云诡鞋;命中值+1100;蓝
1939;铁八卦;悟性+100;蓝
1940;铁罗汉;《罗汉拳》威力百分比+15%;蓝
1941;火形玉;回合恢复生命值+1000;蓝
1942;销魂腰带;白衣教武学基础伤害+20%;蓝
1943;熟钢项链;悟性+300;蓝
1944;冷钢项链;体质+300;蓝
1945;碧玉百合;医术精通+250;蓝
1946;静心念珠;暴击伤害倍数+20%;蓝
1947;白瓷观音像;真气+18000;蓝
1948;百战护心镜;防御值+2200;蓝
1949;常满酒瓶;回合回真气+2200;蓝
1950;养心经;生命+16000;蓝
1951;空空布袋;真气+13000;蓝
1952;武当套;反击值+200;蓝
1953;百战护心镜+5;暴击抵抗值+2200;蓝
1954;醉逍遥1级;醉逍遥1级：所有多段攻击武学逐次威力+1%（最高提升至100%）;蓝
1955;沈炎手札+5;若攻击的敌人拥有护盾，则对其基础伤害+15%;金
1956;沈炎手札+10;若攻击的敌人拥有护盾，则本次攻击可削减对方10%的护盾;金
1957;起死回生·极;主角死亡时，50%概率牺牲自己当前一半生命值给到主角身上，使其复活（每场战斗最多生效1次）;橙
1958;起死回生·狂;主角死亡时，70%概率牺牲自己当前一半生命值给到主角身上，使其复活（每场战斗最多生效1次）;金
1959;起死回生·化;主角死亡时，100%概率牺牲自己当前一半生命值给到主角身上，使其复活（每场战斗最多生效1次）;暗金
1960;生命嫁接;触发起死回生天赋时，50%概率将自己牺牲的生命值转移到紫色品质以下的敌人中，自身不再扣血;紫
1961;生命嫁接·极;触发起死回生天赋时，60%概率将自己牺牲的生命值转移到橙色品质以下的敌人中，自身不再扣血;橙
1962;生命嫁接·狂;触发起死回生天赋时，70%概率将自己牺牲的生命值转移到金色品质以下的敌人中，自身不再扣血;金
1963;生命嫁接·化;触发起死回生天赋时，100%概率将自己牺牲的生命值转移到暗金品质以下的敌人中，自身不再扣血;暗金
1964;霸道盟主;每次释放技能，自身获得一层霸气，当霸气达到3层时，使本次攻击基础伤害+50%;暗金
1965;流水无情;攻击敌人可为其附加一层"落花有意"状态，若其受到拥有"流水无情"天赋的角色攻击，基础伤害+10%;紫
1966;疾风;每受到4次攻击后，自身获得"疾风"状态，"疾风"可提升自身10%闪避率，持续1回合;紫
1967;茕茕白兔;若本次攻击被闪避则下次攻击提高5%命中率;紫
1968;贪玩;本回合不暴击，则下回合暴击率+3%;紫
1969;流连忘返;连击时，暴击伤害倍数+5%;紫
1970;控心;控心蛊：攻击中毒角色后，可为敌方标记“守卫”状态。该单位离场时，可恢复自身2%的生命值（每场战斗最多可享受5个“守卫”的生命恢复）;紫
1971;魅惑;攻击异性角色时，50%概率为敌方附加1层“迷离”状态；迷离：对拥有“魅惑”天赋的角色基础伤害-10%（每场战斗最多为每个敌人附加1层“迷离”状态）;紫
1972;疾风·极;每受到3次攻击后，自身获得"疾风"状态，"疾风"可提升自身10%闪避率，持续1回合;橙
1973;疾风·化;每受到2次攻击后，自身获得"疾风"状态，"疾风"可提升自身20%闪避率，持续1回合;暗金
1974;疾风·狂;每受到3次攻击后，自身获得"疾风"状态，"疾风"可提升自身20%闪避率，持续1回合;金
1975;流水无情·化;攻击敌人可为其附加一层"落花有意"状态，若其受到拥有"流水无情"天赋的角色攻击，基础伤害+25%;暗金
1976;流水无情·狂;攻击敌人可为其附加一层"落花有意"状态，若其受到拥有"流水无情"天赋的角色攻击，基础伤害+20%;金
1977;流水无情·极;攻击敌人可为其附加一层"落花有意"状态，若其受到拥有"流水无情"天赋的角色攻击，基础伤害+15%;橙
1978;控心·化;控心蛊：攻击中毒角色后，可为敌方标记“守卫·化”状态。该单位离场时，可恢复自身5%的生命值（每场战斗最多可享受5个“守卫”的生命恢复）;暗金
1979;控心·狂;控心蛊：攻击中毒角色后，可为敌方标记“守卫·狂”状态。该单位离场时，可恢复自身4%的生命值（每场战斗最多可享受5个“守卫”的生命恢复）;金
1980;控心·极;控心蛊：攻击中毒角色后，可为敌方标记“守卫·极”状态。该单位离场时，可恢复自身3%的生命值（每场战斗最多可享受5个“守卫”的生命恢复）;橙
1981;魅惑·化;攻击异性角色时，100%为敌方附加1层“迷离”状态；迷离：对拥有“魅惑”天赋的角色基础伤害-10%（每场战斗最多为每个敌人附加3层“迷离”状态）;暗金
1982;魅惑·狂;攻击异性角色时，100%为敌方附加1层“迷离”状态；迷离：对拥有“魅惑”天赋的角色基础伤害-10%（每场战斗最多为每个敌人附加2层“迷离”状态）;金
1983;魅惑·极;攻击异性角色时，100%为敌方附加1层“迷离”状态；迷离：对拥有“魅惑”天赋的角色基础伤害-10%（每场战斗最多为每个敌人附加1层“迷离”状态）;橙
1984;贪玩·化;本回合不暴击，则下回合暴击率+12%;暗金
1985;贪玩·狂;本回合不暴击，则下回合暴击率+9%;金
1986;贪玩·极;本回合不暴击，则下回合暴击率+6%;橙
1987;流连忘返·化;连击时，暴击伤害倍数+20%;暗金
1988;流连忘返·狂;连击时，暴击伤害倍数+15%;金
1989;流连忘返·极;连击时，暴击伤害倍数+10%;橙
1990;茕茕白兔·化;若本次攻击被闪避则下次攻击提高20%命中率;暗金
1991;茕茕白兔·狂;若本次攻击被闪避则下次攻击提高15%命中率;金
1992;茕茕白兔·极;若本次攻击被闪避则下次攻击提高10%命中率;橙
1994;章莪之狰·化;使用暗器类武学时，暴击值+1000;暗金
1995;燕燕于飞·化;吸血率+20%;暗金
1996;砒霜蜜糖·化;攻击中毒目标时，目标身上每有1层中毒"状态则基础伤害+1%（最高提升25%）";暗金
1997;天人合一;角色反击后，可为自己增加一层“天人”状态，增加10%的反击伤害（持续1回合，最多叠加3层）;暗金
1998;明心见性;攻击敌人时，可为敌人添加“破防”状态，削减其5%防御，持续1回合;暗金
1999;武林霸主;每击败一个敌人，自身生命恢复20%，基础属性提升10%（每场战斗最多生效10次）;暗金
2000;白衣传承;攻击时，自身若无基础负面状态则本次基础伤害+20%，若有基础负面状态则将自身负面状态的10%附加到敌人身上;暗金
2001;镇国将军饰品;援护成功后添加疗伤+60（每回合生效一次）;金
2002;镇国将军靴;援护成功后自身反弹倍数+5%，最多增加15%的反弹倍数;金
2003;镇国将军甲;每次受到基础伤害+5%反弹率，最高增加15%的反弹率;金
2004;镇国将军甲+10;每次受到伤害暴击值+500（每场战斗最多生效2次）;金
2005;镇国将军饰品+10;每次暴击可增加自身5%的暴击伤害倍数，最多提升15%;金
2006;镇国将军靴+10;本次攻击不暴击，则下次攻击时暴击值+1000;金
2007;鬼见愁;《悬壶济世》治疗效果+10%;金
2008;一道引;《悬壶济世》威力百分比+20%;金
2009;凝血针;易筋洗髓1级：每次行动结束后，提升10%生命上限。（单局生效5次）;金
2010;封穴针;体质+100;金
2011;追魄针;舍己为人1级：每次受到攻击，有20%几率为周围3*3队友施放5000+内劲*5的治疗;金
2012;引气针;释放治疗后，自身获得疗伤+20层;金
2013;悬丝针;治疗附加百分比+10%;金
2014;一念针;最终治疗附加值+3000;金
2015;锁命针;医术精通+100;金
2016;回魂针;内劲+100;金
2017;千斤坠;《如影随形腿》攻击时，附基础伤害+10%;金
2018;罗汉护腿;造成伤害后对敌方附加减速+20（每回合生效1次）;金
2019;破天护腿;腿法基础伤害+5%;金
2020;飞天护腿;腿法精通+100;金
2021;天残护腿;《如影随形腿》威力百分比+20%;金
2022;章莪之狰;使用暗器类武学时，暴击值+500;紫
2023;章莪之狰·极;使用暗器类武学时，暴击值+600;橙
2024;章莪之狰·狂;使用暗器类武学时，暴击值+750;金
2025;燕燕于飞;吸血率+5%;紫
2026;燕燕于飞·极;吸血率+10%;橙
2027;燕燕于飞·狂;吸血率+15%;金
2028;砒霜蜜糖;攻击中毒目标时，目标身上每有4层中毒"状态则基础伤害+1%（最高提升15%）";紫
2029;砒霜蜜糖·极;攻击中毒目标时，目标身上每有2层中毒"状态则基础伤害+1%（最高提升15%）";橙
2030;砒霜蜜糖·狂;攻击中毒目标时，目标身上每有1层中毒"状态则基础伤害+1%（最高提升15%）";金
2031;千夫戒;攻击附加800点伤害;蓝
2032;赤地千里;每回合对周围3*3内的敌方单位及自身施放流血+5;紫
2033;入木三分1级;受到内功武学攻击时，每10点防御额外降低1点伤害（最高10000点）;蓝
2034;入木三分5级;受到内功武学攻击时，每10点防御额外降低6点伤害（最高60000点）;暗金
2035;入木三分4级;受到内功武学攻击时，每10点防御额外降低4点伤害（最高40000点）;金
2036;入木三分3级;受到内功武学攻击时，每10点防御额外降低3点伤害（最高30000点）;橙
2037;入木三分2级;受到内功武学攻击时，每10点防御额外降低2点伤害（最高20000点）;紫
2038;金顶传人;金顶秘卷1级：峨嵋武学暴击后10%概率触发绝招（每回合生效一次，最高升至4级）;暗金
2039;铁罗汉+20;《罗汉拳》威力百分比+50%;紫
2040;无影手+5;暴击率+10%;金
2041;无影手+10;暴击伤害倍数+30%;金
2042;无影手;《天地四相掌》等级上限+1;暗金
2044;反击增伤（绿）;武当派反击伤害+1000;金
2045;反击增伤（蓝）;武当派反击伤害+2000;金
2046;反击增伤（紫）;武当派反击伤害+4000;金
2047;反击增伤（橙）;武当派反击伤害+5000;金
2048;两仪剑（增伤）;《正两仪剑》伤害+2000;金
2049;四象刀（增伤）;《四象刀法》伤害+2000;金
2050;少林增伤-饰品;少林武学攻击时，附加2000点伤害;金
2051;少林增伤-衣服;少林武学攻击时，附加2500点伤害;金
2052;少林增伤-鞋子;少林武学攻击时，附加3500点伤害;金
2053;画道巅峰;淑芬在寻找画的真谛后，终于明白了其中奥义。使得淑芬在请教武学、天赋的时候，100%会成功。;暗金
2054;侠客江湖;活动时间内，角色修行等级+1（不突破上限）;暗金
2055;气死人不偿命;嘲讽敌人，敌人释放技能时，50%概率以当前效果所属角色为目标（仅当纹银装备时生效）;暗金
2056;半遮面;女性角色佩戴时，受到基础伤害-5%;橙
2058;改邪归正;灵巧+300（仅纹银装备时生效）;金
2059;淑芬的画;悟性+200（仅当淑芬装备时生效）;金
2060;夏云的剑+10;《五神剑法》攻击时，额外附加武学攻击*10%点伤害;橙
2061;夏云的剑+0;《五神剑法》武学等级上限+1;橙
2062;贴身肚兜+10;战斗开始时，获得真气*10%的护盾;橙
2063;贴身肚兜+5;回合回真气+2000;橙
2064;任窈窈的斗笠+10;《幻月腿法》攻击时，附加腿法精通*4点伤害;紫
2065;任窈窈的斗笠+0;《幻月腿法》武学等级上限+1;紫
2066;火形玉+10;回合恢复生命值+6000;蓝
2067;火形玉+5;回合恢复生命值+3000;蓝
2068;前朝将军甲+10;生命+20000;暗金
2069;虎头帽+10;《江湖剑法》的攻击次数+1;蓝
2070;虎头帽+5;《江湖剑法》的攻击次数+1;蓝
2071;佛刀;《四象刀法》攻击时，额外附加2000点伤害;金
2072;道剑;《正两仪剑法》攻击时，额外附加2000点伤害;金
2073;佛刀道剑;使用《正两仪剑法》和《四象刀法》其中一种武学攻击时，有30%概率追加另外一个武功;金
2074;素女剑;《玉女清心剑法》威力百分比+5%;橙
2075;重阳剑;《纯阳剑法》威力百分比+5%;橙
2076;情意绵绵+5;《纯阳剑法》、《玉女清心剑法》威力百分比+10%;橙
2077;情意绵绵+10;使用《纯阳剑法》和《玉女清心剑法》其中一种武学时，有50%概率追加另一种武学（追加的武学不会触发再次触发追加）;橙
2078;天蝎毒针;逍遥派武学攻击真气小于50%的单位时，必定追加一次《赤红凝露针》（每回合最多生效一次）;紫
2079;天佛令+5;《如来神掌》威力百分比+10%;紫
2080;天佛令+10;《如来神掌》攻击时，基础伤害+15%;紫
2081;地球仪+0/5;《火枪射击》威力百分比+10%;橙
2082;地球仪+10;暗器武学威力百分比+10%;橙
2083;雪玲珑蜘蛛+5;进入战斗后获得5只雪玲珑蜘蛛，每次攻击有50%概率释放一只雪玲珑蜘蛛，撕咬敌方对其造成10点中毒，并留下蛛毒痕迹;橙
2084;雪玲珑蜘蛛+10;若敌人身上有蜘蛛毒痕迹，每层使基础伤害+3%，最多增加15%;橙
2085;秋月的药匣+5;使用医术武学时，治疗附加百分比+10%;橙
2086;秋月的药匣+10;《金风玉露》的治疗效果提升30%;橙
2087;狂风剑法+10;《狂风剑法》攻击次数+1;橙
2088;戾气1级;暴击伤害倍数+10%，命中率-2%;蓝
2090;戾气（基础）;当前戾气无额外效果;绿
2091;戾气5级;暴击伤害倍数+50%，命中率-10%;暗金
2092;戾气4级;暴击伤害倍数+40%，命中率-8%;金
2093;戾气3级;暴击伤害倍数+30%，命中率-6%;橙
2094;戾气2级;暴击伤害倍数+20%，命中率-4%;紫
2095;石沉大海·化;在无间秘境战斗中，受到基础伤害-30%;暗金
2096;无双重击·化;在无间秘境战斗中，造成基础伤害+30%;暗金
2097;不败之身·化;在无间秘境战斗中退场后再次登场，恢复100%生命和真气，一场战斗触发1次;暗金
2098;紫龙棋盘;攻击时，会随机附加阴之力或阳之力，阴之力可使敌方受到中毒+5；阳之力可使敌方受到减速+5;橙
2099;大漠玄武甲+5;受到内功攻击时，降低5%的伤害;金
2100;大漠玄武甲+10;单局内受到首次内功基础伤害-80%;金
2101;龙纹玉佩+10;命中率+30%;金
2102;龙纹玉佩+5;攻击后对敌方角色附加内伤+15;金
2103;豪杰令+10;攻击拥有减速>50的角色，基础伤害+15%;金
2104;豪杰令+5;攻击后对敌方角色附加减速+10;金
2105;不败之身;在无间秘境战斗中退场后再次登场，恢复10%生命和真气，一场战斗触发1次;紫
2106;不败之身·极;在无间秘境战斗中退场后再次登场，恢复20%生命和真气，一场战斗触发1次;橙
2107;不败之身·狂;在无间秘境战斗中退场后再次登场，恢复50%生命和真气，一场战斗触发1次;金
2108;无双重击;在无间秘境战斗中，造成基础伤害+10%;紫
2109;无双重击·极;在无间秘境战斗中，造成基础伤害+15%;橙
2110;无双重击·狂;在无间秘境战斗中，造成基础伤害+20%;金
2111;石沉大海;在无间秘境战斗中，受到基础伤害-10%;紫
2112;石沉大海·极;在无间秘境战斗中，受到基础伤害-15%;橙
2113;石沉大海·狂;在无间秘境战斗中，受到基础伤害-20%;金
2114;无悠针匣;真气+5000;橙
2115;无悠针匣+5;攻击时按照伤害的5%吸收敌人真气（每次最多10000点）;橙
2116;无忧宝衣+10;第一个标准回合内受到内功伤害-50%，第二个标准回合内受到内功基础伤害+20%;金
2117;无忧宝衣+5;受到内功攻击时，降低5%的伤害;金
2118;乾坤阴阳道鞋+5;防御值+2200;金
2119;乾坤阴阳道鞋+10;单局内受到的首次内功基础伤害-25%;金
2120;晨星剑+5;灵巧+300;金
2121;晨星剑+10;从第四个回合开始，每次攻击必定命中;金
2122;归藏真传;奇门精通+20，《归藏棍法》威力百分比+20%;紫
2123;归藏真传·极;奇门精通+40，《归藏棍法》威力百分比+40%;橙
2124;归藏真传·狂;奇门精通+60，《归藏棍法》威力百分比+60%;金
2125;归藏真传·化;奇门精通+100，《归藏棍法》威力百分比+80%;暗金
2126;前赴后继;如意宫奇门武学释放后，有20%概率追加一次银勾枪法（每回合生效一次）;紫
2127;白玉佩+10;自身每增加一种基础增益状态（调息、坚韧、疗伤、轻盈），对敌人基础伤害+3%;金
2128;白玉佩+5;所有外功攻击后，自身可获得调息+20;金
2129;游龙拳套+5;《六阴破脉手》威力百分比+10%;金
2130;游龙拳套+10;逍遥仙宫拳掌武学攻击时，50%概率额外追加一次《赤红凝露针》;金
2131;金魄刀+5;如意宫武学吸血率+10%;金
2132;金魄刀+10;所有刀法攻击武学基础伤害+10%;金
2133;山河图+5;如意宫武学威力百分比+10%;金
2134;山河图+10;每次攻击时，可降低敌人2%吸血率，最高降低20%;金
2135;前赴后继·极;如意宫奇门武学释放后，有40%概率追加一次银勾枪法（每回合生效一次）;橙
2136;前赴后继·狂;如意宫奇门武学释放后，有40%概率追加一次齐眉棍法（每回合生效一次）;金
2137;前赴后继·化;如意宫奇门武学释放后，有60%概率追加一次齐眉棍法（每回合生效一次）;暗金
2138;乌云化雨;攻击时，自身每有一种基础负面状态（内伤、残废、流血、中毒、减速、破甲），对敌人基础伤害+2%;紫
2139;乌云化雨·极;攻击时，自身每有一种基础负面状态（内伤、残废、流血、中毒、减速、破甲），对敌人基础伤害+3%;橙
2140;乌云化雨·狂;攻击时，自身每有一种基础负面状态（内伤、残废、流血、中毒、减速、破甲），对敌人基础伤害+4%;金
2141;乌云化雨·化;攻击时，自身每有一种基础负面状态（内伤、残废、流血、中毒、减速、破甲），对敌人基础伤害+5%;暗金
2142;天地动容;腿法精通+20，《追风逐日腿》威力百分比+10%;紫
2143;天地动容·极;腿法精通+40，《追风逐日腿》威力百分比+20%;橙
2144;天地动容·狂;腿法精通+60，《追风逐日腿》威力百分比+30%;金
2145;天地动容·化;腿法精通+100，《追风逐日腿》威力百分比+50%;暗金
2146;洞悉尘世;使用宇文山庄腿法武学后，有20%概率追加一次风云腿（每回合生效一次）;紫
2147;洞悉尘世·极;使用宇文山庄腿法武学后，有40%概率追加一次风云腿（每回合生效一次）;橙
2148;洞悉尘世·狂;使用宇文山庄腿法武学后，有40%概率追加一次风行腿法（每回合生效一次）;金
2149;洞悉尘世·化;使用宇文山庄腿法武学后，有60%概率追加一次风行腿法（每回合生效一次）;暗金
2150;洞察先机;百里挑一1级：使用腿法武学攻击目标时，20%几率对其中一个敌人额外进行一次攻击（每回合最多追加1次）;紫
2151;洞察先机·极;百里挑一2级：使用腿法武学攻击目标时，30%几率对其中一个敌人额外进行一次攻击（每回合最多追加1次）;暗金
2152;随风起舞;速度+100，极速1级：开局进度条前进到至5%;紫
2153;随风起舞·化;速度+300，极速2级：开局进度条前进到至8%;暗金
2154;月影无双;对拥有减速的敌人基础伤害+10%;紫
2155;月影无双·极;对拥有减速的敌人基础伤害+15%;橙
2156;月影无双·狂;对拥有减速的敌人基础伤害+20%;金
2157;月影无双·化;对拥有减速的敌人基础伤害+25%;暗金
2158;暗夜幽冥;攻击真气低于20%的角色时，30%概率基础伤害+10%;紫
2159;暗夜幽冥·极;攻击真气低于20%的角色时，30%概率基础伤害+20%;橙
2160;暗夜幽冥·狂;攻击真气低于20%的角色时，40%概率基础伤害+25%;金
2161;暗夜幽冥·化;攻击真气低于20%的角色时，50%概率基础伤害+30%;暗金
2162;刀锋;刀法精通+20，《燃魔刀法》威力百分比+20%;紫
2163;刀锋·极;刀法精通+40，《燃魔刀法》威力百分比+40%;橙
2164;刀锋·狂;刀法精通+60，《燃魔刀法》威力百分比+60%;金
2165;刀锋·化;刀法精通+80，《燃魔刀法》威力百分比+80%;暗金
2166;傲笑红尘;自身生命低于30%时，30%概率造成15%的额外伤害;紫
2167;傲笑红尘·极;自身生命低于30%时，40%概率造成20%的额外伤害;橙
2168;傲笑红尘·狂;自身生命低于30%时，40%概率造成30%的额外伤害;金
2169;傲笑红尘·化;自身生命低于30%时，70%概率造成30%的额外伤害;暗金
2170;卷土重来;生命值低于30%时，可用真气值抵挡20%的伤害，每10点真气抵消2点伤害，真气小于10%时，无法生效;紫
2171;卷土重来·极;生命值低于30%时，可用真气值抵挡20%的伤害，每10点真气抵消3点伤害，真气小于10%时，无法生效;橙
2172;卷土重来·狂;生命值低于30%时，可用真气值抵挡20%的伤害，每10点真气抵消4点伤害，真气小于10%时，无法生效;金
2173;卷土重来·化;生命值低于30%时，可用真气值抵挡20%的伤害，每10点真气抵消5点伤害，真气小于10%时，无法生效;暗金
2174;耗子尾;一级属性-20%，武学精通属性-20%，战斗经常会喊话干扰敌方;橙
2175;孺子戒;若有队友的生命值小于20%，则在回合结束时恢复其5000点生命，并且冒泡"哎~平身平身，快起来"（每场战斗生效一次）;橙
2176;大漠金蟾甲+10;单局内受到首次医术基础伤害-80%;金
2177;大漠金蟾甲+5;受到医术基础伤害-15%;金
2178;木王鼎;当受到医术伤害后，获得医术抵抗，使本回合再次被医术造成伤害时，基础伤害-50%，持续1回合。;金
2179;宇文山庄·增益加持;所有武学造成的正面状态（疗伤、调息、轻盈、坚韧、强壮）层数提高20%;橙
2180;问心剑+10;从第二个回合开始，多段剑法的每次攻击必定命中;金
2181;问心剑+5;灵巧+300;金
2182;四相云纹佩+5;真气+15000;金
2183;四相云纹佩+10;回合开始若自身真气小于10%，则恢复1000+5%的真气;金
2184;无量山绘卷+5;攻击时，30%概率附加15点中毒;金
2185;无量山绘卷+10;主动使《毒牙杖法》时，50%概率追加一次青龙棍法（每回合最多追加3次）;金
2186;无量山绘卷+15;使用奇门武学攻击时，有30%概率击退目标;金
2187;鞠躬尽瘁;若白衣教护卫在场，当召唤者受到致命一击时会替主人抵挡本次伤害（无视距离限制）;暗金
2188;残剑+5;《辟邪·无敌斩》威力百分比+10%;紫
2189;残剑+10;剑法武学基础伤害+10%;紫
2190;怜惜;受到男性角色基础伤害-10%;紫
2191;怜惜·极;受到男性角色基础伤害-15%;橙
2192;怜惜·狂;受到男性角色基础伤害-20%;金
2193;怜惜·化;受到男性角色基础伤害-30%;暗金
2194;冲冠一怒;使用《红尘一笑》后可为目标添加1层冲冠一怒，持续1回合，使其基础伤害+10%;紫
2195;冲冠一怒·极;使用《红尘一笑》后可为目标添加1层冲冠一怒·极，持续1回合，使其基础伤害+15%;橙
2196;冲冠一怒·狂;使用《红尘一笑》后可为目标添加1层冲冠一怒·狂，持续1回合，使其基础伤害+20%;金
2197;冲冠一怒·化;使用《红尘一笑》后可为目标添加1层冲冠一怒·化，持续1回合，使其基础伤害+30%;暗金
2198;融合吸能1级;通过内功的融合，吸收对方一定属性来增强自己;白
2199;融合吸能2级;通过内功的融合，吸收对方一定属性来增强自己;绿
2200;融合吸能3级;通过内功的融合，吸收对方一定属性来增强自己;蓝
2201;融合吸能4级;通过内功的融合，吸收对方一定属性来增强自己;紫
2202;融合吸能5级;通过内功的融合，吸收对方一定属性来增强自己;橙
2203;融合吸能6级;通过内功的融合，吸收对方一定属性来增强自己;金
2204;融合吸能7级;通过内功的融合，吸收对方一定属性来增强自己;暗金
2205;五行旗+5;所有召唤单位等级+1;金
2206;五行旗+10;所有召唤单位生命+50000;金
2207;五行旗+15;所有召唤单位生命提升10%;金
2208;五行旗·火;我方存活单位《红尘一笑》>10级时，召唤单位退场额外对攻击者造成15%的伤害;金
10401;武当派·初;;绿
10402;武当派·极;;紫
2211;五行旗·雷;使用《红尘一笑》后50%概率为所有召唤单位添加一层红尘一笑·防，使其防御提升10%;紫
2212;天赐·力道;在宇文山庄密道中修行，领悟出的天赐之道，力道+20%，同类天赋不可同时拥有;金
2213;天赐·灵巧;在宇文山庄密道中修行，领悟出的天赐之道，灵巧+20%，同类天赋不可同时拥有;金
2214;天赐·体质;在宇文山庄密道中修行，领悟出的天赐之道，体质+20%，同类天赋不可同时拥有;金
2215;天赐·精力;在宇文山庄密道中修行，领悟出的天赐之道，精力+20%，同类天赋不可同时拥有;金
2216;天赐·悟性;在宇文山庄密道中修行，领悟出的天赐之道，悟性+20%，同类天赋不可同时拥有;金
2217;天赐·内劲;在宇文山庄密道中修行，领悟出的天赐之道，内劲+20%，同类天赋不可同时拥有;金
2218;地灵·剑法精通;在宇文山庄密道中修行，领悟出的地灵之道，剑法精通+20%，同类天赋不可同时拥有;金
2219;地灵·刀法精通;在宇文山庄密道中修行，领悟出的地灵之道，刀法精通+20%，同类天赋不可同时拥有;金
2220;地灵·拳掌精通;在宇文山庄密道中修行，领悟出的地灵之道，拳掌精通+20%，同类天赋不可同时拥有;金
2221;地灵·腿法精通;在宇文山庄密道中修行，领悟出的地灵之道，腿法精通+20%，同类天赋不可同时拥有;金
2222;地灵·奇门精通;在宇文山庄密道中修行，领悟出的地灵之道，奇门精通+20%，同类天赋不可同时拥有;金
2223;地灵·暗器精通;在宇文山庄密道中修行，领悟出的地灵之道，暗器精通+20%，同类天赋不可同时拥有;金
2224;地灵·内功精通;在宇文山庄密道中修行，领悟出的地灵之道，内功精通+20%，同类天赋不可同时拥有;金
2225;地灵·医术精通;在宇文山庄密道中修行，领悟出的地灵之道，医术精通+20%，同类天赋不可同时拥有;金
2226;隔岸观火;暗器类武学攻击时，若与最近的攻击目标距离超过4格时，免疫反击;紫
2228;反击克制+10;受到敌人回合外的攻击时，降低20%的伤害;紫
2229;反击克制+5;受到敌人回合外的攻击时，减免自身生命值*2%的伤害;紫
2230;无影手+5;峨嵋派武学暴击率+10%;紫
2231;无影手+10;峨嵋派武学暴击伤害倍数+30%;紫
2232;金顶秘卷+15;若本次使用峨嵋派武学不暴击，则下次峨嵋派武学暴击率+20%;紫
2233;金顶秘卷+10;峨嵋武学暴击后必定触发绝招（每回合生效一次）;紫
2234;金顶秘卷+5;峨嵋派武学威力百分比+5%;紫
2235;削铁如泥;若攻击的敌人拥有护盾，则本次攻击可削减对方10%的护盾;暗金
2236;红颜知己;我方召唤单位的退场时，额外造成其生命值*5%的伤害（需《红尘一笑》达到10级方可生效，多人拥有此天赋时，仅生效一次）;紫
2237;红颜知己·极;我方召唤单位的退场时，额外造成其生命值*10%的伤害（需《红尘一笑》达到10级方可生效，多人拥有此天赋时，仅生效一次）;橙
2238;红颜知己·狂;我方召唤单位的退场时，额外造成其生命值*15%的伤害（需《红尘一笑》达到10级方可生效，多人拥有此天赋时，仅生效一次）;金
2239;红颜知己·化;我方召唤单位的退场时，额外造成其生命值*25%的伤害（需《红尘一笑》达到10级方可生效，多人拥有此天赋时，仅生效一次）;暗金
2240;测试;喊话;暗金
2241;神秘真气;若是不在四年内解除，恐有性命之虞;暗金
2242;珠联璧合+15;释放如意宫刀法武学后30%概率追加《血刃魔刀》，每损失1%生命值，增加1%触发概率（每回合最多生效一次）;暗金
2243;珠联璧合+10;自身每损失7%血量，使用刀法武学基础伤害+2%，最多提升20%;暗金
2244;珠联璧合+5;刀法威力百分比+5%;暗金
2245;重击刀;生命值低于30%时，使用刀法50%概率对敌人造成重击，基础伤害+30%;暗金
2246;余秧+15;使用刀法攻击时，可燃烧目标刀法精通*4的真气;暗金
2247;一线牵+10;使用如意宫奇门武学基础伤害+10%;暗金
2248;一线牵+15;释放如意宫奇门武学后30%概率追加《齐眉棍法》，每损失1%生命值，增加1%触发概率（每回合最多生效一次）;暗金
2249;一线牵+5;《归藏棍法》威力百分比+10%;暗金
2250;水波不兴;生命值低于20%时获得水波不兴状态：速度值+100，行动条速度+5%（持续2回合，每场战斗生效一次）;紫
2251;水波不兴·狂;生命值低于50%时获得水波不兴状态：速度值+500，行动条速度+10%（持续2回合，每场战斗生效一次）;金
2252;水波不兴·极;生命值低于20%时获得水波不兴状态：速度值+300，行动条速度+5%（持续2回合，每场战斗生效一次）;橙
2253;水波不兴·化;生命值低于50%时获得水波不兴状态：速度值+800，行动条速度+10%（持续3回合，每场战斗生效一次）;暗金
2254;顺势而为;速度值+100，腿法技能释放后行动条前进4%（每回合最多生效两次）;紫
2255;顺势而为·极;速度值+300，腿法技能释放后行动条前进6%（每回合最多生效两次）;橙
2256;顺势而为·狂;速度值+500，腿法技能释放后行动条前进8%（每回合最多生效两次）;金
2257;顺势而为·化;速度值+800，腿法技能释放后行动条前进8%（每回合最多生效三次）;暗金
2258;借势而进;回合内受到攻击，20%概率行动条前进3%（每回合最多生效2次，生命值低于20%后此效果不再生效）;紫
2259;借势而进·极;回合内受到攻击，40%概率行动条前进4%（每回合最多生效2次，生命值低于20%后此效果不再生效）;橙
2260;借势而进·狂;回合内受到攻击，60%概率行动条前进5%（每回合最多生效3次，生命值低于20%后此效果不再生效）;金
2261;借势而进·化;回合内受到攻击，80%概率行动条前进5%（每回合最多生效4次，生命值低于20%后此效果不再生效）;暗金
2262;冰蚕丝护腿+5;宇文山庄腿法武学威力百分比+10%;暗金
2263;冰蚕丝护腿+10;腿法技能释放后，行动速度+3%，效果持续一回合，每回合最多生效3次，生命值低于20%后不再生效;暗金
2264;冰蚕丝护腿+15;《追风逐日腿》攻击后有概率追加一次《捕风捉影腿》，自身生命值越高，追加概率越高，最高50%概率，每回合生效一次，生命值低于20%时此效果不生效;暗金
2265;金色备用1;宇文山庄武学威力百分比+10%;紫
2266;金色备用2;如意宫武学威力百分比+10%;紫
2267;金色备用3;如意宫武学吸血率+5%;紫
2268;金色备用4;自身生命值低于30%时，使用如意宫武学有30%概率造成额外20%伤害;紫
2269;刀盾双绝+5;生命值+50000;暗金
2270;刀盾双绝+10;每次受到反击伤害，使该反击者的反击率降低10%，每个敌人最多受到20次衰减;暗金
2271;刀盾双绝+15;自身回合外受到反击伤害时有30%概率进行格挡，使自身受到基础伤害-50%。若生命值低于30%，则触发概率翻倍。;暗金
2274;活泼好动;每经过三次行动，在下一次行动后将会前进进度条的15%;暗金
2277;金色备用5;生命值+20000;紫
2278;金色备用6;刀法基础伤害+10%;紫
2279;金色备用7;宇文山庄武学释放后为自身添加坚韧+5;紫
2280;金色备用8;受到拳掌攻击基础伤害-10%;紫
2281;金色备用9;受到剑法攻击基础伤害-10%;紫
2282;金色备用10;刀法基础伤害+5%;紫
2283;黑金护腿+5;腿法武学威力百分比+10%;暗金
2284;黑金护腿+10;腿法武学对拥有减速的敌人基础伤害+10%;暗金
2285;寒冰吊坠+5;生命值+50000;暗金
2286;寒冰吊坠+10;攻击自身的敌人将受到寒冰之力的侵蚀，其行动条移动速度降低2%（持续2回合，每个敌人最多被添加5层寒冰之力，若行动条速度百分比已经为负则不再降低）;暗金
2287;意气素霓生;奇门精通+15%;橙
2288;纵死侠骨香;医术精通+15%;橙
2289;堕入红尘;受到男性角色基础伤害-30%;暗金
2290;如意之人;攻击真气低于20%的角色时，50%概率基础伤害+30%;暗金
2291;爱书之人;抓周时选择书籍带来的奖励。战斗产出武学经验+20%（不可叠加生效）;橙
26902;断情谷·破招率;;绿
27003;玲珑庄·闪避率;;蓝
68004;如意宫·体质;;橙
27104;龙神教·闪避率;;紫
10801;赤刀门·初;;绿
10802;赤刀门·极;;紫
10803;赤刀门·狂;;金
10804;赤刀门·化;;暗金
14901;天阴教2·初;;绿
14902;天阴教2·极;;紫
14903;天阴教2·狂;;金
14904;天阴教2·化;;暗金
27202;黑风山寨·生命;;绿
60000;铸剑山庄刀法武学威力百分比+10%;铸剑山庄刀法武学威力百分比+10%;暗金
60001;使用铸剑山庄刀法武学造成基础伤害+10%;使用铸剑山庄刀法武学造成基础伤害+10%;暗金
60002;裂空刃+15;《大力断钢斩》等级上限+2;
60003;铸剑山庄剑法武学威力百分比+10%;铸剑山庄剑法武学威力百分比+10%;暗金
60004;使用铸剑山庄剑法武学造成基础伤害+10%;使用铸剑山庄剑法武学造成基础伤害+10%;暗金
60005;铸剑山庄奇门武学威力百分比+10%;铸剑山庄奇门武学威力百分比+10%;暗金
60006;使用铸剑山庄奇门武学造成基础伤害+10%;使用铸剑山庄奇门武学造成基础伤害+10%;
60007;七星龙渊+5;铸剑山庄剑法武学威力百分比+10%;暗金
60008;七星龙渊+10;铸剑山庄剑法武学造成伤害+10%;暗金
60009;七星龙渊+15;铸剑山庄武学攻击敌人后使其所有提升武学攻击范围的效果失效（效果持续2回合）;暗金
60010;擎天一柱+5;铸剑山庄奇门武学威力百分比+10%;暗金
60011;擎天一柱+10;铸剑山庄奇门武学造成伤害+10%;暗金
60012;擎天一柱+15;每层铸剑蓄力使铸剑山庄奇门伤害+1%;暗金
60013;赤云棍+5;铸剑山庄奇门武学威力百分比+10%;暗金
60014;赤云棍+10;铸剑山庄奇门武学造成伤害+10%;暗金
60015;赤云棍+15;每层铸剑蓄力提升薪火无尽棍法1%绝招率;暗金
60016;五彩霞衣+5;受到反击伤害降低20%;暗金
60017;五彩霞衣+10;自身每有一层铸剑蓄力，受到伤害降低1%;暗金
27302;极光门·悟性;;绿
11001;少林寺·初;;绿
11002;少林寺·极;;紫
11003;少林寺·狂;;金
11004;少林寺·化;;暗金
27402;药王庄·合击率;;绿
11101;峨嵋派·初;;绿
11102;峨嵋派·极;;紫
11103;峨嵋派·狂;;金
11104;峨嵋派·化;;暗金
27503;侠客门·连招率;;蓝
3000;刀霸之资;天赋异禀，使用刀法武学时，自身基础攻击力+30%;暗金
3001;剑圣之资;天赋异禀，使用剑法武学时，自身基础攻击力+30%;暗金
3002;棍王之资;天赋异禀，使用奇门武学时，自身基础攻击力+30%;暗金
3003;真气化形;天赋异禀，使用内功武学时，自身基础攻击力+30%;暗金
3004;拳皇之资;天赋异禀，使用拳法武学时，自身基础攻击力+30%;暗金
3005;腿皇之资;天赋异禀，使用腿法武学时，自身基础攻击力+30%;暗金
3006;药王之资;天赋异禀，使用医术武学时，自身基础攻击力+30%;暗金
3007;暗器之资;天赋异禀，使用暗器武学时，自身基础攻击力+30%;暗金
11201;五岳宗·初;;绿
11202;五岳宗·极;;紫
11203;五岳宗·狂;;金
11204;五岳宗·化;;暗金
27603;铁躯门·连击率;;蓝
27702;五虎门·忽视防御率;;绿
27802;欧阳山庄·闪避率;;绿
11501;天阴教·初;;绿
11502;天阴教·极;;紫
11503;天阴教·狂;;金
11504;天阴教·化;;暗金
27901;开封黑帮·命中率;;白
28004;莆田寺·忽视防御率;;紫
28103;月梅庄·生命;;蓝
11801;全真教·初;;绿
11802;全真教·极;;紫
11803;全真教·狂;;金
11804;全真教·化;;暗金
28204;西门世家·连招率;;紫
20105;玄机门·连击率;;橙
28301;天龙寺·忽视防御率;;白
50210;倾国倾城·化;《青鸾凤舞》暴击时，100%概率使用本武学额外攻击一次（每回合最多触发1次）;暗金
50209;倾国倾城·狂;《青鸾凤舞》暴击时，60%概率使用本武学额外攻击一次（每回合最多触发1次）;金
50208;倾国倾城·极;《青鸾凤舞》暴击时，40%概率使用本武学额外攻击一次（每回合最多触发1次）;橙
50207;倾国倾城;《青鸾凤舞》暴击时，20%概率使用本武学额外攻击一次（每回合最多触发1次）;紫
50206;有凤来仪·化;《青鸾凤舞》伤害+20%;暗金
50205;有凤来仪·狂;《青鸾凤舞》伤害+15%;金
50204;有凤来仪·极;《青鸾凤舞》伤害+10%;橙
50203;有凤来仪;《青鸾凤舞》伤害+5%;紫
50201;鸾骞鹤舞·狂;《青鸾凤舞》多段攻击次数+2；百里挑一2级：腿法武学攻击目标时，30%几率对其中一个敌人额外进行一次攻击（每回合限一次）;金
50200;鸾骞鹤舞·极;《青鸾凤舞》多段攻击次数+2；百里挑一1级：腿法武学攻击目标时，20%几率对其中一个敌人额外进行一次攻击（每回合限一次）;橙
50199;鸾骞鹤舞;《青鸾凤舞》多段攻击次数+1；百里挑一1级：腿法武学攻击目标时，20%几率对其中一个敌人额外进行一次攻击（每回合限一次）;紫
50198;游走识破3级;蛇族常年游走在森林之中，破招率+30%;暗金
50197;游走识破2级;蛇族常年游走在森林之中，破招率+20%;金
50196;游走识破1级;蛇族常年游走在森林之中，破招率+10%;橙
50195;力大无穷;每经过三次行动，下一次攻击的基础伤害+20%;暗金
50194;魅惑人间;对异性角色造成的伤害增加15%;暗金
50193;博览群书;可学武学数量上限+1，可学天赋数量上限+1;暗金
50192;太白宝剑;《太白剑法》威力百分比+10%;蓝
50191;参数天赋测试;自身被同一个武学攻击两次后可喊出“哈哈哈”;
50190;测试天赋;测试效果：触发绝招;暗金
50189;矫若游龙;龙门镖局奇门武学威力百分比+10%;金
50188;龙腾虎跃;龙门镖局武学伤害+10%;金
50187;风虎云龙;龙门镖局武学伤害+15%;暗金
50186;医者仁心;长生门医术治疗效果+10%;金
50185;百毒不侵;五毒教内功伤害+10%;暗金
50184;内圆外方;玄机门外功攻击时，50%概率造成30%的额外伤害;暗金
50183;月落参横;天阴教拳法伤害+10%;暗金
50182;力之玄机;玄机门掌法武学伤害+10%;金
50181;白衣渡江;白衣教武学伤害+10%;暗金
50180;月朗星稀;天阴教武学攻击时，敌人每多一种基础负面状态（流血、中毒、内伤、破甲、残废、减速），造成伤害+10%;暗金
50179;巧之玄机;玄机门剑法伤害+10%;金
50178;速之玄机;玄机门腿法伤害+10%;金
50177;浩然正气;六扇门拳法武学攻击真气小于20%的角色时，40%概率造成40%的伤害;暗金
50176;惩奸除恶;自身拥有强壮时，六扇门拳法武学伤害+10%;金
50175;不卑不亢;六扇门奇门武学攻击时，50%概率造成伤害+30%;暗金
50174;川流不息;六扇门奇门武学威力百分比+20%;暗金
50173;临危不乱;六扇门刀法武学攻击敌人时，50%概率造成伤害+30%;暗金
50172;刚正不阿;六扇门刀法威力百分比+20%;暗金
50171;倚天秘法;峨嵋剑法暴击伤害倍数+10%;金
50170;横空一剑;峨嵋剑法若本次不暴击，则下次攻击时峨嵋剑法暴击率+5%（最多可叠加2次，暴击后消失）;金
50169;冠绝天下;峨嵋剑法武学威力百分比+10%;金
50168;金顶秘卷4级;峨嵋武学暴击后必定触发绝招（每回合生效一次，最高升至4级）;暗金
50167;金顶秘卷3级;峨嵋武学暴击后60%概率触发绝招（每回合生效一次，最高升至4级）;金
50166;金顶秘卷2级;峨嵋武学暴击后30%概率触发绝招（每回合生效一次，最高升至4级）;橙
50165;金顶秘卷1级;峨嵋武学暴击后10%概率触发绝招（每回合生效一次，最高升至4级）;紫
50164;汹汹气势;丐帮拳掌伤害+10%;暗金
50163;人多势众;丐帮腿法伤害+10%;暗金
50162;铁索横江;使用任何丐帮奇门武学后，下回合继续使用丐帮奇门武学，则威力百分比+10%;暗金
50161;棍棍生风;丐帮奇门威力百分比+10%;暗金
50160;饿虎扑食;《黑虎绝户爪》绝招释放后有30%概率追加一次破阵爪;暗金
50159;虎视眈眈;《虎爪功》、《黑虎绝户爪》绝招伤害+15%;暗金
50158;中正安舒;《太极拳》《太极剑》攻击后提升暴击抵抗率70%，被击3次后消失，最多持续1回合;暗金
50157;阴阳刚柔;武当剑法武学伤害+15%;暗金
50156;松柔慢匀;武当武学伤害+10%;暗金
50155;中庸;自身回合内会用武当拳掌武学攻击敌人时，50%概率伤害+30%;暗金
50154;太极生圆1级;使用《太极拳》、《太极剑》攻击时，攻击范围增加至3*3范围;暗金
20205;丐帮·连招率;;橙
50153;太极生圆1级;使用《太极拳》、《太极剑》主动攻击时，攻击范围增加至3*3范围;暗金
50152;太极生圆1级;使用《太极拳》、《太极剑》主动攻击时，60%概率使攻击范围增加至3*3范围;暗金
50151;风驰雨骤;少林腿法伤害+15%;暗金
50150;风卷残云;少林腿法伤害+10%;金
50149;当头一棒;少林奇门对非中心目标的敌人伤害+15%;暗金
50148;夹枪带棒;少林奇门伤害+10%;金
28404;天地会·连击率;;紫
50147;舞刀弄枪;少林奇门威力百分比+10%;金
50146;宝刀未老;少林刀法攻击敌人时，40%概率造成40%额外伤害;暗金
50145;牛刀小试;少林寺刀法伤害+10%;金
50144;放下屠刀;少林刀法威力百分比+10%;金
50143;一拳柱定;少林拳掌伤害+10%;金
50142;刚猛拳法;少林拳掌攻击敌人时，50%概率造成30%额外伤害;暗金
50141;汲取生命5级;吸血率+20%;暗金
50140;汲取生命4级;吸血率+15%;金
50139;汲取生命3级;吸血率+10%;橙
50138;汲取生命2级;吸血率+6%;紫
50137;忽视防御4级;忽视防御率+20%;金
50136;忽视防御3级;忽视防御率+15%;橙
50135;忽视防御2级;忽视防御率+10%;紫
50134;致命反弹4级;反弹伤害倍数+16%;金
50133;致命反弹3级;反弹伤害倍数+12%;橙
50132;致命反弹2级;反弹伤害倍数+8%;紫
50131;绵延不绝4级;连招率+12%;金
50130;绵延不绝3级;连招率+9%;橙
50129;绵延不绝2级;连招率+6%;紫
50128;技艺超群3级;绝招率+12%;橙
50127;技艺超群2级;绝招率+8%;紫
50126;遥相呼应3级;合击率+10%;橙
50125;遥相呼应2级;合击率+6%;紫
50124;左右逢源3级;援护率+10%;橙
50123;左右逢源2级;援护率+6%;紫
50122;反弹龟甲4级;反弹率+16%;金
50121;反弹龟甲3级;反弹率+12%;橙
50120;反弹龟甲2级;反弹率+8%;紫
50119;连环夺命3级;连击率+10%;橙
50118;连环夺命2级;连击率+6%;紫
50117;破尽万物2级;破招率+8%;紫
50116;闪转腾挪3级;闪避率+9%;橙
50115;闪转腾挪2级;闪避率+6%;紫
50114;百发百中5级;命中率+20%;暗金
50113;百发百中4级;命中率+15%;金
50112;百发百中3级;命中率+10%;橙
50111;百发百中2级;命中率+6%;紫
50110;反戈一击5级;反击率+40%;暗金
50109;反戈一击4级;反击率+30%;金
50108;反戈一击3级;反击率+20%;橙
50107;反戈一击2级;反击率+12%;紫
50106;事半功倍5级;暴击伤害倍数+60%;暗金
50105;事半功倍4级;暴击伤害倍数+40%;金
50104;事半功倍3级;暴击伤害倍数+25%;橙
50103;事半功倍2级;暴击伤害倍数+16%;紫
50102;专注防守4级;暴击抵抗率+12%;金
50101;专注防守2级;暴击抵抗率+6%;紫
50100;专注防守3级;暴击抵抗率+9%;橙
50099;恰中要害4级;暴击率+16%;金
50098;恰中要害3级;暴击率+12%;橙
50097;恰中要害2级;暴击率+8%;紫
50096;暗门无双5级;暗器伤害+24%;暗金
50095;暗门无双4级;暗器伤害+18%;金
50094;暗门无双3级;暗器伤害+12%;橙
50093;暗门无双2级;暗器伤害+8%;紫
50092;汲取生命1级;吸血率+3%;蓝
50091;忽视防御1级;忽视防御率+5%;蓝
50090;致命反弹1级;反弹伤害倍数+4%;蓝
50089;绵延不绝1级;连招率+3%;蓝
50088;技艺超群1级;绝招率+4%;蓝
50087;遥相呼应1级;合击率+3%;蓝
50086;左右逢源1级;援护率+3%;蓝
50085;反弹龟甲1级;反弹率+4%;蓝
50084;连环夺命1级;连击率+3%;蓝
50083;破尽万物1级;破招率+3%;蓝
50082;闪转腾挪1级;闪避率+3%;蓝
50081;百发百中1级;命中率+3%;蓝
50080;反戈一击1级;反击率+6%;蓝
50079;事半功倍1级;暴击伤害倍数+8%;蓝
50078;专注防守1级;暴击抵抗率+3%;蓝
50077;恰中要害1级;暴击率+4%;蓝
50076;暗门无双1级;暗器伤害+4%;蓝
50075;奇门术数5级;奇门伤害+24%;暗金
50074;奇门术数4级;奇门伤害+18%;金
50073;奇门术数3级;奇门伤害+12%;橙
50072;奇门术数2级;奇门伤害+8%;紫
50071;奇门术数1级;奇门伤害+4%;蓝
50070;杏林高手5级;医术治疗+24%;暗金
50069;杏林高手4级;医术治疗+18%;金
50068;杏林高手3级;医术治疗+12%;橙
50067;杏林高手2级;医术治疗+8%;紫
50066;杏林高手1级;医术治疗+4%;蓝
50065;先天真气5级;内功伤害+24%;暗金
50064;先天真气4级;内功伤害+18%;金
16201;恒山派·初;;绿
16202;恒山派·极;;紫
16203;恒山派·狂;;金
16204;恒山派·化;;暗金
50063;先天真气3级;内功伤害+12%;橙
50062;先天真气2级;内功伤害+8%;紫
50061;先天真气1级;内功伤害+4%;蓝
50057;剑气破空2级;剑法伤害+8%;紫
20305;长生门·合击率;;橙
50056;剑气破空1级;剑法伤害+4%;蓝
50055;极速无影5级;腿法伤害+24%;暗金
50054;极速无影4级;腿法伤害+18%;金
50053;极速无影3级;腿法伤害+12%;橙
28502;铁掌门·剑法攻击;;绿
50052;极速无影2级;腿法伤害+8%;紫
50051;极速无影1级;腿法伤害+4%;蓝
50050;抽刀断水5级;刀法伤害+24%;暗金
50049;抽刀断水4级;刀法伤害+18%;金
50048;抽刀断水3级;刀法伤害+12%;橙
50047;抽刀断水2级;刀法伤害+8%;紫
50046;抽刀断水1级;刀法伤害+4%;蓝
50045;拳拳生风5级;拳掌伤害+24%;暗金
50044;拳拳生风4级;拳掌伤害+18%;金
50043;拳拳生风1级;拳掌伤害+12%;橙
50042;拳拳生风2级;拳掌伤害+8%;紫
50041;拳拳生风1级;拳掌伤害+4%;蓝
50040;断愁离魂4级;暗器威力百分比+20%;金
50039;断愁离魂3级;暗器威力百分比+15%;橙
50038;断愁离魂2级;暗器威力百分比+10%;紫
50037;断愁离魂1级;暗器威力百分比+5%;蓝
50036;奇门遁甲4级;奇门威力百分比+20%;金
50035;奇门遁甲3级;奇门威力百分比+15%;橙
50034;奇门遁甲2级;奇门威力百分比+10%;紫
50033;奇门遁甲1级;奇门威力百分比+5%;蓝
50032;仁心仁术4级;医术威力百分比+20%;金
50031;仁心仁术3级;医术威力百分比+15%;橙
50030;仁心仁术2级;医术威力百分比+10%;紫
50029;仁心仁术1级;医术威力百分比+5%;蓝
50028;气贯苍穹4级;内功威力百分比+20%;金
50027;气贯苍穹3级;内功威力百分比+15%;橙
50026;气贯苍穹2级;内功威力百分比+10%;紫
50025;气贯苍穹1级;内功威力百分比+5%;蓝
50024;寒风剑气4级;剑法威力百分比+20%;金
50023;寒风剑气3级;剑法威力百分比+15%;橙
50022;寒风剑气2级;剑法威力百分比+10%;紫
50021;寒风剑气1级;剑法威力百分比+5%;蓝
50020;旋风神腿4级;腿法威力百分比+20%;金
50019;旋风神腿3级;腿法威力百分比+15%;橙
50018;旋风神腿2级;腿法威力百分比+10%;紫
50017;旋风神腿1级;腿法威力百分比+5%;蓝
50016;刀光剑影4级;刀法威力百分比+20%;金
50015;刀光剑影3级;刀法威力百分比+15%;橙
50014;刀光剑影2级;刀法威力百分比+10%;紫
50013;刀光剑影1级;刀法威力百分比+5%;蓝
50012;赤手空拳4级;拳掌威力百分比+20%;蓝
50011;赤手空拳3级;拳掌威力百分比+15%;蓝
50010;赤手空拳2级;拳掌威力百分比+10%;蓝
50009;赤手空拳1级;拳掌威力百分比+5%;蓝
50008;算无遗漏;包打听装神弄鬼时领悟的专属天赋，所有武学等级上限+1;金
50007;飞仙剑阵;使用《七十二峰飞仙剑》攻击时，自身合击率+5%;
50006;返老还童;首次使用医术，降低目标单位的武学CD1回合;暗金
50005;医术圣手;使用医术时，增加20%治疗;橙
50004;踏月扇;对目标造成伤害后，20%概率封印目标一个回合，使其无法攻击;橙
50003;醉意;攻击目标为其附加一层醉意。攻击拥有醉意的目标时，伤害+20%。醉意：受到攻击时，额外附加攻击者攻击力*70%的伤害，触发后移除此效果;金
50002;梦华珠;自身回合开始时，为我方生命值最低的单位进行治疗，恢复其攻击力+医术精通*10的生命值，每回合生效一次;金
50001;烈焰珠;暴击伤害倍数+20%;橙
50000;玄武盾;队友受到攻击时，能够以自身防御分担20%的伤害;暗金
30062;潇潇雨歇;攻击异性单位基础伤害+10%;金
30061;真气提升-熟练;真气+2500;蓝
30060;真气提升-初学;真气+2000;绿
30059;真气提升-珍稀;真气+8500;金
30058;真气提升-极品;真气+5000;橙
30057;真气提升-优秀;真气+3500;紫
30056;真气提升-新手;真气+1750;白
30055;真气提升-无双;真气+13000;暗金
30054;防御提升-熟练;防御+150;蓝
30053;防御提升-初学;防御+120;绿
30052;防御提升-珍稀;防御+510;金
30051;防御提升-极品;防御+300;橙
30050;防御提升-优秀;防御+210;紫
30049;防御提升-新手;防御+105;白
30048;防御提升-无双;防御+780;暗金
30047;生命提升-熟练;生命+2500;蓝
30046;生命提升-初学;生命+2000;绿
30045;生命提升-珍稀;生命+8500;金
30044;生命提升-极品;生命+5000;橙
30043;生命提升-优秀;生命+3500;紫
30042;生命提升-新手;生命+1750;白
30041;生命提升-无双;生命+13000;暗金
30040;攻击提升-初学;武学攻击+400;绿
30039;攻击提升-熟练;武学攻击+500;蓝
30038;攻击提升-珍稀;武学攻击+1700;金
30037;攻击提升-极品;武学攻击+1000;橙
30036;攻击提升-优秀;武学攻击+700;紫
30035;攻击提升-新手;武学攻击+350;白
30034;攻击提升-无双;武学攻击+2600;暗金
12201;铸剑山庄·初;;绿
12202;铸剑山庄·极;;紫
12203;铸剑山庄·狂;;金
12204;铸剑山庄·化;;暗金
16301;六扇门·初;;绿
16302;六扇门·极;;紫
16303;六扇门·狂;;金
16304;六扇门·化;;暗金
30033;暗器提升3级;使用暗器武学基础伤害+10%;暗金
30032;暗器提升2级;使用暗器武学基础伤害+8%;金
30031;暗器提升1级;使用暗器武学基础伤害+5%;紫
30030;奇门提升3级;使用奇门武学基础伤害+10%;暗金
20405;武当派·反击率;;橙
30029;奇门提升2级;使用奇门武学基础伤害+8%;金
30028;奇门提升1级;使用奇门武学基础伤害+5%;紫
30027;医术提升3级;使用医术武学基础伤害+10%;暗金
30026;医术提升2级;使用医术武学基础伤害+8%;金
30025;医术提升1级;使用医术武学基础伤害+5%;紫
30024;内功提升3级;使用内功武学基础伤害+10%;暗金
28604;南宫世家·悟性;;紫
30023;内功提升2级;使用内功武学基础伤害+8%;金
30022;内功提升1级;使用内功武学基础伤害+5%;紫
30021;剑法提升3级;使用剑法武学基础伤害+10%;暗金
30020;剑法提升2级;使用剑法武学基础伤害+8%;金
30019;剑法提升1级;使用剑法武学基础伤害+5%;紫
30018;腿法提升3级;使用腿法武学基础伤害+10%;暗金
30017;腿法提升2级;使用腿法武学基础伤害+8%;金
30016;腿法提升1级;使用腿法武学基础伤害+5%;紫
30015;刀攻提升3级;使用刀法武学基础伤害+10%;暗金
30014;刀攻提升2级;使用刀法武学基础伤害+8%;金
30013;刀攻提升1级;使用刀法武学基础伤害+5%;紫
30012;拳攻提升3级;使用拳法武学基础伤害+10%;暗金
30011;拳攻提升2级;使用拳法武学基础伤害+8%;金
30010;拳攻提升1级;使用拳法武学基础伤害+5%;紫
30009;暴雨梨花;暗器修为已臻于完美，受到剑暗器武学基础伤害-99%;暗金
30008;妙手回春;医术修为已臻于完美，受到医术基础伤害-99%;暗金
30007;真气化形;内功修为已臻于完美，受到内功武学基础伤害-99%;暗金
30006;奇门八道;奇门修为已臻于完美，受到奇门武学基础伤害-99%;暗金
30005;腿法精纯;腿法修为已臻于完美，受到腿法武学基础伤害-99%;暗金
30004;刀气护体;刀法修为已臻于完美，受到刀法武学基础伤害-99%;暗金
30003;拳皇秘术;拳法修为已臻于完美，受到拳法武学基础伤害-99%;暗金
30002;剑道巅峰;剑道修为已臻于完美，受到剑系武学基础伤害-99%;暗金
30001;多重分身;;暗金
30000;三重分身;进入战斗后召唤两个分身，分身受到基础伤害-30%;暗金
29602;闯王派·命中率;;绿
29505;唐门·闪避率;;橙
29001;青龙帮·闪避率;;白
28704;东方世家·忽视防御率;;紫
26802;雪山派·吸血率;;绿
26703;凡云庄·连击率;;蓝
26305;六扇门·反弹率;;橙
25002;南山派·忽视防御率;;绿
24806;白衣教·暴击伤害倍数;;金
22403;香字分舵·连击率;;蓝
22205;铸剑山庄·剑法攻击;攻击+20%，铸剑蓄力层数上限+5;橙
21905;龙门镖局·防御;;橙
21805;全真教·真气;;橙
21705;逍遥仙宫·充盈;攻击时按照伤害的10%吸收敌人真气;橙
21605;五毒教·闪避率;;橙
21505;天阴教·生命;;橙
21205;五岳宗·破招率;;橙
21105;峨嵋派·暴击率;暴击率+10%，峨嵋派武学暴击率额外+10%;橙
21005;少林寺·忽视防御率;;橙
20805;赤刀门·吸血率;吸血率+15%；自身流血时，赤刀门武学吸血率额外+15%;橙
20504;昆仑顶·命中率;;紫
18008;总真气百分比;;金
18007;总生命百分比;;金
18006;总速度百分比;;金
18005;总暴击值百分比;;金
18004;装备回合回真气百分比;;金
18003;装备真气百分比;;金
18002;基础剑法攻击百分比;;金
18001;基础生命百分比;;金
10404;武当派·化;;暗金
10403;武当派·狂;;金
10304;长生门·化;;暗金
10303;长生门·狂;;金
10302;长生门·极;;紫
10301;长生门·初;;绿
10204;丐帮·化;;暗金
10203;丐帮·狂;;金
10202;丐帮·极;;紫
10201;丐帮·初;;绿
10104;玄机门·化;;暗金
10103;玄机门·狂;;金
10102;玄机门·极;;紫
10101;玄机门·初;;绿