技能id;技能名称;描述;稀有度
1;玄机弹指;攻击敌人[DamageCount]次，造成[DamageValue]伤害，命中后会穿透该敌人身后所有敌人;暗金
2;本武学：减速+5;本武学攻击附加减速+5;绿
3;拨弦手法：对暗器破招+10%;拨弦手法：对所有暗器的破招率+10%;金
4;破招后50%几率施放手挥五弦;对暗器破招后50%几率施放《手挥五弦》;金
5;手挥五弦;攻击敌人造成[DamageValue]伤害，额外附加暗器精通*2的伤害，命中敌人后会弹射[TanSheCount]次;金
6;黑月神针;攻击敌人[DamageCount]次，造成[DamageValue]伤害，20%几率附加流血+10，命中后会穿透该敌人身后所有敌人;蓝
7;重压斩;以[DamageValue]威力攻击敌人，攻击后可获得一层铸剑蓄力;白
8;穿针引线;暗器武学攻击附加漫天花雨"状态，状态可叠加5层，每层使其受到暗器招式攻击时基础伤害+3%（当获得"穿针引线"时当前效果被取代）";金
9;黑月神针【触发.追加】;施放其他暗器招式暴击时，100%几率在招式后追击一次黑月神针;紫
10;日月万光神针;攻击敌人[DamageCount]次，造成[DamageValue]伤害，40%几率附加流血+20，命中后会穿透该敌人身后所有敌人;暗金
11;乾坤颠倒神功;攻击敌人造成[DamageValue]伤害，并将最大生命值低于自身的敌人吸附到同一格子上;暗金
12;增加一个目标;增加一个目标;紫
13;天山老巫;主动使用使接下来的2回合施放拳掌武学时额外获得拳掌精通*6的攻击力，并附带力道*6的真气燃烧效果;暗金
14;烈日灼心;屏幕两侧出现两排绣花针，每侧对敌造成[DamageValue]伤害;暗金
15;龙行天下;使用腿法武学攻击后额外行动一次，一局只触发一次;暗金
16;毒蒺藜;随机攻击敌人[DamageCount]次，造成[DamageValue]伤害，根据暗器精通提高随机攻击次数;白
17;沧海龙吟曲;攻击敌人造成[DamageValue]伤害，减少目标及其周围3*3敌人真气（武学等级越高，减少的越多）;金
18;本武学：暴击抵抗率+70%;反击率+10%，攻击后提升暴击抵抗率70%，被击3次后消失，最多持续1回合;暗金
19;银针飞花;随机攻击敌人[DamageCount]次，造成[DamageValue]伤害，根据暗器精通提高随机攻击次数;蓝
20;铸剑蓄力加灵巧;本武学蓄力后，自身提升灵巧+10%，本局战斗内可叠加10次;暗金
21;中毒传染;本武学攻击中毒目标时，会将目标所有中毒强度20%传染给其周围3*3格目标;紫
22;五彩神砂;随机攻击敌人3次，造成[DamageValue]伤害;橙
23;魂飞魄散;攻击敌人造成[DamageValue]伤害，并在其周围3*3范围施放有毒的地面，站在毒地上的所有敌方目标，回合开始时受到中毒+30，毒地持续1回合;暗金
24;神行鬼步;主动使用移动到地图任意位置;紫
25;寒玉针;攻击敌人造成[DamageValue]伤害，命中后会穿透该敌人身后所有敌人;暗金
26;本武学伤害后真气燃烧：攻击40%;本武学攻击附加攻击*40%的真气燃烧的效果;暗金
27;本武学：连击增伤50%;本武学发动连击时基础伤害+50%;暗金
28;疗伤+20，调息+20【队友退场】;每当有队友退场时，自身获得调息+20，疗伤+20;暗金
29;武当外功：最终伤害+40%（目标流血）;武当派所有外功对流血目标造成基础伤害+40%;金
30;绝刀;随机攻击敌人[DamageCount]次，造成[DamageValue]伤害，附加刀法精通*5点伤害。如果目标中毒层数大于等于80，则额外附加刀法精通*5点伤害;暗金
31;玄阴真经：坚韧+10;所有玄阴真经武学攻击后自身附加坚韧+10;金
32;无心掌;攻击敌人造成[DamageValue]伤害;橙
33;水上漂;主动使用移动到地图任意位置;橙
34;本武学：最终伤害+20%（目标中毒）;本武学攻击中毒目标时，造成基础伤害+20%;紫
35;风行腿法;攻击敌人造成[DamageValue]伤害;紫
36;本武学：中毒+20;本武学攻击附加中毒+20;橙
37;本武学：最终伤害+50%（目标减速）;本武学攻击减速目标时，造成基础伤害+50%;橙
38;灵枢针术;攻击敌人造成[DamageValue]伤害，命中敌人后会弹射[TanSheCount]次，攻击时额外获得医术精通*2的攻击力;蓝
39;本武学：回合回复生命值-200;本武学使目标每回合恢复生命值-200，持续3回合;蓝
40;本武学：基础攻击提升10%;本武学攻击时，基础攻击提升10%;蓝
41;风流蝶刺;攻击敌人[DamageCount]次，造成[DamageValue]伤害，命中后会穿透该敌人身后所有敌人;白
42;最终伤害：剩余真气/目标个数;施放本武学时会消耗最大真气15%，每10点真气造成3点伤害平分到所有目标;绿
43;日月万光神针流血+2;使用《日月万光神针》时附加流血+2;绿
44;少林刀法;攻击敌人造成[DamageValue]伤害，攻击时基础攻击提升5%;白
45;破魔刀法;攻击敌人造成[DamageValue]伤害，攻击时基础攻击提升10%;蓝
46;慈悲刀法;攻击敌人造成[DamageValue]伤害，攻击时基础攻击提升10%;紫
47;慈悲刀法【触发】;本武学威力大幅提升，对生命值小于10%的敌人，基础伤害-90%;紫
48;烈焰刀法;攻击敌人造成[DamageValue]伤害，攻击时基础攻击提升15%，造成刀法精通*3点的真气燃烧效果;金
49;东来绝技;攻击敌人[DamageCount]次，造成[DamageValue]伤害，攻击后击退敌人1格;暗金
50;业火刀法;攻击敌人造成[DamageValue]伤害，攻击时基础攻击提升15%，造成刀法精通*7点的真气燃烧效果;金
51;赤刀刀法;攻击敌人造成[DamageValue]伤害，20%几率附加流血+20;白
52;白蛇吐信;攻击敌人造成[DamageValue]伤害，附加减速+30，残废+30，攻击后造成吸附效果;暗金
53;赤刀门：流血5;赤刀门武学附加流血时额外附加5层流血;绿
54;血海魔功;开场时对所有敌人施放攻击造成无视防御伤害（攻击和武学等级越高，伤害越高），附加流血+5;金
55;赤刀索魂;攻击敌人造成[DamageValue]伤害，流血的敌人受到的基础伤害+20%且对其周围3*3的敌人造成30%的额外伤害伤害;暗金
56;惊魂刀法;攻击敌人造成[DamageValue]伤害，30%几率附加流血+20;蓝
57;本武学：暴击伤害+10%;本武学暴击时造成基础伤害+10%;蓝
58;本武学：最终伤害+30%（目标流血）;本武学攻击流血目标时，造成基础伤害+30%;蓝
59;饮血刀法;攻击敌人造成[DamageValue]伤害，40%几率附加流血+20;橙
60;饮血二式;攻击敌人造成[DamageValue]伤害，附加流血+20，如已有目标流血达到50，则再次施放;橙
61;赤刀神功;攻击敌人造成[DamageValue]伤害，50%几率附加流血+20;暗金
62;本武学：暴击时伤害+30%;暴击时基础伤害+30%;暗金
63;衙门刀法;攻击敌人造成[DamageValue]伤害，25%几率附加残废+20;绿
64;凌云功;主动使用移动到地图任意位置;紫
65;严刑刀法;攻击敌人造成[DamageValue]伤害，35%几率附加残废+20;紫
66;雪狐刀法·全;攻击敌人造成[DamageValue]伤害;暗金
67;本武学：减速+20;本武学攻击附加减速+20;暗金
68;本武学：轻盈+20;本武学攻击时，自身获得轻盈+20;暗金
69;雪落狐飞;攻击当前敌人及其他有减速的敌人造成[DamageValue]伤害，附加流血+40;暗金
70;夏济八砍刀法;随机攻击敌人[DamageCount]次，造成[DamageValue]伤害，根据刀法精通提高随机攻击次数;紫
71;金龙刀法;攻击敌人造成[DamageValue]伤害;金
72;凌波仙子舞;主动使用移动到地图任意位置;金
73;蓑衣刀法;攻击敌人造成[DamageValue]伤害;白
74;快斩刀法;攻击敌人造成[DamageValue]伤害;绿
75;刀气剑诀;攻击敌人造成[DamageValue]伤害;金
76;寿比南山功;主动使用额外消耗武学等级*500+5%的真气获得等量护盾（真气不足时无法使用）;金
77;本武学：行动条击退10%;本武学攻击附加行动条击退10%;暗金
78;风云腿;攻击敌人造成[DamageValue]伤害;蓝
79;旋风迷阵;攻击敌人造成[DamageValue]伤害，并造成目标随机位移1格;绿
82;移动后：闪避率+20%;使用轻功后闪避率提升20%，效果持续一回合;金
84;百炼心法;主动使用，自身添加两层铸剑蓄力;橙
85;无相神功;攻击敌人造成[DamageValue]伤害;橙
86;八音迭奏;攻击敌人[DamageCount]次，造成[DamageValue]伤害，攻击后所有敌人吸附到一起;暗金
87;紫_初始行动;开局时行动条前进到20%;紫
88;极速2级;极速1级：开局行动条前进8%（可叠加至7级）;金
90;蓝_初始行动;开局时行动条前进到15%;蓝
91;追风逐日腿;攻击敌人造成[DamageValue]点伤害，并为敌人附加一层画地为牢状态，使其行动移动格子书-1，持续两回合（若敌人的行动移动格子数小于1则不再降低）;暗金
92;绿_初始行动;开局时行动条前进到10%;绿
93;白_初始行动;开局时行动条前进到5%;白
94;本武学：附加2000攻击力;本武学攻击时额外获得2000点攻击力;白
95;移动后：铸剑蓄力+1;使用轻功后，获得铸剑蓄力层数+1;蓝
96;本武学：附加800攻击力;本武学攻击时额外获得800点攻击力;白
98;乞丐棍法一：开山棍;攻击敌人造成[DamageValue]伤害;白
99;乞丐棍法二：裂地棍;攻击敌人造成[DamageValue]伤害;白
100;乞丐棍法三：五郎棍;攻击敌人造成[DamageValue]伤害;白
101;铁拐棍法一：铁棍开山;攻击敌人造成[DamageValue]伤害;紫
102;铁拐棍法二：棒扫双峰;攻击敌人造成[DamageValue]伤害;紫
103;铁拐棍法三：南天一柱;攻击敌人造成[DamageValue]伤害;紫
104;打狗棍法一：捣乱狗窝;攻击敌人造成[DamageValue]伤害;暗金
105;打狗棍法二：挑拨狗爪;攻击敌人造成[DamageValue]伤害;暗金
106;打狗棍法三：关门打狗;攻击敌人造成[DamageValue]伤害;暗金
107;七弦无形剑;攻击敌人造成[DamageValue]伤害;绿
108;普门杖法;攻击敌人造成[DamageValue]伤害，攻击时基础攻击提升5%;绿
109;暴击时伤害+10%;自身暴击时造成基础伤害+10%;绿
110;韦陀杖法;攻击敌人造成[DamageValue]伤害，攻击时基础攻击提升10%;蓝
111;少林烈阳功;主动使用《烈阳神功》时，对周围3*3队友附加强壮+30;橙
112;伏虎杖法;攻击敌人造成[DamageValue]伤害，攻击时基础攻击提升15%;橙
113;罗汉伏虎;攻击敌人造成[DamageValue]伤害，攻击时基础攻击提升15%，对所有目标附加减速+30;橙
114;达摩禅杖;攻击敌人造成[DamageValue]伤害，攻击时基础攻击提升20%;暗金
115;本武学：最终伤害+最大生命值的2%;本武学攻击时额外消耗最大生命值的2%（最高消耗20000生命值），每10点造成5点伤害;金
116;禅杖十八式;攻击敌人造成[DamageValue]伤害，附加击退1;暗金
117;天下无狗;攻击敌人造成[DamageValue]伤害，攻击后所有队友丐帮武学威力百分比+50%，连击率+20%;暗金
118;毒牙杖法一：灵蛇出洞;攻击敌人造成[DamageValue]伤害;金
119;毒牙杖法二：灵蛇吐信;攻击敌人造成[DamageValue]伤害;金
120;毒牙杖法三：灵蛇潜水;攻击敌人造成[DamageValue]伤害;金
121;驱蛇出击;攻击敌人造成[DamageValue]伤害，对处于中毒状态的敌人基础伤害+30%;金
123;禁军枪术;攻击敌人造成[DamageValue]伤害;白
124;枪挑一条线;攻击敌人造成[DamageValue]伤害，10%几率眩晕敌人1回合;蓝
125;金钩枪术;攻击敌人造成[DamageValue]伤害，攻击时附加武学等级*500点额外伤害;蓝
126;烧火棍法;攻击敌人造成[DamageValue]伤害;白
127;奇门拳术;攻击敌人造成[DamageValue]伤害;金
128;青龙棍法;攻击敌人造成[DamageValue]伤害;绿
129;本武学：最终伤害+15%（目标中毒）;本武学攻击中毒目标时，造成基础伤害+15%;绿
130;所有武学：最终伤害+20%（目标中毒）;所有武学攻击中毒目标时，基础伤害+20%;绿
131;登山杖法;攻击敌人[DamageCount]次，造成[DamageValue]伤害，拥有烈火真气时，威力+20%;白
132;登山杖法【直伤】;拥有烈火真气时，龙门镖局奇门武学附加武学等级*500点伤害;白
133;扛旗枪法;攻击敌人[DamageCount]次，造成[DamageValue]伤害，拥有烈火真气时，威力+30%;蓝
134;扛旗枪法【次数】;拥有烈火真气时，龙门镖局奇门武学攻击次数+1;蓝
135;托镖长戟;攻击敌人[DamageCount]次，造成[DamageValue]伤害，拥有烈火真气时，威力+40%;橙
136;星旗电戟;攻击敌人[DamageCount]次，造成[DamageValue]伤害，自身拥有烈火真气时，威力+50%，每次攻击对中心目标附加破甲+10;橙
137;九曲铁笔【暴击】;自身拥有烈火真气时，龙门镖局奇门武学暴击率+10%;橙
138;奇门短打;攻击敌人造成[DamageValue]伤害，20%几率附加残废+20;绿
139;大自在;攻击敌人造成[DamageValue]伤害，攻击后敌方附加残废+30，自身附加疗伤+20，攻击后有50%的概率扣除敌方护盾;暗金
140;三才五格棍;攻击敌人造成[DamageValue]伤害，30%几率附加残废+20;蓝
141;本武学：多段攻击次数+2（耗血3%）;本武学额外消耗当前剩余生命值的3%，攻击次数+2;蓝
142;本武学：20%几率《天长掌法》;本武学攻击时，有20%几率额外打出《天长掌法》;蓝
143;醉棍;攻击敌人造成[DamageValue]伤害，30%几率获得一层醉酒"状态";橙
144;铁索横江;攻击敌人造成[DamageValue]伤害，攻击时获得1层醉酒"状态";橙
145;本武学：30%几率《天长掌法》;本武学攻击时，有30%几率额外打出《天长掌法》;橙
146;十种自在法;攻击敌人造成[DamageValue]伤害，50%几率附加残废+20;暗金
147;本武学：群体疗伤+20;本武学攻击时，自身周围3*3队友获得疗伤+20;暗金
148;本武学：40%几率《天长掌法》;本武学攻击时，有40%几率额外打出《天长掌法》;暗金
149;神通无碍;对所有队友清除六项负面状态40点，获得五项正面状态40点;暗金
150;援护防御2级;援护防御2级：周围3*3队友受到攻击时，有30%几率援护防御，以自身防御分担40%伤害（可提升至5级）;暗金
151;金线飞针【激活】;本武学攻击时有30%几率攻击3排目标;暗金
152;江湖医术;对自身或一名队友使用，立即恢复100点生命值;白
153;江湖棍法;攻击敌人造成[DamageValue]伤害;白
154;江湖腿法;攻击敌人造成[DamageValue]伤害;白
155;江湖暗器;攻击敌人造成[DamageValue]伤害5次;白
156;江湖剑法;随机攻击敌人[DamageCount]次，造成[DamageValue]伤害，根据剑法精通增加随机攻击次数;白
157;江湖拳法;攻击敌人造成[DamageValue]伤害;白
158;撒石灰;对25级及以下敌人降低命中率70%，25级以上敌人降低命中率2%，持续2回合;白
159;江湖刀法;攻击敌人造成[DamageValue]伤害;白
160;普通拳法;攻击敌人造成[DamageValue]伤害;白
161;普通拳法【触发.合击】;合击【唯一被动】：合击时以本武学替代普通攻击;白
164;普通剑法;攻击敌人造成[DamageValue]伤害;白
165;普通剑法【触发.合击】;合击【唯一被动】：合击时以本武学替代普通攻击;白
167;普通刀法;攻击敌人造成[DamageValue]伤害;白
168;普通刀法【触发.合击】;合击【唯一被动】：合击时以本武学替代普通攻击;白
169;普通刀法【触发.反击】;反击【唯一被动】：反击时以本武学替代普通攻击;白
170;普通腿法;攻击敌人造成[DamageValue]伤害;白
171;普通腿法【触发.合击】;合击【唯一被动】：合击时以本武学替代普通攻击;白
173;普通暗器;使用暗器，攻击敌人造成[DamageValue]伤害;白
174;普通暗器【触发.合击】;合击【唯一被动】：合击时以本武学替代普通攻击;白
176;天山老巫【激活】;变身天山老巫，各项基础属性增加100%;暗金
177;连招伤害提升10%;所有连招招式基础伤害+10%;金
178;玄机剑法;攻击敌人[DamageCount]次，造成[DamageValue]伤害;绿
179;玉笛剑法;攻击敌人[DamageCount]次，造成[DamageValue]伤害;紫
180;百花剑法;攻击敌人[DamageCount]次，造成[DamageValue]伤害;金
181;长生剑法;攻击敌人造成[DamageValue]伤害，10%几率呼叫周围5*5范围内的队友一起攻击;白
182;回风吹雪剑法;攻击敌人造成[DamageValue]伤害，15%几率呼叫周围5*5范围内的队友一起攻击;蓝
183;五神剑法;攻击敌人造成[DamageValue]伤害，20%几率呼叫周围5*5范围内的队友一起攻击;橙
184;五神剑法【触发】;本武学对敌附加1层衡山之风状态，叠至6层后命中率降低50%，持续1回合;金
185;七十二峰飞仙剑;攻击敌人造成[DamageValue]伤害，再以20%威力效果，发动5次飞仙剑攻击随机目标，每个目标最多受到4次攻击;暗金
186;七十二峰飞仙剑【触发】;被呼叫队友灵巧+10%，剑法精通+10%;暗金
187;柔云剑法;攻击敌人造成[DamageValue]伤害，25%几率附加残废+20;绿
188;绵云柔剑;攻击敌人造成[DamageValue]伤害，35%几率附加残废+20;紫
189;神武剑法;攻击敌人造成[DamageValue]伤害，45%几率附加残废+20;金
190;一十三剑;攻击敌人[DamageCount]次，造成[DamageValue]伤害，附加残废+20;金
191;越女追魂剑;攻击敌人[DamageCount]次，造成[DamageValue]伤害，本次攻击拥有50%暴击率和100%的暴击伤害倍数的效果;暗金
192;太极剑;攻击敌人造成[DamageValue]伤害，50%几率附加破甲+20;暗金
194;太极剑-极刚;攻击敌人造成[DamageValue]伤害，攻击后自身附加强壮+20;暗金
195;峨嵋剑法;攻击敌人造成[DamageValue]伤害;白
196;金顶穿花剑;攻击敌人造成[DamageValue]伤害;橙
197;灭绝剑法;攻击敌人造成[DamageValue]伤害;暗金
198;烦恼断绝剑;攻击敌人造成[DamageValue]伤害，攻击时额外获得剑法精通*2的攻击力;暗金
199;天绝地灭剑;攻击敌人造成[DamageValue]伤害，暴击时提升所有队友10%暴击率;暗金
200;罗汉铜人功;攻击敌人造成[DamageValue]伤害，附加破甲+30;金
201;华山剑法;随机攻击敌人[DamageCount]次，造成[DamageValue]伤害，根据剑法精通增加随机攻击次数;白
202;狂风剑法;随机攻击敌人[DamageCount]次，造成[DamageValue]伤害，根据剑法精通增加随机攻击次数;蓝
203;岳女九式剑法;攻击敌人造成[DamageValue]伤害;绿
204;霜氏九式剑法;攻击敌人造成[DamageValue]伤害;紫
205;三仙夺命连环剑;随机攻击敌人[DamageCount]次，造成[DamageValue]伤害，根据剑法精通增加随机攻击次数;橙
207;太华君子剑;攻击敌人造成[DamageValue]伤害;金
208;太岳三青峰;攻击敌人造成[DamageValue]伤害，附加内伤+30，技能释放前额外提升15%的基础攻击;金
209;合击时50%几率发动（君子剑）;被呼叫合击时50%几率发动本武学，回合外使用本武学，威力百分比+25%;金
210;武当烈阳功;主动使用《烈阳神功》时，对周围3*3队友附加坚韧+30;橙
211;九式·求败剑诀;随机攻击敌人[DamageCount]次，造成[DamageValue]伤害，根据剑法精通提高随机攻击次数;暗金
212;随机封印一类外功;攻击时对第一个目标附加封印，不可使用随机一类外功，持续一回合;暗金
213;剑法精通增加攻击次数;根据剑法精通额外增加多段攻击次数，受武学攻击次数上限影响（作用于狂风剑法、三仙夺命连环剑、夺命快剑、九式·求败剑诀、九式·求败剑诀奥义）;暗金
214;连环追心剑法;随机攻击敌人[DamageCount]次，造成[DamageValue]伤害，根据剑法精通增加随机攻击次数;金
215;本武学：残废+10;本武学攻击时对目标附加残废+10;金
216;受击强壮+15;角色受到攻击时，获得强壮+15;金
218;破招后施放《连环追心剑法》;破招后施放《连环追心剑法》;金
219;辟邪·无敌斩;对指定目标，进行一次攻击，再以10%的威力效果对全场进行随机攻击，直到所有单位都受到伤害（或生命低于20%停止）。额外攻击每次消耗当前剩余生命的5%，每消耗10点生命附加3点额外绝对伤害。;暗金
220;本武学：最终伤害+50%（生命值低于40%）;生命值低于40%时，本武学造成基础伤害+50%;暗金
221;揽雀尾;攻击敌人造成[DamageValue]伤害，攻击造成吸附效果;暗金
222;纯阳童子功;主动使用提升100%反击率，持续1回合;暗金
223;天下无极;攻击敌人造成[DamageValue]伤害，额外消耗当前剩余生命值的30%造成等量伤害，如果击败敌人会回复扣除的生命值;暗金
224;九式·求败剑诀·诸般封印;随机攻击敌人[DamageCount]次，造成[DamageValue]伤害，被击中目标不可使用所有外功，持续1回合;暗金
225;峰谷雷动;攻击敌人造成[DamageValue]伤害，呼叫周围3*3队友一起进行攻击。50%几率在攻击后上场一名长生门弟子助阵（从春花、夏云、秋月、冬雪中随机一位，不属于召唤单位）。;暗金
226;玉笛声声;攻击敌人[DamageCount]次，造成[DamageValue]伤害;紫
227;幽墓剑法;攻击敌人造成[DamageValue]伤害，20%几率以同武学连击一次。攻击时呼叫周围3*3拥有《幽墓剑法》的队友合击，都使用《玉环步》;绿
228;双剑合璧;攻击敌人造成[DamageValue]伤害，附加残废+30;金
229;本武学：暴击伤害+20%;本武学暴击时基础伤害+20%;金
230;真·双剑合璧;攻击敌人造成[DamageValue]伤害，攻击时10%概率呼叫周围3*3拥有《玉女清心剑法》的队友合击，都使用《玉女清心剑法》参与攻击;金
231;峨嵋临济气功;对自身和周围3*3队友使用，提升50%暴击率，持续1回合;金
232;全真剑法;攻击敌人造成[DamageValue]伤害;白
233;一气化三清;攻击敌人造成[DamageValue]伤害;蓝
235;纯阳剑法;攻击敌人造成[DamageValue]伤害;暗金
236;归元不二剑;攻击敌人造成[DamageValue]伤害，额外消耗最大真气和生命值10%，造成基础伤害+80%;金
237;玄铁巨剑法;攻击敌人造成[DamageValue]伤害;暗金
238;本武学：绝招率降低30%;本武学攻击后附加降低目标绝招触发概率30%，持续1回合;暗金
239;朴实一剑;攻击敌人造成[DamageValue]伤害，额外造成攻击*30%的伤害;暗金
240;本武学：最终伤害+50%（力道大于2000）;自身攻击>20000时，本武学造成基础伤害+50%;暗金
241;眉来眼去剑法;攻击敌人[DamageCount]次，造成[DamageValue]伤害;蓝
242;本武学：最终伤害+30%（对其他性别）;本武学对其他性别角色造成基础伤害+30%;蓝
243;养心剑法;攻击敌人造成[DamageValue]伤害;白
244;秋风剑法;攻击敌人造成[DamageValue]伤害;绿
245;暗月刀法;攻击敌人造成[DamageValue]伤害，45%概率附加残废+20，对主要目标造成基础伤害+30%;金
246;月黑风高;攻击敌人造成[DamageValue]伤害，附加残废+30，对伤害范围中心的敌人，造成额外50%伤害，额外附加残废+30;金
247;天地剑法;攻击敌人造成[DamageValue]伤害;白
249;玉女清心经;主动使用降低周围3*3敌人命中率10%、闪避率10%;橙
250;日月剑法一：日灸剑;攻击敌人造成[DamageValue]伤害，恢复伤害10%的真气;蓝
251;日月剑法二：月冕剑;攻击敌人造成[DamageValue]伤害，恢复伤害10%的生命值;蓝
252;天翻地覆;攻击敌人造成[DamageValue]伤害，攻击敌人并回复30%最大生命值;暗金
253;本武学：最终伤害+最大生命值3%（耗血）;本武学攻击时额外消耗最大生命值的3%（最高消耗50000生命值），每10点造成5点伤害;蓝
254;青冥剑法;攻击敌人造成[DamageValue]伤害;橙
255;青冥浩荡;攻击敌人造成[DamageValue]伤害;橙
256;本武学：伤害+20%（生命值低于50%）;生命值低于50%时，本武学基础伤害+20%;橙
257;五神剑法【触发2】;长生门所有剑法武学攻击时衡山之风状态层数+1;金
258;千手佛;攻击敌人[DamageCount]次，造成[DamageValue]伤害，攻击时基础攻击提升25%;橙
259;本武学：增加持续治疗回合;本武学治疗后每回合开始恢复5%的生命值，持续1回合;蓝
260;追心剑;攻击敌人造成[DamageValue]伤害;紫
261;闪避祝福;;白
262;夺命快剑;随机攻击敌人[DamageCount]次，造成[DamageValue]伤害，附加当前剑法精通伤害，根据剑法精通增加随机攻击次数;橙
263;百花飞舞;攻击敌人[DamageCount]次，造成[DamageValue]伤害;橙
264;铸剑蓄力;获得铸剑蓄力+1，最终基础伤害+10%，铸剑山庄外功武学额外造成10%伤害，可叠加，使用外功打出伤害后后消失;白
266;本武学蓄力加一层蓄力;本武学蓄力时，蓄力层数+1;白
267;本武学：最终伤害+内劲*4;本武学攻击附加自身内劲*4伤害;金
268;重压斩;以300%威力攻击敌人，当角色拥有蓄力勃发"状态时，可根据本武学等级造成额外伤害。";白
269;青釭剑法;攻击敌人造成[DamageValue]伤害;蓝
270;本武学蓄力后：闪避+10%（10次）;本武学蓄力后，闪避率+10%，可叠加10次;蓝
271;四海独尊功;主动使用使四项基础属性（生命、真气、攻击、防御）随机一项，增加10%或降低10%。;暗金
272;暴击祝福;;白
273;纯钧剑法;攻击敌人造成[DamageValue]伤害;橙
274;铸剑蓄力加暴击;本武学蓄力后，暴击率+10%，可叠加10次;橙
275;天外飞仙;攻击敌人造成[DamageValue]伤害，攻击时100%呼叫周围3*3范围内的队友进行攻击;暗金
276;蓄力;恶不作使用;白
277;七星落长空;攻击敌人[DamageCount]次，造成[DamageValue]伤害，附加弱点状态，不消耗铸剑蓄力;暗金
278;长空出一剑（旧）;攻击敌人造成[DamageValue]伤害;暗金
279;暴击时吸血+底表*2;所有武学攻击流血目标时额外获得10%的吸血能力;暗金
280;所有名剑剑法武学蓄力时+1;所有铸剑山庄剑法武学蓄力时，蓄力层数+1;暗金
281;龙门剑法;攻击敌人造成[DamageValue]伤害;白
282;龙门剑法【威力】;拥有任意真气时，本武学威力百分比+30%;白
283;恒山剑法;攻击敌人造成[DamageValue]伤害，20%几率自身获得闪避率+20%;绿
284;一花一世界;攻击敌人造成[DamageValue]伤害，自身获得闪避+20%，持续1回合;紫
285;银勾枪法;攻击敌人造成[DamageValue]伤害，攻击后以自身攻击*5%点生命值为代价，使敌人每回合损失攻击*5%点生命值，持续3回合;绿
286;本武学绝招：伤害后周围3*3队友获得闪避+20%;绝招的附加的闪避效果对周围3*3友方都生效;紫
287;降龙九掌第二式;攻击敌人造成[DamageValue]伤害，对敌人附加破甲+60;暗金
288;无上心法;使用技能后增加自身1000点防御，持续1回合，并解除流血、内伤、中毒、减速、残废、破甲状态20层;金
289;凤翔九天;攻击敌人造成[DamageValue]伤害，自身获得闪避+20%，持续1回合;金
290;乞讨;丐帮武学攻击时有10%几率获得钱或道具;金
291;五岳独尊剑法;攻击敌人造成[DamageValue]伤害，再以25%威力效果，发动5次飞仙剑攻击随机目标，每个目标最多受到4次攻击;暗金
292;五岳神剑;本武学威力百分比+5%，攻击敌人造成[DamageValue]伤害，攻击时有30%几率呼叫周围3*3队友一起攻击;暗金
293;风神怒;攻击敌人造成[DamageValue]伤害同时将敌人最大生命小于自身的敌人聚集到一个格子内，并为敌人附加一层画地为牢状态，使其行动移动格子书-1，持续两回合（若敌人的行动移动格子数小于1则不再降低）;暗金
294;本武学：最终伤害+剑法精通*3;本武学威力百分比+10%，攻击时附加剑法精通*3额外伤害;暗金
295;回合开始获得：铸剑蓄力1;本武学威力百分比+20%，回合开始时，自身获得铸剑蓄力+1;暗金
296;回合开始获得：寒冰真气;本武学威力百分比+40%，回合开始时，自身获得寒冰真气;暗金
297;同气连枝;本武学攻击后25%概率连续释放华山剑法、长生剑法、名剑剑法、龙门剑法各一次（每回合触发一次）;暗金
298;玄机门武学：真气燃烧伤害值*5%（含多段）;使用玄机门外功多段武学每次对敌造成伤害时，燃烧目标伤害值*5%的真气;金
299;追加20%减益buff;所有武学造成的负面状态（流血、中毒、破甲、减速、内伤、残废）层数提高20%;暗金
300;追加50%增益buff;所有武学造成的正面状态（强壮、坚韧、轻盈、疗伤、调息）提高50%强度;暗金
301;抬棺死战1级;抬棺死战1级：生命值低于50%时，最终基础伤害+5%，且剩余生命值百分比每比50%低5%时，额外增加1%最终伤害（可叠加至3级）;金
302;绝招祝福;;白
303;奥义祝福;;白
304;重新登场后，防御值+50%;重新登场后，防御值+50%;暗金
305;释放本武学获得护盾时数值额外提升10%;释放本武学获得护盾时数值额外提升10%;金
306;破壁神功;主动使用《无咎神功》时，为周围3*3的的队友恢复生命，恢复量为技能使用者的最大生命值*2%;橙
307;低血防御+20%;角色生命值低于20%时，防御+10%;暗金
308;重新登场后生命值+20%;重新登场后生命值+20%;暗金
309;内功*普通攻击;攻击敌人造成[DamageValue]伤害;白
310;峨嵋烈阳功;主动使用《烈阳神功》时，周围3*3的队友增加暴击基础伤害+30%，持续1回合;橙
311;烈阳神功;立即消耗20%当前真气，自身获得等量的护盾，并解除流血、内伤、中毒、减速、残废、破甲状态30层;暗金
312;太极神功;攻击3*3范围内的敌人造成[DamageValue]伤害，将体质低于自身的敌人吸附到同一格子上，下回合这些敌人必然攻击你;金
313;纯阳·童子功;（誓约前）每回合为周围3*3队友恢复5%的真气（誓约后）消耗当前20%真气，每20点真气对敌造成1点伤害;暗金
316;忽视防御率+10%，提升10次;每回合忽视防御率+10%，可叠加10次;暗金
317;峨嵋武学：暴击恢复真气800;使用峨嵋派武学暴击时恢复800点真气;橙
319;低血暴击率提升;自身生命值百分比越低，暴击率越高，最高提升20%;金
320;高真气伤害提升;真气百分比越高，造成伤害越高，最多+30%;暗金
321;万象掌;攻击敌人造成[DamageValue]伤害，附加内伤、残废、减速+30，暴击时额外造成10000+拳掌精通*5点伤害;暗金
322;所有多段武学：最终伤害+3000;所有多段武学攻击附加3000点伤害;金
323;延年益寿【重新登场】;奋起1级：退场时50%概率再次登场，恢复10%生命和真气，一场战斗触发一次。（最高叠加到4级）;暗金
327;受击吸收真气;受到攻击时，可将攻击者技能消耗的真气化为自身真气;金
328;受击减伤6000;受到外功攻击时减少伤害6000;金
329;致命追击1级;致命追击1级：每击败一个敌人，行动条前进20%（每回合最多额外前进100%）（可叠加至5级）;暗金
330;降龙九掌第一式;攻击敌人造成[DamageValue]伤害，附加破甲+20;暗金
332;教学-吸附;攻击敌人造成[DamageValue]伤害，吸到同一格子;金
333;长生天风大阵【触发】;每当触发合击时，对被呼叫的队友施放强壮+10，疗伤+10;金
334;暗器：追加中毒+5;所有暗器武学造成中毒时，额外附加中毒+5;橙
335;逍遥仙宫外功伤害后真气吸收：武学攻击*5%;逍遥仙宫外功武学攻击附加吸收攻击*5%的真气;金
336;北冥鲲吞功;攻击敌人造成[DamageValue]伤害，同时吸收3*3范围内敌人真气，吸收值为自身攻击力*150%;金
338;本武学：内伤+20;本武学攻击附加内伤+20;金
339;所有武学：最终伤害+30%，残废+30（目标真气少于10%）;逍遥仙宫武学攻击真气少于10%的目标时，基础伤害+30%，并附加残废+30;金
340;真气逆转;消耗最大真气的20%对全场敌人造成伤害，每消耗10点真气造成3点伤害，并吸取敌人10%的当前真气;金
341;七十二峰飞仙剑绝招伤害增加50%;七十二峰飞仙剑绝招基础伤害+50%;蓝
342;臭屁熏天;;白
343;乾坤正气;燃烧掉周围所有敌人最大真气的20%，每燃烧10点真气造成3点伤害;暗金
344;神针无尽;攻击敌人[DamageCount]次，造成[DamageValue]伤害，附加流血+30;暗金
345;损耗生命>10%时，调息+20，疗伤+20;每当受到一次不小于自身生命值10%的伤害时，自身获得调息+20，疗伤+20;橙
346;所有内功武学：最终伤害+蓝耗;所有内功武学根据消耗的真气附加等量伤害;暗金
348;破招祝福;;白
349;所有武学：最终伤害+20%（目标流血）;所有武学攻击流血目标时基础伤害+20%;紫
350;攻击debuff+10中毒;本武学攻击拥有流血、内伤、减速、残废、破甲的敌人，都会额外附加中毒+10（每回合最多生效1次）;暗金
351;赤蛇冰蟾【中毒转属性】;提升基础攻击，提升值等于自身中毒层数*10;紫
352;太玄经;主动对3*3范围内队友施放坚韧+30;暗金
353;蝌蚪文洗脑;以攻击敌人造成[DamageValue]伤害击，并降低绝招和奥义伤害80%，持续2回合;暗金
354;吸血大法;攻击敌人造成[DamageValue]伤害;橙
355;天阴教武学：对减速伤害+20%;天阴教武学攻击减速目标时基础伤害+20%;蓝
356;召唤;召唤一个地痞至战场;白
357;轻功;主动使用移动到地图任意位置;白
358;五毒虫术;对周围3*3敌人添加中毒+30;金
360;颠倒乾坤;攻击敌人造成[DamageValue]伤害，将他们吸附到同一格位置，解除自身各项基础负面状态10层;暗金
361;狮吼功;攻击敌人造成[DamageValue]伤害;金
364;烈阳护体;自身受到攻击后25%几率获得烈阳护体状态：受到基础伤害-70%且各项负面状态抗性+50，持续1回合（自身已有烈阳护体时不再重复触发）;暗金
365;美术测试_拳系;以33%威力攻击敌人，附加流血+10;白
366;烈阳神功【叠加绝招概率】;每掌握一门少林、武当、峨嵋烈阳功，《烈阳神功》绝招触发概率+5%;暗金
367;烈阳神功【伤害】;每回合，攻击敌人造成[DamageValue]伤害;暗金
368;所有内功武学：恢复生命值=消耗真气;施放内功武学消耗真气时，恢复与真气量等值的生命值;金
369;无名腿法;攻击敌人造成[DamageValue]伤害;白
370;九天九地;攻击敌人造成[DamageValue]伤害;蓝
371;九天九地·绝;攻击敌人造成[DamageValue]伤害，20%几率呼唤周围队友合击;蓝
373;本武学伤害后真气燃烧：内劲*5（消耗真气1000）;本武学额外消耗1000点真气，按自身攻击*30%，对目标减少真气;蓝
375;九合一匡;攻击敌人造成[DamageValue]伤害，附加内伤30;橙
376;玄武断崖心法;主动施放使自身和周围3*3的队友获得生命值*5%的护盾;金
377;连招增伤;所有连招基础伤害+10%;暗金
378;本武学：获得内劲*7护盾;本武学攻击获得攻击*50%的护盾;橙
379;本武学伤害后真气燃烧：攻击50%;本武学攻击附加攻击*50%的真气燃烧;橙
380;九九归一;自身获得保护状态，受到攻击时降低50%+5000点伤害，持续1回合;暗金
381;一元复始;所有队友恢复50%生命值，基础属性+50%，持续一回合;暗金
382;神秘之灵;召唤神秘人助战;暗金
383;所有内功武学：命中降低30%;所有内功武学攻击时对敌降低命中率30%，持续1回合;暗金
384;所有内功武学：残废+30;所有内功武学攻击时对敌附加残废+30;暗金
385;无妄神功;消耗所有真气，恢复消耗真气*1点生命值;金
386;神魔斩;攻击敌人造成[DamageValue]伤害，攻击后以自身攻击*20%点生命值为代价，使敌人每回合损失攻击*20%点生命值，持续3回合;金
387;长生天风大阵;登场召唤一个长生门弟子;金
388;掉血体质+100;每次生命值降低时（受击扣血、主动扣血、流血等），最大生命值+3000点，可叠加10次;橙
389;受内功攻击减伤10%;受到内功攻击减少伤害10%;橙
390;擒凤心法【增伤】;玉女派武学攻击全真教角色时，基础伤害+30%;绿
391;战意沐身额外加成（25）;战意沐身每回合额外恢复3%的生命值;绿
392;本武学：绝招伤害+30%;本武学绝招技能基础伤害+30%;金
393;召唤弟子攻击-金;增加本武学召唤出来的弟子的攻击;金
394;铸剑山庄外功：破甲+30（铸剑蓄力大于5）;铸剑蓄力>10层时，所有铸剑山庄外功附加破甲+30;蓝
395;被击降低5%*铸剑蓄力层数伤害;受到攻击时，基础伤害-5% * 铸剑蓄力层数（最多减伤40%）;橙
396;百炼心法【命中暴击】;铸剑蓄力>10层时，命中率+50%，暴击率+50%;橙
397;烈焰心法;主动使用《冰火相融决》时，有20%几率获得烈火真气，下2次攻击基础伤害+20%，并且附加内伤+20;橙
398;烈焰心法【加一层】;主动施放本武学时，烈火真气增加1层;绿
399;冷心决;使用《冰火相融决》时，有20%几率获得寒冰真气，受到下一次攻击基础伤害-20%，并且对攻击者附加减速+20;绿
400;冷心决【获得1】;战斗开始时，自动获得寒冰真气几率+10%;蓝
401;寒冰诀30;施放本武学时，对周围3*3敌方附加内劲*3点伤害，减速+20;蓝
402;冷心决【进化】;寒冰真气效果提升，额外附加减速+10;蓝
403;炙热心法;主动使用《冰火相融决》时，有20%几率获得烈火真气，下一次攻击基础伤害+20%，并且附加内伤+20;白
404;炙热心法【获得1】;战斗开始时，自动获得烈火真气几率+10%;紫
405;冰火相融绝【获得2】;龙门外功武学施放后，如角色无烈火真气，则增加一层，如角色无寒冰真气，则增加一层（每回合生效一次）;紫
406;炙热心法【进化】;烈火真气效果提升，额外附加内伤+10;紫
407;寒冰真气;主动使用《冰火相融决》时，有20%几率获得寒冰真气，接下来2次受到基础伤害-20%，并且对攻击者附加减速+20;紫
408;寒冰真气【加一层】;主动施放本武学时，寒冰真气增加1层;橙
409;烈焰心法30;施放本武学时，对周围3*3敌方附加内劲*3点伤害，流血+20;橙
410;寒冰真气【进化】;寒冰真气效果提升，受到攻击基础伤害-30%;橙
411;冰火相融决【相融】;使寒冰、烈火真气不会互相冲抵，可同时存在;
413;冰火相融决【获得3】;施放本武学后，获得寒冰真气1层，烈火真气1层;金
414;力道+20（获得龙门真气）提升20次;获得龙门镖局任意真气时，力道+20、内劲+20，可叠加20次;金
415;烈阳真气;攻击敌人造成[DamageValue]伤害;橙
416;烈阳真气【进化】;烈阳真气效果提升，额外造成基础伤害+50%，吸血率+50%;橙
417;烈阳真气【伤害】;本武学攻击后获得烈阳真气，使下次攻击造成基础伤害+50%，吸血率+50%;橙
418;任督贯通;打通任督二脉，调动全部真气，烈火真气、寒冰真气、烈阳真气各增加1层;金
419;援护防御1级;援护防御1级：周围3*3队友受到攻击时，有20%几率援护防御，以自身防御分担20%伤害（可提升至5级）;绿
420;绵里藏针决【受击强壮】;受到攻击时，有30%几率对周围3*3队友附加强壮+20;紫
421;移动后：每格增加护盾200;使用长生门武学后，护盾+200*移动格子数;绿
422;攻击时25%几率触发绝招;攻击时，有25%几率触发绝招;金
423;玄武盾;技能释放后，25%几率获得自身生命值5%的护盾;金
424;六阳指（稳定性提升）;提高每次攻击时发射最高数量剑气的几率且发出上限数量剑气时基础伤害+50%;金
425;受击时25%几率添加护盾;受击时，有25%几率触发绝招;金
426;玄机掌法;攻击敌人[DamageCount]次，造成[DamageValue]伤害;白
427;三重劈空掌;攻击敌人[DamageCount]次，造成[DamageValue]伤害;蓝
428;百花掌法;攻击敌人[DamageCount]次，造成[DamageValue]伤害;橙
429;醉八仙掌法;攻击敌人[DamageCount]次，造成[DamageValue]伤害;暗金
430;醉八仙掌法【绝招概率】;醉酒状态下，本武学绝招触发概率+10%;金
431;摧坚神爪;攻击敌人造成[DamageValue]伤害，10%几率附加流血+20;橙
432;玄阴神爪;攻击敌人造成[DamageValue]伤害，30%几率附加流血+20;暗金
433;本武学：坚韧+20;本武学攻击附加自身坚韧+20;金
434;真气燃烧：伤害值50%;本武学攻击时威力+24%，攻击后造成伤害值50%的真气燃烧效果（最多造成50000点）;金
435;玄阴狂爪;攻击敌人造成[DamageValue]伤害，30%几率附加破甲+20;金
436;本武学：破甲+20;本武学攻击敌人附加破甲+20;暗金
437;玄阴狂爪·绝;攻击敌人造成[DamageValue]伤害，战斗中本武学真气消耗倍数+200%，威力百分比+40%;金
438;乞丐拳法一：遮头;攻击敌人造成[DamageValue]伤害;白
439;乞丐拳法二：封眼;攻击敌人造成[DamageValue]伤害;白
440;乞丐拳法三：堵路;攻击敌人造成[DamageValue]伤害;白
441;龙爪手一：敲门催人来;攻击敌人造成[DamageValue]伤害;蓝
442;龙爪手二：抱身系命去;攻击敌人造成[DamageValue]伤害;蓝
443;龙爪手三：擒拿魂不归;攻击敌人造成[DamageValue]伤害;蓝
444;擒龙掌法一：突如其来;攻击敌人造成[DamageValue]伤害;橙
445;擒龙掌法二：震惊百里;攻击敌人造成[DamageValue]伤害，攻击时有50%几率附加减速+5;橙
446;擒龙掌法三：时乘六龙;攻击敌人造成[DamageValue]伤害，攻击时有20%几率附加破甲+20;橙
447;降龙问天掌一：神龙摆尾;攻击敌人造成[DamageValue]伤害;暗金
448;降龙问天掌二：见龙在田;攻击敌人造成[DamageValue]伤害，攻击时有20%几率附加破甲+20;暗金
449;降龙问天掌三：飞龙在天;攻击敌人造成[DamageValue]伤害，攻击时有20%几率附加破甲+30;暗金
450;亢龙有悔;攻击敌人造成[DamageValue]伤害，附加破甲+50;暗金
451;本武学：最终伤害+力道*8;本武学攻击附加额外力道*8伤害;橙
452;本武学：附加刀法精通*1攻击力;本武学攻击时额外获得刀法精通*1攻击力;橙
453;重压斩·怒;以300%威力攻击敌人，可根据本武学等级造成额外伤害。;白
454;武当长拳;攻击敌人造成[DamageValue]伤害，20%几率自身附加坚韧+20;白
455;破阵爪;攻击敌人造成[DamageValue]伤害，25%几率附加流血+20;绿
456;武当绵掌;攻击敌人造成[DamageValue]伤害，30%几率自身附加坚韧+20;蓝
457;摧心铁掌;攻击敌人造成[DamageValue]伤害，35%几率击退1格且附加流血+20;紫
458;八卦掌;攻击敌人造成[DamageValue]伤害，40%几率自身附加坚韧+20;橙
459;本武学：暴击抵抗率+30%;本武学攻击后自身暴击抵抗率+10%，可叠加3次;橙
460;虎爪功;攻击敌人造成[DamageValue]伤害，40%几率附加流血+20;橙
461;武当外功：最终伤害+20%（目标流血）;武当派所有外功对流血目标造成基础伤害+20%;橙
462;黑虎绝户手;攻击敌人造成[DamageValue]伤害，45%几率附带流血+20;金
463;本武学：暴击流血+30;本武学暴击时附加流血+30;金
465;太极拳;攻击敌人造成[DamageValue]伤害，50%几率对敌人附加流血+20;暗金
466;太极拳-刚柔并济;攻击敌人造成[DamageValue]伤害，附加自身反击率+10%，最多可叠加20次;暗金
467;太极拳-极刚;攻击敌人造成[DamageValue]伤害，攻击后转化10%伤害值变为自身的护盾;暗金
468;罗汉拳;攻击敌人造成[DamageValue]伤害，攻击时基础攻击提升5%;白
469;本武学：附加体质*1攻击力;本武学攻击时额外获得体质*1的攻击力;白
470;大力金刚掌;攻击敌人造成[DamageValue]伤害，攻击时基础攻击提升10%，70%概率击退1格;蓝
471;本武学：附加体质*4攻击力;本武学攻击时额外获得体质*4的攻击力;蓝
472;千手观音掌;攻击敌人造成[DamageValue]伤害，攻击时基础攻击提升15%;橙
473;大乘*般若禅掌;攻击敌人造成[DamageValue]伤害，攻击时基础攻击提升20%;暗金
474;无色无尘掌;攻击敌人造成[DamageValue]伤害，攻击时基础攻击提升40%;暗金
475;峨嵋掌法;攻击敌人造成[DamageValue]伤害;白
476;飘雪穿云剑;攻击敌人造成[DamageValue]伤害;蓝
477;本武学：暴击时减速+20;本武学暴击时附加减速+20;蓝
478;峨嵋通臂拳;攻击敌人造成[DamageValue]伤害;蓝
479;引手入扣;攻击敌人造成[DamageValue]伤害，暴击时附加残废+20;蓝
480;佛光注照掌;攻击敌人造成[DamageValue]伤害;橙
481;放下屠刀;攻击敌人造成[DamageValue]伤害，暴击时附加定身一回合;橙
482;天地四相掌;攻击敌人造成[DamageValue]伤害;暗金
483;天地四相掌·老阴;攻击敌人造成[DamageValue]伤害，暴击时附加减速+60;暗金
484;两仪天地四相掌;攻击敌人造成[DamageValue]伤害，暴击时提升所有队友暴击率10%;暗金
485;华山拳法;攻击敌人造成[DamageValue]伤害;白
486;伏虎掌;攻击敌人造成[DamageValue]伤害;紫
487;本武学：最终伤害+20%;本武学最终基础伤害+20%;紫
488;太华混元掌;攻击敌人造成[DamageValue]伤害;金
489;本武学：附加攻击力*5%;本武学攻击时基础攻击提升5%;金
490;3*3队友：剑法精通+5%;自身周围3*3范围内队友，剑法精通+5%（不可叠加）;暗金
491;3*3队友：力道+5%;自身周围3*3范围内队友，获得力道+5%（不可叠加）;暗金
492;提高本武学绝招暴击伤害倍数;本武学绝招暴击伤害倍数增加20%;暗金
493;落英缤纷;攻击敌人[DamageCount]次，造成[DamageValue]伤害，附加内伤+5;暗金
494;本武学：20%几率击退行动条50%;本武学攻击有20%几率使目标进度条后退50%;蓝
495;本武学：连招伤害+20%;本武学连招时基础伤害+20%;暗金
496;蛇形拳;攻击敌人[DamageCount]次，造成[DamageValue]伤害，每次附加中毒+5;白
497;3*3队友：暗器精通+5%;自身周围3*3范围内队友，暗器精通+5%（不可叠加）;暗金
498;自身中毒+2多段攻击次数;中毒状态下，本武学多段攻击次数+2;白
499;万毒手;攻击敌人造成[DamageValue]伤害，再以20%威力效果，发动5次毒株攻击随机目标，毒株附加5点中毒，每个目标最多受到4次攻击。;暗金
500;百爪攻心;攻击敌人造成[DamageValue]伤害，附加中毒+10;暗金
51701;幽光剑法;攻击敌人造成[DamageValue]伤害;紫
502;万毒心经;攻击敌人造成[DamageValue]伤害，附加中毒层数*500点无视护盾的伤害;暗金
503;天山掌法;攻击敌人造成[DamageValue]伤害，20%几率附加内伤+20;白
504;雪花掌法;攻击敌人造成[DamageValue]伤害，30%几率附加内伤+20;蓝
506;二气掌法;攻击敌人造成[DamageValue]伤害，35%几率附加内伤+20;紫
507;白虹贯日;攻击敌人造成[DamageValue]伤害，附加内伤+30;紫
508;六阳一脉掌;攻击敌人造成[DamageValue]伤害，45%几率附加内伤+20，45%概率消除敌方5项基础正面状态各5层（疗伤、调息、坚韧、强壮、轻盈）;金
509;天山神芒;攻击敌人造成[DamageValue]伤害，如目标当前真气值低于10%，造成基础伤害+60%;金
510;八门棍;攻击敌人造成[DamageValue]伤害;橙
511;六阴破脉手;攻击敌人造成[DamageValue]伤害，50%几率附加内伤+20，50%概率消除敌方5项基础正面状态各5层（疗伤、调息、坚韧、强壮、轻盈）;暗金
512;本武学：最终伤害+内劲*4;本武学攻击附加攻击*15%的伤害;暗金
513;雪山折梅赏一支;攻击敌人造成[DamageValue]伤害，并附加眩晕1回合;暗金
514;黑虎掏心;攻击敌人造成[DamageValue]伤害，攻击附加流血+30，根据目标身上的流血层数附加拳掌精通*2点伤害;金
515;般若波罗掌;攻击敌人造成[DamageValue]伤害，本次攻击忽视敌方100%防御;暗金
516;虎虎生威;攻击敌人造成[DamageValue]伤害，附加流血+20;金
517;玄机腿法;攻击敌人[DamageCount]次，造成[DamageValue]伤害;橙
518;倾城腿法;攻击敌人[DamageCount]次，造成[DamageValue]伤害;暗金
519;西施浣纱;攻击敌人[DamageCount]次，造成[DamageValue]伤害并附加减速+20，攻击男性角色基础伤害+50%;暗金
520;昊天掌;攻击敌人造成[DamageValue]伤害;绿
521;天地人三清掌;攻击敌人造成[DamageValue]伤害;紫
522;履霜破冰;攻击敌人造成[DamageValue]伤害，自身获得调息+30;紫
523;五气朝元掌;攻击敌人造成[DamageValue]伤害;橙
524;心神合一;攻击敌人造成[DamageValue]伤害，附加残废+20;橙
526;纯阳拳法;攻击敌人造成[DamageValue]伤害;暗金
528;妙手空空;攻击敌人造成[DamageValue]伤害，附加残废+20;暗金
532;赤蛇神掌;攻击敌人造成[DamageValue]伤害，附加中毒+20;紫
533;本武学：攻击有暗器易伤状态的目标时，附加破甲+30;本武学攻击有暗器易伤状态的目标时，附加破甲+30;橙
534;本武学：最终伤害+拳掌精通（目标中毒）;本武学攻击中毒目标时，额外附加当前拳掌精通值伤害;紫
535;旱地神龙掌;攻击敌人造成[DamageValue]伤害，附加中毒+20;橙
536;雪域奇毒;攻击敌人造成[DamageValue]伤害，附加目标中毒层数*50的伤害;橙
537;本武学：中毒+20、自身中毒+20;本武学攻击目标后双方同时添加中毒+20;橙
538;护卫拳法;攻击敌人造成[DamageValue]伤害;白
539;本武学：基础攻击+10%;本武学攻击时，基础攻击提升10%;白
540;二指禅;随机攻击敌人3次，造成[DamageValue]伤害，目标重复时伤害降低;蓝
541;本武学：命中降低10%（持续1回合）;本武学降低目标命中率10%，持续1回合;蓝
542;夺命赤刀;攻击敌人造成[DamageValue]伤害，如果目标的流血已经>=80，额外造成10%当前生命值的直接伤害（最高100000）;暗金
543;一指禅功;攻击敌人造成[DamageValue]伤害;紫
545;本武学：最终伤害+剩余真气10%;本武学额外消耗剩余真气10%造成额外伤害，每20点真气造成1点伤害;紫
546;凌空指;随机攻击敌人[DamageCount]次，造成[DamageValue]伤害;橙
547;本武学：最终伤害+剩余真气20%;本武学额外消耗剩余真气20%造成额外伤害，每20点真气造成1点伤害;橙
548;烈阳禅指;攻击敌人造成[DamageValue]伤害;金
549;烈阳禅指【耗蓝恢复生命值】;本武学额外消耗剩余真气20%，对自身恢复等量生命值;金
550;本武学：绝招、奥义触发几率降低20%（耗蓝剩余真气10%）;本武学额外消耗剩余真气10%，使目标绝招触发概率降低20%，持续1回合;金
551;六脉齐发;随机攻击1-9名敌人，造成[DamageValue]伤害，对重复目标造成伤害降低;暗金
552;金线飞针;攻击敌人[DamageCount]次，造成[DamageValue]伤害;橙
553;六脉齐发;随机攻击4-6名敌人，造成[DamageValue]伤害，内伤+10;暗金
554;伤心欲绝掌;攻击敌人造成[DamageValue]伤害;暗金
555;本武学：回合回真气降低50%;目标真气恢复降低50%，持续1回合;暗金
556;潸然泪下;攻击敌人造成[DamageValue]伤害，附加眩晕1回合，使目标随机位移一格;暗金
557;玄阳腿法;攻击敌人造成[DamageValue]伤害，攻击时有20%几率附加减速+20;紫
559;幻月腿法;攻击敌人造成[DamageValue]伤害，攻击时有30%几率附加减速+20;金
560;阴风阵阵;攻击敌人造成[DamageValue]伤害，攻击时消耗剩余生命值5%，每10点造成1点伤害，附加减速+30;金
561;金蛇狂舞;攻击敌人[DamageCount]次，造成[DamageValue]伤害，攻击时额外消耗剩余生命值的10%，造成基础伤害+10%;橙
562;玄冥腿法;攻击敌人造成[DamageValue]伤害，40%几率附加减速+20;暗金
563;玄冥拜月毒腿;攻击敌人造成[DamageValue]伤害，额外消耗剩余生命值的10%，每10点造成1点伤害，如果造成敌人退场会再次发动绝招;暗金
565;黑风腿法;攻击敌人造成[DamageValue]伤害;绿
566;本武学：最终伤害+最大生命值10%（耗血）;本武学攻击时额外消耗最大生命值10%（最高消耗200000生命值），每10点造成5点伤害;绿
567;奔血掌;攻击敌人造成[DamageValue]伤害;橙
568;本武学：最终伤害+40%（自身内伤+40）;本武学造成基础伤害+40%，自身受到内伤+40;橙
569;本武学：内伤+40，自身残废+20;本武学攻击附加内伤+40，自身受到残废+20;橙
570;本武学：流血+40，自身减速+20;本武学攻击附加流血+40，自身受到减速+20;橙
571;本武学：破甲+40，自身流血+20;本武学攻击附加破甲+40，自身受到流血+20;橙
572;化功绵掌;攻击敌人造成[DamageValue]伤害，40几率附加内伤+20;橙
573;粉身碎骨;攻击敌人造成[DamageValue]伤害，附加残废+30;橙
574;百花流影;攻击敌人[DamageCount]次，造成[DamageValue]伤害;橙
575;本武学：命中降低10%（限定多段）;本武学降低目标命中率10%，持续1回合;橙
576;火焰神掌;随机攻击敌人3次，造成[DamageValue]伤害，对重复目标造成伤害降低;暗金
577;日月宝典;主动使用跳过回合，下一回合可连续行动2次（每局只能使用1次）;暗金
578;火焰爆发;火焰爆发：每次命中目标时，对目标周围3*3范围的其他敌人造成10%伤害;暗金
579;长拳;攻击敌人造成[DamageValue]伤害;白
580;铁线拳;攻击敌人造成[DamageValue]伤害;绿
581;连招祝福;;白
582;最终伤害+（忽视防御-1）;忽视防御率超过100%时可造成额外伤害（按超出百分比计算）;蓝
583;脚臭有毒;所有腿法附加中毒+10;暗金
584;金钟罩;主动使用使自己反弹下一次所受伤害，反弹倍数+20%;紫
585;全身是毒;所有武学攻击后附加中毒+10;暗金
586;发狂;发狂，给自己加基础负面状态，跳过1回合;白
587;本武学：最终伤害+剩余生命值3%（耗血）;本武学攻击时消耗剩余生命值3%对敌造成同等数量伤害;紫
588;所有官府：最终伤害+奇门精通*3;所有官府奇门武学攻击时附加奇门精通*3点额外伤害;金
589;本武学：最终伤害+最大生命值5%（耗血）;本武学攻击时额外消耗最大生命值5%（最高消耗100000生命值），每10点造成5点伤害;紫
590;一剑寒芒;攻击敌人造成[DamageValue]伤害，额外消耗最大生命值10%，每10点造成5点伤害（每次触发都会使下一次生命值消耗提高10%）;暗金
591;烈阳强身拳;攻击敌人造成[DamageValue]伤害;蓝
592;本武学：坚韧+20;本武学攻击附加自身坚韧+20;蓝
594;千叶机变刀;随机攻击敌人[DamageCount]次，造成[DamageValue]伤害，根据刀法精通增加随机攻击次数;暗金
595;本武学：中毒+10;本武学攻击附加中毒+10;蓝
596;所有武学：中毒+10、最终伤害+20%（自身中毒）;自身中毒时，所有武学造成基础伤害+20%，附加中毒+10;暗金
597;敲山震虎;攻击敌人造成[DamageValue]伤害，对敌附加破甲+20;紫
598;混元一气;攻击敌人造成[DamageValue]伤害，技能释放前额外提升15%的基础攻击，附加破甲+30;金
599;连击祝福;;白
600;黑铁刀法;攻击敌人造成[DamageValue]伤害，附加流血+10;绿
601;黑铁刀法【连招】;本武学蓄力后，有30%几率直接使出下一招式;绿
602;吸天吸地吸宇宙;自身退场时对所有敌方单位造成剩余真气值伤害，每10点真气附加3点伤害（消耗的真气上限为300000）;暗金
603;反击祝福;;白
604;铸剑崩劲;攻击敌人造成[DamageValue]伤害，附加破甲+40;紫
605;绵绵不绝;主动使用跳过回合，下一回合可连续行动2次;暗金
606;轻功描述;受其他轻功武学加成，不占用武学栏位学习了其他轻功后并且达到5级后，每次轻功释放后都会扣除自身一部分真气;蓝
607;合击祝福;;白
608;斩铁断刚刀法;攻击敌人造成[DamageValue]伤害，降低敌人命中率30%，持续1回合;金
609;移动后伤害;使用轻功移动后下回合攻击附加额外伤害500;白
610;自爆;;白
611;龙门拳法;攻击敌人造成[DamageValue]伤害，拥有任意真气时，威力+30%;绿
613;冰火掌;攻击敌人造成[DamageValue]伤害，拥有任意真气时，威力+40%;紫
614;水火同济;攻击敌人造成[DamageValue]伤害，对目标周围3*3的敌人造成20%的伤害，每命中一个敌人，自身附加坚韧+10;紫
615;冰火掌20;自身拥有烈火真气时，本武学暴击率+10%自身拥有寒冰真气时，本武学附加减速+10;紫
616;嵩阳炎冰掌;攻击敌人造成[DamageValue]伤害，拥有任意真气时，威力+60%;金
617;冰炎叠爆;攻击敌人造成[DamageValue]伤害，对目标周围3*3的敌人造成20%伤害，每命中一个敌人，对首选目标附加内伤+10;金
618;寒冰神掌;攻击敌人造成[DamageValue]伤害，威力+70%，附加减速+30;金
619;烈火神掌;攻击敌人造成[DamageValue]伤害，威力+70%，附加流血+30;金
620;醉拳;攻击敌人造成[DamageValue]伤害，30%概率获得醉酒"状态1层";金
621;本武学：破甲+5;本武学攻击后附加破甲+5;白
622;地趟腿法一：前滚翻踢;攻击敌人造成[DamageValue]伤害;绿
623;地趟腿法二：后滚翻踢;攻击敌人造成[DamageValue]伤害;绿
624;地趟腿法三：滚来滚去踢;攻击敌人造成[DamageValue]伤害;绿
625;游龙腿法一：潜游五柱;攻击敌人造成[DamageValue]伤害，下回合移动格子数+2;紫
626;游龙腿法二：翻跃云山;攻击敌人造成[DamageValue]伤害，攻击时有20%几率附加减速+10;紫
627;游龙腿法三：双雷劈空;攻击敌人造成[DamageValue]伤害，攻击时有20%几率附加减速+20;紫
628;十八罗汉腿法一：鸡头味道鲜;攻击敌人造成[DamageValue]伤害;金
629;十八罗汉腿法二：鸡翅骨头香;攻击敌人造成[DamageValue]伤害，攻击时有20%几率附加减速+10;金
630;十八罗汉腿法三：鸡腿肉多汁;攻击敌人造成[DamageValue]伤害，攻击时有20%几率附加减速+20;金
631;罗汉九十六脚;攻击敌人造成[DamageValue]伤害，并附加减速+40;金
633;破风掌;攻击敌人造成[DamageValue]伤害，20%几率附加附加破甲+20，对有护盾的目标额外造成25%伤害;白
634;紫蟾神功;攻击敌人造成[DamageValue]伤害，50%几率附加中毒20，自身进入蛤毒"状态蛤毒：每层使秘奥义·蛤蟆冲顶基础伤害+10%，绝招蟾蜍吐芳基础伤害+5%";暗金
635;紫蟾神功【伤害】;自身中毒大于50时，本武学造成基础伤害+10%，秘奥义·蛤蟆冲顶基础伤害+20%;暗金
636;蛤蟆冲顶;攻击敌人造成[DamageValue]伤害。造成中毒强度*1%的额外伤害，自身已有3层蛤毒状态附带击退+5和眩晕1回合;暗金
637;扫堂腿法;攻击敌人造成[DamageValue]伤害;白
638;旋风腿法;攻击敌人造成[DamageValue]伤害;绿
639;蛇行腿法;攻击敌人造成[DamageValue]伤害，30%几率附加中毒+20;蓝
640;召唤·怒;召唤一个恶霸至战场;白
641;本武学：最终伤害+10%（目标中毒）;本武学攻击中毒目标时，基础伤害+10%;蓝
642;蛇行腿法【紫蟾神功加暴击】;《紫蟾神功》攻击中毒目标时，暴击率+15%;蓝
643;蟾跃腿法;攻击敌人造成[DamageValue]伤害，40%几率附加中毒+20;橙
644;蛤蟆蹬腿;攻击敌人造成[DamageValue]伤害，附加中毒层数*50点伤害;橙
645;蟾跃腿法【中毒加灵巧】;自身中毒时，基础攻击+20%;橙
646;蟾跃腿法【紫蟾神功暴击加伤害】;《紫蟾神功》攻击中毒目标时，暴击基础伤害+20%;橙
647;小的们，上！！;;白
648;加层数;;白
649;本武学：最终伤害+20%（耗血3%）;额外消耗3%点生命值，最终基础伤害+20%;绿
650;四象刀法;攻击敌人造成[DamageValue]伤害;蓝
652;正两仪剑法;攻击敌人造成[DamageValue]伤害;蓝
653;五虎断门刀;攻击敌人造成[DamageValue]伤害;紫
654;九式-求败剑诀;求败剑诀;暗金
655;五虎断门刀 【触发】;本武学攻击时，如果击中流血目标，则会再次释放该技能（只会触发一次）;紫
656;霹雳掌一：风行掌;攻击敌人造成[DamageValue]伤害，下回合移动格子数+2;暗金
657;霹雳掌二：奔雷掌;攻击敌人造成[DamageValue]伤害，下回合本武学连击率+10%;暗金
658;霹雳掌三：万钧掌;攻击敌人造成[DamageValue]伤害，下回本武学暴击伤害倍数+10%;暗金
659;本武学：强壮+20;本武学攻击后自身获得强壮+20;金
660;大霹雳;攻击敌人造成[DamageValue]伤害;暗金
661;大霹雳*绝招【暴击】;本武学绝招暴击率提升15%，暴击基础伤害+30%;金
662;烈阳刀大法;攻击敌人造成[DamageValue]伤害，45%几率附加残废+20;金
663;本武学：流血、残废+10，暴击时伤害+30%、残废+10;本武学对目标附加流血+10、残废+10，暴击时基础伤害+30%，额外附加残废+10;金
664;施放医术武学时，治疗效果额外提升10%;施放医术武学时，治疗效果额外提升10%;暗金
665;烈阳纯火刀;攻击敌人造成[DamageValue]点伤害，攻击时额外附加流血+30，残废+30;金
666;三阳神拳;攻击敌人造成[DamageValue]伤害;橙
667;本武学伤害后真气燃烧：伤害7%;本武学攻击附加伤害*7%的真气燃烧;橙
668;三阳合一;攻击敌人造成[DamageValue]伤害，攻击时额外附加攻击*60%点额外伤害;橙
669;五岳独尊剑法：附加剑法精通*1攻击力;五岳宗剑法武学攻击时额外获得剑法精通*1的攻击力;白
670;美术测试_剑系;以33%威力攻击敌人，附加流血+10;白
671;乞丐棍法_美术2;以33%威力攻击横向3个敌人，20%概率触发下一招;白
673;狂热献祭;为魔君回1%血，添加状态：激励;紫
674;天魔乱舞;攻击后额外行动一次，每回合触发一次;紫
675;天魔护体;为自己增加体质*10护盾，护盾存在时用增伤，护盾消失时移除增伤，改为虚弱;白
676;天魔诅咒;给随机一个敌方添加怒斥。怒斥：一回合后造成70%最大生命值的真实伤害;紫
677;狂热献祭;为魔君回10000血，添加状态：激励;紫
678;撒石灰_暗器;对敌降低命中率70%，持续2回合，不造成伤害;白
680;双龙出海;攻击敌人造成[DamageValue]伤害，附加破甲+10;蓝
682;双龙出水;攻击敌人造成[DamageValue]伤害，附加减速+30;紫
684;龙战于野;攻击敌人造成[DamageValue]伤害，附加破甲+30;橙
688;清风徐来;攻击敌人造成[DamageValue]伤害，暴击时回复5%生命值;橙
689;白衣教拳掌：破甲+10;所有白衣教拳掌武学附加破甲+10;白
691;三阳灼雨拳;攻击敌人造成[DamageValue]伤害，30%几率附加自身强壮+20，对有护盾的目标额外造成35%伤害;蓝
692;沸水掌;攻击敌人造成[DamageValue]伤害，附加自身强壮+10*目标个数;蓝
694;排云流火掌;攻击敌人造成[DamageValue]伤害，40%几率附加流血+20，对有护盾的目标造成基础伤害+45%;橙
695;七月流火;攻击敌人造成[DamageValue]伤害，附加流血+20，如目标已有残废，额外附加破甲+20;橙
696;本武学：最终伤害+25%破甲+10;本武学最终基础伤害+25%，额外附加破甲+10;橙
697;逐日元气掌;攻击敌人造成[DamageValue]伤害，对有护盾的目标造成基础伤害+55%，攻击后会对其周围3*3的敌人造成20%的溅射伤害;暗金
698;百丈天光;攻击敌人造成[DamageValue]伤害，附加残废+20;暗金
699;火星冲日;攻击敌人造成[DamageValue]伤害，附加残废+30，本武学攻击拥有护盾的目标最终基础伤害+100%，额外附加残废+20;暗金
700;烈阳·逐日元气掌;攻击敌人造成[DamageValue]伤害，暴击伤害倍数增加80%，攻击后会对其周围3*3的敌人造成20%的溅射伤害;暗金
701;本武学：最终伤害+剩余真气;本武学施放时，消耗最大真气15%造成伤害平均分配到所有目标上，每10点真气造成3点伤害;绿
702;尖冲剑法;攻击敌人造成[DamageValue]伤害，对有护盾的目标造成基础伤害+30%;绿
703;白衣教剑法：内伤+5;所有白衣教剑法武学附加内伤+5;绿
704;相思断剑;攻击敌人造成[DamageValue]伤害，对有护盾的目标造成基础伤害+40%;紫
705;断红肠;攻击敌人造成[DamageValue]伤害，附加内伤+20;紫
707;三劫连环剑;攻击敌人造成[DamageValue]伤害，对有护盾的目标造成基础伤害+50%;暗金
708;先天劫数;攻击敌人[DamageCount]次，造成[DamageValue]伤害;金
709;本武学：最终伤害+剩余真气30%;本武学额外消耗剩余真气30%造成额外伤害，每消耗20点真气造成1点伤害;金
710;本武学：中毒+20;本武学攻击附加中毒+20;金
711;低血生命值回复提高;自身生命值百分比越低，回合恢复生命值越高，最高提升至1000;白
712;白衣教：最终伤害+50% （自身生命值小于50%）;生命值低于50%时，所有白衣教武学造成基础伤害+20%;蓝
713;根据命中目标个数提升力道;攻击时根据击中目标个数提升力道，每击中一个提升力道+20，最多提升30次;橙
714;一切皆于无;立即减少自身40%生命值和真气，基础攻击提升30%，单局内永久生效（生命值不足时自身会退场）;暗金
715;无咎神功【伤害】;生命值低于30%时，绝招几率+10%，绝招造成基础伤害+30%，施放绝招额外消耗与真气等量的生命值;暗金
716;低血时获得疗伤、调息100层;回合结束时，若生命值与真气值同时低于20%，获得疗伤+100，调息+100（单局只能生效一次）;金
717;银环刀法;攻击敌人造成[DamageValue]伤害，25%几率附加减速+20，对有护盾的目标额外造成30%伤害;绿
718;白衣教刀法：减速+5;所有白衣教刀法武学附加减速+5;绿
719;本武学：最终伤害+50%（生命值越低越高）;生命值越低本武学伤害越高，最高提升50%;绿
720;金光交错刀法;攻击敌人造成[DamageValue]伤害，35%几率附加减速+20，对有护盾的目标造成基础伤害+40%;紫
721;一闪而过;攻击敌人造成[DamageValue]伤害，附加内伤+20;紫
722;本武学：最终伤害+30%（血低伤害高）;生命值越低本武学伤害越高，最高提升30%;紫
723;九霄惊雷刀法;攻击敌人造成[DamageValue]伤害，45%几率附加减速+20，对有护盾的目标造成基础伤害+50%;暗金
724;霹雳刀;攻击敌人造成[DamageValue]伤害，暴击时附加破甲+30;暗金
725;本武学：最终伤害+50%（目标有护盾）;本武学对有护盾的目标造成的基础伤害+50%;金
726;九霄惊雷刀法【绝招】;本武学攻击有护盾的敌人，必定触发绝招，且绝招基础伤害+30%;金
729;移动后：每格回真气300;使用全真教武学后，角色每移动一格恢复300点真气;蓝
730;破功化劲大法;攻击敌人造成[DamageValue]伤害;金
732;三无三不刀;攻击敌人造成[DamageValue]伤害，攻击后以自身攻击*10%点生命值为代价，使敌人每回合损失攻击*10%点生命值，持续3回合;金
733;峨嵋武学：暴击伤害倍数+30%;峨嵋武学暴击后，暴击伤害倍数+3%，可叠加10次;金
737;移动后：反击率+20%;使用本武学后反击率提升20%，效果持续一回合;白
739;当头一棒;攻击敌人造成[DamageValue]伤害，攻击后提升20%连招率，持续两回合;紫
741;慈悲为怀;攻击敌人造成[DamageValue]伤害，附加500点的真气燃烧，攻击时基础攻击提升10%;紫
749;本武学：治疗后加武学等级*500+生命值*3%的护盾;施放本武学后，目标额外增加武学等级*500+生命值*3%的护盾;暗金
752;百花争艳;攻击敌人[DamageCount]次，造成[DamageValue]伤害 ，攻击时降低敌人命中10%;金
756;紫云仙体功;使用后恢复50%真气且获得3层紫云真气（每层提升10%基础攻击，每回合衰减1层，一场战斗仅可使用1次）;暗金
11000;踩踏;攻击敌人造成[DamageValue]伤害;白
11001;无双踩踏;攻击敌人造成[DamageValue]伤害;蓝
11002;踏破千军;攻击敌人造成[DamageValue]伤害;橙
11003;紫光玄武震;攻击敌人造成[DamageValue]伤害，50%几率附加破甲+20;暗金
770;万佛朝宗掌;攻击敌人造成[DamageValue]伤害，伤害范围扩大为3*3;暗金
782;本武学伤害后真气燃烧：伤害8%;本武学攻击附加伤害*8%的真气燃烧;紫
787;道经*先天功;主动使用对周围3*3的队友，恢复5%的真气;暗金
789;阿鼻炼狱掌;攻击敌人造成[DamageValue]伤害，附加内伤+100;暗金
790;低真气时真气回复提高;真气低于50%时，真气回复+50%;暗金
791;所有武学：最终伤害+50%（自身真气小于50%）;真气低于50%时，全真教基础伤害+30%;暗金
792;猛虎下山;攻击敌人造成[DamageValue]伤害，附加流血+20，暴击则附加流血+20;橙
795;本武学：治疗后提升5%基础属性;本武学治疗后提升目标生命、真气、防御、攻击各5%，可叠加10次;暗金
796;洞察;主动使用，100%破招接下来的3次攻击，可叠加;白
797;打坐;回合结束时若真气<25%，则就地打坐，防御归零，一回合后回满真气;金
800;乾坤一掷;丢出2000铜币，攻击敌人造成[DamageValue]伤害;暗金
801;白玉阵法;每2个回合开始时召唤3个白衣教弟子;金
802;恐惧咆哮;对敌方全体造成伤害，附加内伤+20;橙
803;兄弟情;每回合行动结束会召唤一个流浪武士，每次受击自身附加强化+1;金
804;白衣教小蓄力（仇不均盯人）;对某个目标使出，下个回合，临时力道+100%，以该角色为目标使出《逐日元气掌》;金
805;立即行动;被创建后立即开始行动;金
806;丹药调和;游迟迟把药随机扔给1名白衣教弟子，弟子随机获取一个效果;金
807;白衣教小蓄力（仇不均攻击）;力道提升100%，目标释放逐日元气掌;金
808;白衣教大蓄力;获得生命*50%的护盾，跳跃到场地中央，蓄到第三回合后，临时攻击+200%，对7X5范围内所有目标使出《逐日元气掌》，对7X5范围内所有目标使出《逐日元气掌》;金
809;大蓄力-破盾;护盾被打破时蓄力中断;金
810;本武学：附加剑法精通*2攻击力;本武学攻击时额外获得剑法精通*2的攻击力;白
811;烈阳禅指测试2-美术测试;以175%威力攻击敌人;暗金
812;银环刀法;攻击敌人造成[DamageValue]伤害，附加减速+15;绿
813;霹雳刀;攻击敌人造成[DamageValue]伤害，暴击时附加破甲+40;暗金
815;一闪而过;攻击敌人造成[DamageValue]伤害，附加内伤+20;紫
817;同进退;每次攻击，所有队友都会一拥而上，同时攻击;金
818;挥金如土;随机召唤未知角色协助自己战斗;金
819;破招时50%几率发动本武学，威力百分比+15%（三仙剑）;发生破招时50%几率发动本武学，回合外使用本武学，威力百分比+0.15;暗金
821;流浪武士冲刺-一阶段;角色跳至屏幕右侧，标记中间三行;金
822;流浪武士冲刺-二阶段;开始冲刺至左端，把路径上所有敌人冲到左端，造成巨大伤害和50减速若没有冲到任何敌人，则把自己撞晕，眩晕一回合;金
823;全体攻击;对场上所有人造成伤害;白
824;回复雾气;队友方进行治疗，眩晕王翼一回合;白
825;打晕王翼;队友方进行治疗，眩晕王翼一回合;白
826;生命值链接;自身5*5范围分摊伤害;暗金
827;六阳指_美术测试1;以175%威力攻击敌人;暗金
828;本武学：附加内劲*3攻击力;本武学攻击时额外获得内劲*3的攻击力;蓝
829;技能使用限制;奇数回合不能使用蓄力，进行轮流蓄力;蓝
830;相思断剑;以较高威力对敌人造成伤害;白
831;周伯通行动控制;队友方进行治疗，眩晕王翼一回合;白
832;泥丸点穴;队友方进行治疗，眩晕王翼一回合;白
833;六阳指_美术测试3;以175%威力攻击敌人;暗金
834;美术测试：无敌斩;以67%威力攻击随机敌人3次;紫
835;天魔乱舞;攻击后额外行动一次，每回合触发一次;紫
836;江湖剑法;拜师后每级转化为1点剑法精通;蓝
837;江湖刀法;拜师后每级转化为1点刀法精通;蓝
838;江湖腿法;拜师后每级转化为1点腿法精通;蓝
839;江湖拳法;拜师后每级转化为1点拳掌精通;蓝
840;江湖棍法;拜师后每级转化为1点奇门精通;蓝
841;白衣教大蓄力-攻击;;金
842;江湖暗器;拜师后每级转化为1点暗器精通;蓝
843;江湖内功;拜师后每级转化为1点内劲;蓝
844;闪避时50%几率发动本武学，威力百分比+30%（太华混元掌）;自身闪避时50%几率发动本武学，回合外使用本武学，威力百分比+0.3;暗金
845;江湖医术;拜师后每级转化为1点体质;蓝
846;九霄惊雷刀法;攻击敌人造成[DamageValue]伤害，45%几率附加减速+20，对有护盾的目标造成基础伤害+50%;暗金
847;挥金如土;随机召唤未知角色协助自己战斗;金
848;全体攻击弱化版;对场上所有人造成伤害;白
849;回复雾气;队友方进行治疗，眩晕王翼一回合;白
850;白衣教大蓄力弱化版;;金
851;打晕王翼弱化版;队友方进行治疗，眩晕王翼一回合;白
852;周伯通行动控制弱化版;队友方进行治疗，眩晕王翼一回合;白
50005;本武学对减速的敌人伤害+20%;本武学对减速的敌人伤害+20%;
854;流浪武士冲刺弱化版-二阶段;开始冲刺至左端，把路径上所有敌人冲到左端，造成巨大伤害和50减速若没有冲到任何敌人，则把自己撞晕，眩晕一回合;金
855;白玉阵法弱化版;每2个回合开始时召唤3个白衣教弟子;金
856;丹药调和弱化版;游迟迟把药随机扔给1名白衣教弟子，弟子随机获取一个效果;金
857;八门金锁棍;攻击敌人造成[DamageValue]伤害，攻击时附加武学等级*800点额外伤害;橙
858;锁心阵;攻击敌人造成[DamageValue]伤害，并将他们吸附到1格位置;橙
859;铁面无情刀;攻击敌人造成[DamageValue]伤害，如果对方残废超过80，则附加眩晕1回合;紫
860;无情镖;使用暗器，攻击敌人造成[DamageValue]伤害，附加流血+5，命中后会穿透该敌人身后所有敌人;绿
861;本武学：中毒+5;本武学攻击附加中毒+5;暗金
862;万毒心经【额外攻击】;本武学攻击后，有概率发动一次自身拥有的毒系外功武学（武学档次越高，发动几率越低，每回合只触发一次）;暗金
863;万毒心经【追击】;本技能释放后，如果目标中毒层数大于100，则再释放一次其他毒系武学（最多触发一次）;暗金
864;强化中毒1级;强化中毒1级：使每层中毒的效果伤害变为初始的5倍，减少真气变为初始的2倍（敌方受到中毒效果取我方等级最高的效果）（可叠加至5级）;暗金
50017;奇门遁甲1级;奇门遁甲1级：奇门威力百分比+5%（最高可叠加至4级）;
50018;断魂离愁1级;断魂离愁1级：暗器威力百分比+5%（最高可叠加至4级）;
867;机关片斩刀;随机攻击敌人[DamageCount]次，造成[DamageValue]伤害，根据刀法精通提高随机攻击次数;蓝
868;紫云仙体功效果提升20%;主动技能增加真气效果提升20%，且额外获得2层紫云真气;暗金
869;乾坤百切斩;随机攻击敌人[DamageCount]次，造成[DamageValue]伤害，根据刀法精通提高随机攻击次数;橙
870;百足之虫;随机攻击敌人[DamageCount]次，造成[DamageValue]伤害，目标中毒层数大于等于50层，减少目标50层中毒，增加30%绝招伤害;橙
50023;先天真气1级;先天真气1级：内功伤害百分比+4%（最高可叠加至5级）;
872;逍遥腿法;攻击敌人造成[DamageValue]伤害，造成攻击*15%的真气燃烧效果;绿
873;易筋经;主动使用提升50%力道、50%忽视防御率、10%最终伤害，攻击1次后消失;暗金
874;吸星吞日;攻击敌人造成[DamageValue]伤害，吸取敌人10%的真气;金
875;万象变幻功;提升反击率50%、反弹率50%，持续1回合;暗金
876;无咎神功;攻击敌人造成[DamageValue]伤害;暗金
877;破招时50%几率发动本武学，威力百分比+40%（九剑）;发生破招时50%几率发动本武学，回合外使用本武学，威力百分比+40%;暗金
878;十二路谭腿;攻击敌人造成[DamageValue]伤害，攻击时基础攻击提升10%;紫
879;风摆荷叶腿;攻击敌人造成[DamageValue]伤害，攻击时基础攻击提升10%;紫
50032;闪转腾挪1级;闪转腾挪1级：闪避率+3%（最高可叠加至3级）;
881;如影随形腿;攻击敌人造成[DamageValue]伤害，攻击时基础攻击提升15%;金
882;无影无踪;攻击敌人造成[DamageValue]伤害，攻击时额外获得8000攻击力;金
50035;反弹龟甲1级;反弹龟甲1级：反弹率+4%（最高可叠加至4级）;
884;本武学：附加3500攻击力;本武学攻击时额外获得3500点攻击力;金
885;少林连环腿;攻击敌人造成[DamageValue]伤害，攻击时基础攻击提升5%;绿
886;扶摇腿法;攻击敌人造成[DamageValue]伤害，附加攻击*20%的真气燃烧;紫
887;直上九霄;攻击敌人造成[DamageValue]伤害，如目标有内伤，则基础伤害+30%，且附加击退1;紫
888;本武学：最终伤害+攻击*20%;本武学攻击额外附加攻击*20%伤害;金
50041;忽视防御1级;忽视防御1级：忽视防御率+5%（最高可叠加至4级）;
890;天地无穷腿法;攻击敌人造成[DamageValue]伤害，造成攻击*30%的真气燃烧效果;金
891;无穷无限;攻击敌人造成[DamageValue]伤害，只要有敌人闪避，则再次施放一次本技能（一回合只能触发一次）;金
50044;千手观音掌基础攻击+10;《千手观音掌》攻击时基础攻击提升10%;
893;莲座刀法;攻击敌人造成[DamageValue]伤害，攻击后以自身攻击*5%点生命值为代价，使敌人每回合损失攻击*5%点生命值，持续3回合;橙
894;三绝刀法;攻击敌人造成[DamageValue]伤害，攻击后以自身攻击*5%点生命值为代价，使敌人每回合损失攻击*5%点生命值，持续3回合;蓝
895;破剑式：对剑法破招+10%;受到剑法攻击时，有10%几率破招;金
896;霸刀;攻击敌人造成[DamageValue]伤害，攻击后以自身攻击*5%点生命值为代价，使敌人每回合损失攻击*5%点生命值，持续3回合;绿
897;扭转乾坤;攻击敌人造成[DamageValue]伤害，并附加击退效果+1;橙
898;天残神脚;攻击敌人造成[DamageValue]伤害，造成攻击*40%的真气燃烧效果;暗金
899;天崩地裂;攻击敌人造成[DamageValue]伤害，如果目标生命>50%则附加攻击*15%的伤害，如果目标真气>50%则附加攻击*15%的真气燃烧;暗金
900;本武学的真气燃烧效果提升100%，附加击退1;本武学的真气燃烧效果提升100%，附加击退1格;暗金
901;本武学：最终伤害+3%（目标真气小于10%）;本武学攻击真气小于百分之10的敌人，最终基础伤害+3%;暗金
50054;锁门棍基础攻击+10;《锁门棍》攻击时基础攻击提升10%;
50055;烈火刀基础攻击+5;《烈火刀》攻击时基础攻击提升5%;
904;太白剑法;攻击敌人造成[DamageValue]伤害，20%几率以同武学连击一次，主动使用可附加醉酒"状态";金
905;八方围猎;攻击敌人[DamageCount]次，造成[DamageValue]伤害，附加残废+20;橙
5002;一个大巴掌;攻击敌人造成[DamageValue]伤害;橙
907;鸳鸯腿;攻击敌人[DamageCount]次，造成[DamageValue]伤害;蓝
908;玉环步;攻击敌人[DamageCount]次，造成[DamageValue]伤害;白
909;本武学：连击时减速+10;以连击打出本武学时，附加+10减速;蓝
910;太极拳-极柔;攻击敌人造成[DamageValue]伤害，附加残废+20;暗金
911;太极剑-刚柔并济;攻击敌人造成[DamageValue]伤害，附加自身反击率+10%，最多可叠加20次;暗金
912;太极剑-极柔;攻击敌人造成[DamageValue]伤害，附加破甲+20;暗金
913;天地四相掌·老阳;攻击敌人造成[DamageValue]伤害，暴击时附加拳掌精通*4额外伤害;暗金
914;天地四相掌·少阳;攻击敌人造成[DamageValue]伤害，暴击时减少敌方本武学等级*500的真气;暗金
915;天地四相掌·少阴;攻击敌人造成[DamageValue]伤害，暴击时附加内伤+30;暗金
916;痛苦幻灭剑;攻击敌人造成[DamageValue]伤害，暴击时附加4倍剑法精通伤害;暗金
917;真·纯阳拳法;攻击敌人造成[DamageValue]伤害，暴击时附加自身真气*3%的伤害;暗金
918;烈阳·纯阳拳法;攻击敌人造成[DamageValue]伤害，暴击时减少敌方本武学等级*500的真气;暗金
919;貂蝉拜月;攻击敌人[DamageCount]次，造成[DamageValue]伤害，攻击男性角色时，基础伤害+50%，附加流血+10;暗金
920;贵妃醉酒;攻击敌人[DamageCount]次，造成[DamageValue]伤害害，攻击男性角色时，基础伤害+50%，附加中毒+10;暗金
921;昭君出塞;攻击敌人[DamageCount]次，造成[DamageValue]伤害，攻击男性角色时，基础伤害+50%，附加内伤+10;暗金
922;无上蔽月掌;攻击敌人造成[DamageValue]伤害，50%概率附加内伤+20，额外附加攻击*10%的伤害;暗金
923;无上遮日掌;攻击敌人造成[DamageValue]伤害，50%概率附加内伤+20，暴击时，额外减少敌人攻击*10%的真气;暗金
924;寒冰烈火掌;攻击敌人造成[DamageValue]伤害，威力+100%，攻击时消耗所有的烈火真气和寒冰真气，每消耗一层，基础伤害+25%;金
925;阳气·逐日元气掌;攻击敌人造成[DamageValue]伤害，最终基础伤害+60%，攻击后会对其周围3*3的敌人造成20%的溅射伤害;暗金
926;纯阳·逐日元气掌;攻击敌人造成[DamageValue]伤害，附加攻击*30%的伤害，攻击后会对其周围3*3的敌人造成20%的溅射伤害;暗金
927;纯阳指;随机攻击1-9名敌人，造成[DamageValue]伤害，对重复目标造成伤害降低;暗金
928;纯阴指;随机攻击1-9名敌人，造成[DamageValue]伤害，额外附加内伤+20，对重复目标造成伤害降低;暗金
929;拳风内劲;攻击敌人造成[DamageValue]伤害;金
930;援护后自身+防御;援护成功后自身防御+300，可叠加3次;暗金
931;洪拳;攻击敌人造成[DamageValue]伤害，额外附加攻击*20%点伤害;紫
932;一指定中原;攻击敌人造成[DamageValue]伤害，额外造成攻击*50%点伤害，暴击时额外造成攻击*50%点伤害;紫
933;如来神掌;攻击敌人造成[DamageValue]伤害，额外附加伤害自身攻击*60%的最终伤害;金
934;天降神掌;攻击敌人造成[DamageValue]伤害，附加内伤+20，如果只攻击到一个敌人，最终基础伤害+50%，额外附加内伤+30;金
935;五指山神掌;攻击敌人造成[DamageValue]伤害;金
936;游龙八卦掌;攻击敌人造成[DamageValue]伤害，攻击后自身附加坚韧+10;紫
937;每损失7%生命值伤害提升3%;自身每损失7%血量，本武学基础伤害+3%，最多提升30%;紫
938;火枪射击;攻击敌人造成[DamageValue]伤害，命中后会穿透该敌人身后所有敌人;绿
939;黑风刀法;攻击敌人造成[DamageValue]伤害，降低敌方20%命中率，持续1回合;绿
940;本武学：命中降低10%;本武学攻击附加命中率-10%，持续1回合;绿
941;太祖长棍;攻击敌人造成[DamageValue]伤害，附加额外伤害100点;橙
942;本武学：内伤+5;本武学攻击附加内伤+5;蓝
943;火神飞刀;使用暗器，攻击敌人造成[DamageValue]伤害，暴击时附加流血+10，命中后会穿透该敌人身后所有敌人;紫
944;先天一气;攻击敌人造成[DamageValue]伤害，额外消耗最大真气的20%造成伤害，每消耗10点真气附加3点额外伤害，附加残废+30，自身添加调息+30;暗金
945;轻云蔽月;攻击敌人造成[DamageValue]伤害，额外消耗最大真气的20%造成伤害，每消耗10点真气附加3点额外伤害，攻击时自身添加疗伤+30，对敌附加减速+30;暗金
946;本武学伤害后真气燃烧：伤害5%;本武学攻击附加伤害*5%的真气燃烧;暗金
947;本武学伤害后真气燃烧：攻击10%;本武学攻击附加攻击*10%的真气燃烧;暗金
948;本武学：最终伤害+力道*8;本武学攻击附加攻击*30%的伤害;金
949;狮吼功-狂;攻击敌人造成[DamageValue]伤害，额外消耗剩余真气的30%造成额外伤害，每10点真气造成1点伤害;金
950;狮吼功-极;攻击敌人造成[DamageValue]伤害，额外消耗剩余真气的30%造成额外伤害，每17点真气造成1点伤害;金
951;四海独尊功-极;主动使用使六项基础属性随机一项，增加10%;暗金
952;四海独尊功-狂;主动使用使四项基础属性中的随机二项，增加10%;暗金
953;追魂夺命帖;随机攻击敌人3次，造成[DamageValue]伤害，根据暗器精通提高随机攻击次数;暗金
954;翠毒爆发;攻击敌人造成[DamageValue]伤害，当攻击到中毒角色时，对周围3*3目标造成50%伤害;橙
955;本武学：最终伤害+灵巧*2;本武学攻击额外附加灵巧*2伤害;金
956;本武学：流血+5 暴击+5;本武学附加流血+5，暴击时额外附加流血+5;蓝
50109;销魂第三腿;攻击敌人造成[DamageValue]伤害，攻击时有20%几率附加减速+20;橙
958;本武学：攻击降低敌方暴击抵抗率;本武学攻击降低敌方暴击抵抗率30%;紫
959;本武学：攻击降低敌方命中;本武学攻击降低敌人命中率10%，可叠加3次;紫
960;光环持续回合+1;毒地的持续回合数+1;暗金
961;白蟒鞭法;攻击敌人造成[DamageValue]伤害;紫
962;本武学：最终伤害+武学等级*500;本武学攻击附加武学等级*500点伤害;暗金
963;本武学：对流血敌人最终伤害+30%+10流血;本武学攻击已有流血的敌人基础伤害+30%，额外附加流血+10;紫
50116;西洋万花拳;攻击敌人造成[DamageValue]伤害，攻击时基础攻击提升15%;金
965;柴刀十八路;攻击敌人造成[DamageValue]伤害，40%几率附加流血+20;橙
966;蛮力一刀斩;攻击敌人造成[DamageValue]伤害，附加流血+30;橙
967;本武学绝招：最终伤害+30%;本武学绝招基础伤害+30%;橙
968;风波刀法;随机攻击敌人[DamageCount]次，造成[DamageValue]伤害，根据刀法精通增加随机攻击次数;紫
969;明教刀法：附加力道*2攻击力;明教刀法武学攻击时额外获得力道*2的攻击力;蓝
970;毒龙棍法;攻击敌人造成[DamageValue]伤害;紫
971;恶龙毒潭;攻击敌人造成[DamageValue]伤害，附加减少800真气;紫
972;毒龙棍法【定身】;本武学击中中毒目标时，目标有25%几率定身1回合;紫
973;打狗大阵;登场召唤一个丐帮弟子;暗金
974;3*3队友：体质+5%;自身周围3*3范围内队友，获得生命+5%（不可叠加）;暗金
975;召唤弟子体质-金;增加本武学召唤出来的弟子的生命;金
976;3*3队友：刀法精通+5%;自身周围3*3范围内队友，刀法精通+5%（不可叠加）;暗金
978;擒龙功;攻击敌人造成[DamageValue]伤害，附加破甲+20;橙
979;真武七星阵;登场召唤一个武当弟子;金
980;3*3队友：剑法伤害+3%;自身周围3*3范围内队友，剑法攻击基础伤害+3%（不可叠加）;金
982;根据队友人数加护盾;开场时增加己方人数*1%的最大生命值的护盾值，后续每增加1人增加1%最大护盾值;金
983;龙泉剑法;攻击敌人造成[DamageValue]伤害，40%几率附加破甲+20;橙
984;武当反击伤害+20%;武当派反击基础伤害+20%;金
985;十八罗汉阵;登场召唤一个少林小和尚;紫
986;3*3队友：内劲+5%;自身周围3*3范围内队友，内劲+5%（不可叠加）;紫
987;三人合一剑;攻击敌人造成[DamageValue]伤害，附加破甲+20，如果攻击的敌人数量不少于3人，则必定暴击并且基础伤害+60%;橙
988;少林武学：少林武学最终伤害+10%;自身周围3*3队友施放的少林寺武学，基础伤害+10%（不可叠加）;紫
989;所有剑法：破甲+3;所有剑法武学附加破甲+3;橙
990;召唤弟子攻击-紫;增加本武学召唤出来的弟子的攻击;紫
991;金刚伏魔阵;登场召唤一个少林老和尚;金
992;棒打狗头;攻击敌人造成[DamageValue]伤害，同时有70%几率呼唤周围3*3的丐帮队友进行攻击，对丐帮角色造成基础伤害+100%;暗金
993;本武学：最终伤害+10%*剑法数量;自身每有一门剑法武学，本武学造成基础伤害+10%（最高加成30%）;橙
994;金刚伏魔阵【击败】;每当一个队友退场时，施放自身品质最高的奇门武学（最多触发10次）;金
995;愤怒之气;运功聚气，提高四项基础属性（生命、真气、攻击、防御）+5%，持续1回合;绿
996;召唤弟子体质-绿;增加所有阵法召唤弟子的生命;金
997;天罡北斗阵;登场召唤一个全真道士;金
998;3*3队友：精力+5%;自身周围3*3范围内的队友，真气+5%（不可叠加）;金
1000;单位死亡：恢复生命值回蓝;每当敌人退场时，自身恢复5%生命值和真气（最多生效5次）;暗金
1001;庖丁刀法;随机攻击敌人[DamageCount]次，造成[DamageValue]伤害;金
1002;裂空腿;攻击敌人造成[DamageValue]伤害，附加减速+20;橙
1003;燃魔刀法;攻击敌人造成[DamageValue]伤害，攻击后以自身攻击*15%点生命值为代价，使敌人每回合损失攻击*15%点生命值，持续3回合;暗金
1004;极速1级;极速1级：开局行动条前进5%（可叠加至7级）;紫
1005;移动后：破招率+20%;使用本武学后破招率提升20%，效果持续一回合;紫
1006;天怒;攻击敌人造成[DamageValue]伤害，攻击后以自身力道*6点生命值为代价，使敌人每回合损失力道*6点生命值，持续3回合;暗金
1007;明教腿法：附加灵巧*2攻击力;明教腿法武学攻击时额外获得灵巧*2的攻击力;蓝
1008;翻云覆雨掌;攻击敌人造成[DamageValue]伤害，并使敌人的行动移动格子数-1，持续两回合（若敌人的行动移动格子数小于1则不再降低）;暗金
1009;寒霜掌;攻击敌人造成[DamageValue]伤害;蓝
1010;黑云压境;对范围内所有队友和敌人，附加暴击率降低100%，持续1回合;紫
1011;金刚不坏功;对自身使用，提升防御100%，持续1回合;紫
1012;援护后+护盾;援护后，对自身及周围3*3队友附加生命*3%的护盾;紫
1013;群体金刚不坏;对自身和周围3*3队友使用，提升防御100%，持续1回合;紫
1014;所有拳掌：破甲+5;所有拳掌武学附加破甲+5;橙
1015;六相大力功;对自身使用，提升50%的所有攻击，持续1回合;金
1016;援护后强壮+30;援护防护后，对自身及周围3*3队友，都施加强壮+30;橙
1017;群体六相大力;对自身和周围3*3队友使用，提升内劲100%，持续1回合;橙
1018;六相大力功【命中暴击】;本武学施放时，自身命中率+30%，暴击率+30%，持续1回合;橙
1019;百炼心法蓄力+1;百炼心法蓄力时，蓄力层数+1;白
1020;飞天摧星功;攻击敌方单位造成[DamageValue]伤害，回复伤害量的生命值，同时回复400点真气;蓝
1021;移动后：腿法伤害+20%;使用本武学后腿法武学基础伤害+20%，效果持续一回合;橙
1022;流血传染;本武学攻击时，对目标周围的3*3敌人，附加流血+5;绿
1023;金光交错刀法;攻击敌人造成[DamageValue]伤害，附加减速+15;紫
1024;所有铸剑拳掌武学蓄力时+1;所有铸剑山庄拳掌武学蓄力时，蓄力层数+1;暗金
1025;天仙续命丹;对自身或一名队友使用，立即恢复[CureValue]生命值，额外恢复武学等级*1000点生命值;橙
1026;清心静气;对自身及周围3*3队友使用，立即恢复[CureValue]点生命值，额外恢复武学等级*500点生命值;绿
1027;玄阴疗伤篇;对自身使用，立即恢复[CureValue]点生命值，额外恢复武学等级*1000点生命值;蓝
1028;枯木逢春;对自身或一名队友使用，立即恢复[CureValue]点生命值，额外恢复武学等级*1000点生命值;白
1029;歧黄之术;对自身或一名队友使用，立即恢复[CureValue]点生命值，额外恢复武学等级*1000点生命值;紫
1030;金风玉露;对自身或一名队友使用，立即恢复[CureValue]点生命值，额外恢复武学等级*1000点生命值;蓝
1031;对月纵酒歌;对自身使用，立即恢复[CureValue]点生命值，恢复武学等级*500点真气，进入醉酒状态，额外恢复武学等级*1000点生命值;蓝
1032;烈阳疗伤术;对自身及周围3*3队友使用，立即恢复[CureValue]点生命值，额外恢复武学等级*500点生命值;蓝
1033;青鸾凤舞;攻击敌人[DamageCount]次，造成[DamageValue]伤害;暗金
1034;本武学：治疗后解除基础负面状态40;本武学造成治疗后解除基础六个基础负面状态各40层;金
1035;烈焰心法【进化】;烈火真气效果提升，额外造成基础伤害+10%;紫
1036;龙门拳法【威力】;拥有任意真气时，本武学威力百分比+40%;白
1037;托塔掌法【威力】;拥有任意真气时，本武学威力百分比+50%;白
1038;大嵩阳掌【威力】;拥有任意真气时，本武学威力百分比+60%;白
1039;大嵩阳掌【伤害】;拥有任意真气时，本武学基础伤害+30%;白
1040;本武学：威力百分比+8%，疗伤+30;本武学威力百分比+8%，攻击后自身获得疗伤+30;暗金
1041;本武学伤害后真气燃烧：伤害6%;本武学攻击附加伤害*6%的真气燃烧;暗金
1042;本武学：治疗后加内劲*2护盾;施放本武学后，目标额外增加生命*2%的护盾;暗金
1043;受到拳掌攻击减伤5%;受到拳掌攻击减伤5%;紫
1044;绝对防御1级;绝对防御1级：每次受击后（包含援护防御受击），自身获得绝对防御状态（可叠加5层），受到攻击减少最终伤害，值为真气*2%+1000点（可叠加至5级）;紫
1045;本武学：调息+20;本武学攻击时，自身获得调息+20;暗金
1046;最终伤害+15（目标有护盾）;本武学攻击有护盾的目标额外造成15%伤害;紫
1047;本武学：轻盈+10;本武学攻击时，自身获得轻盈+10;暗金
1048;增加两个目标;火焰的攻击次数+2;紫
1049;黯然伤魂;本武学攻击附加降低敌方命中率70%，持续1回合;金
1050;六脉次数+1;本武学攻击次数上限+1;紫
1051;重新登场后恢复10%真气;重新登场后恢复10%真气;暗金
1052;底表生成专用;重新登场后提升20%力道;暗金
1053;春风化雨;对自身或一名队友使用，立即恢复[CureValue]点生命值，额外恢复武学等级*2000点生命值;橙
1054;剑舞;攻击敌人造成[DamageValue]伤害，呼唤周围3*3队友一起进行攻击;橙
1055;五虎掌;攻击敌人造成[DamageValue]伤害，攻击时基础攻击提升30%;橙
1056;烈火刀;攻击敌人造成[DamageValue]伤害，攻击时基础攻击提升20%;紫
1057;锁门棍;攻击敌人造成[DamageValue]伤害，攻击时基础攻击提升20%;橙
1058;罗汉腿;攻击敌人造成[DamageValue]伤害，攻击时基础攻击提升20%;紫
1059;寒霜剑;攻击敌人造成[DamageValue]伤害;紫
1060;夺魂剑;随机攻击敌人[DamageCount]次，造成[DamageValue]伤害;橙
1061;碎玉拳;攻击敌人造成[DamageValue]伤害;紫
1062;星辰剑;攻击敌人造成[DamageValue]伤害，攻击时消耗4%剩余生命值，造成等量伤害;橙
1063;玄阴腿;攻击敌人造成[DamageValue]伤害，附加减速+20;紫
1064;齐眉棍法;攻击敌人造成[DamageValue]伤害，附加残废+20;橙
1065;屏风剑法;攻击敌人造成[DamageValue]伤害，自身获得闪避+20%;紫
1066;夺魄刀;攻击敌人造成[DamageValue]伤害，40%几率附加流血+20;橙
1067;兰花拂手;攻击敌人[DamageCount]次，造成[DamageValue]伤害;橙
1068;落叶剑法;攻击敌人[DamageCount]次，造成[DamageValue]伤害;紫
1069;绕指剑;攻击敌人造成[DamageValue]伤害，附加残废+20;紫
1070;游身掌;攻击敌人造成[DamageValue]伤害，自身附加坚韧+20;橙
1071;震山掌;攻击敌人造成[DamageValue]伤害，附加流血+20;橙
1072;飞云剑;攻击敌人造成[DamageValue]伤害;橙
1073;燃掌;攻击敌人造成[DamageValue]伤害;橙
1074;道剑;攻击敌人造成[DamageValue]伤害，额外消耗最大真气的10%造成伤害，每消耗10附加3点额外伤害;橙
1075;削顶掌;攻击敌人造成[DamageValue]伤害，额外消耗最大真气的14%造成伤害，每消耗10附加3点额外伤害;橙
1076;红颜;攻击敌人造成[DamageValue]伤害，30%几率连击一次;橙
1077;寒山掌;攻击敌人造成[DamageValue]伤害，附加内伤+20;橙
1078;直上腿法;攻击敌人造成[DamageValue]伤害，造成攻击*50%的真气燃烧效果;紫
1079;雪山腿法;攻击敌人造成[DamageValue]伤害，附加中毒+20;橙
1080;巴山夜雨;随机攻击敌人[DamageCount]次，造成[DamageValue]伤害，附加中毒+15;紫
1081;断肠消魂针;攻击敌人造成[DamageValue]伤害，附加中毒+20，命中敌人后会弹射[TanSheCount]次;紫
1082;七伤棍法;攻击敌人造成[DamageValue]伤害，攻击后以自身攻击*10%点生命值为代价，使敌人每回合损失攻击*10%点生命值，持续3回合;金
1083;归藏棍法;攻击敌人造成[DamageValue]伤害，攻击后以牺牲自身攻击*15%的生命值为代价，使敌人每回合损失自身攻击*15%点生命值，持续3回合;暗金
1084;清泉剑;攻击敌人造成[DamageValue]伤害;橙
1085;崩裂拳;攻击敌人造成[DamageValue]伤害，附加破甲+20;紫
1086;散花掌;攻击敌人造成[DamageValue]伤害，拥有任意真气时威力百分比+60%;紫
1087;截杖;攻击敌人[DamageCount]次，造成[DamageValue]伤害，拥有任意真气时基础伤害+35%;橙
1088;追魂掌;攻击敌人造成[DamageValue]伤害，造成攻击*50%的真气燃烧效果;金
1089;梨花枪;攻击敌人造成[DamageValue]伤害，攻击额外附加奇门精通*6点额外伤害;橙
1090;威严刀法;攻击敌人造成[DamageValue]伤害，附加残废+20;紫
1091;飞火掌;攻击敌人造成[DamageValue]伤害，附加残废+20，对有护盾的目标造成基础伤害+50%;橙
1092;断情剑;攻击敌人造成[DamageValue]伤害，额外消耗最大真气的14%造成额外伤害，每10点真气造成3点伤害，对有护盾的目标造成基础伤害+45%;金
1093;光含刀法;攻击敌人造成[DamageValue]伤害，附加减速+20，对有护盾的目标造成基础伤害+45%;金
1094;赤焰刀法;攻击敌人造成[DamageValue]伤害;紫
1095;京城仪净打醒;;白
1096;恒山橙以上武学：20%几率《天长掌法》;恒山橙色以上外功武学攻击时，有20%几率额外打出《天长掌法》（和其他几率叠加）;蓝
1097;大海无量;使用拳法类武学攻击时，有50%几率返还所消耗的真气;白
1098;棒棒打狗30%;所有奇门武学，命中率提高30%;白
1099;舍己为人1级;舍己为人1级：每次受到攻击，有20%几率为周围3*3队友施放5000+攻击*10%的治疗（可叠加至5级）;白
1100;金刚不坏1级;金刚不坏1级：进入战斗第一次受到主动攻击时基础伤害-30%（可叠加至5级）;白
1101;普度众生;本武学击败敌人会按照击败敌人的总生命值的5%对全场敌人造成一次等额伤害（最高250000）;暗金
1102;全*普度众生;普度众生1级：所有拳法杀死目标时，以目标的20%生命值造成全屏伤害（上限100000+我方生命*50%）;暗金
1103;本武学：附加4000攻击力;本武学攻击时额外获得4000点攻击力;金
1104;所有腿法：附加4000攻击力;所有腿法武学攻击时额外获得4000点攻击力;金
1105;暴击闪避;大幅降低本场战斗第一次受到的暴击伤害;白
1106;太华紫霞;所有剑法和拳法武学根据消耗的真气造成等量伤害;白
1107;玄武断崖;被击时降低5000+10%点伤害;白
1108;奇门自在;所有奇门武学对主要目标基础伤害+200%;白
1109;所有内功：附加拳掌精通*1攻击力;所有内功武学攻击时额外获得拳掌精通*1点攻击力;金
1110;太极生圆1级;太极生圆1级：使用《太极拳》、《太极剑》主动攻击时，10%概率使攻击范围增加至3*3范围;白
1111;太极剑-反击;以反击打出《太极剑》时，《太极剑》范围增大到3*3;白
1112;连绵不绝;本武学每使用1次，威力百分比+10%（最高提升至200%）;白
1113;无字天书;自身生命低于10%时，受到所有基础伤害-50%;白
1114;破*绵里藏针;所有武学对有护盾的敌人基础伤害+20%;白
1115;巨剑裂地;本武学第一次攻击附加眩晕效果;暗金
1116;寸步难行;本武学第一次攻击附加眩晕效果;暗金
1117;本武学：击退10%;本武学攻击时击退敌方进度条10%;暗金
1118;少林奇门：击退10%;少林奇门武学攻击时击退敌方进度条10%;暗金
1119;所有奇门：击退10%;所有奇门武学攻击时击退敌方进度条10%;暗金
1120;所有腿法：附加10000攻击力;所有腿法武学攻击时额外获得10000点攻击力;金
1121;延绵不绝（每次最终伤害+20%）;本武学每使用1次，最终基础伤害+20%（最高提升至400%）;白
1122;撕裂伤口1级;撕裂伤口1级：所有武学对流血状态的敌人造成基础伤害+3%（可叠加至5级）;暗金
1123;撕裂伤口2级;撕裂伤口2级：所有武学对流血状态的敌人造成基础伤害+5%（可叠加至5级）;暗金
1124;暗中偷袭1级;暗中偷袭1级：所有武学对中毒状态的敌人造成基础伤害+3%（可叠加至5级）;暗金
1125;暗中偷袭2级;暗中偷袭2级：所有武学对中毒状态的敌人造成基础伤害+5%（可叠加至5级）;暗金
1126;逍遥仙宫拳掌武学无视真气护盾，直接攻击生命;逍遥仙宫拳掌武学无视真气护盾，直接攻击生命;暗金
1127;混元掌30;本武学真气消耗增加200%，基础伤害+40%;暗金
1128;君子剑30;本武学， 真气消耗增加100%，基础伤害+20%;暗金
1129;是药三分毒;所有医疗技能可以对敌人使用;暗金
1130;无量气海;开场进场进行一次速度比拼，速度低于本武功拥有者的敌人，敌人的开局进度条前进效果无效（极速等）;暗金
1131;万毒爆体;本武学攻击目标中毒超过100时，立即对目标及周围3*3敌人造成伤害，伤害为中毒层数*500（每次攻击回合单个目标触发一次）;暗金
1132;五虎断门刀30;本武学攻击目标流血超过100时，立即对目标及周围3*3敌人造成伤害，伤害为流血层数*500（每次攻击回合触发一次）;暗金
1133;血海无涯1级;血海无涯1级：血海魔功基础伤害+10%（最高提升至5级）;暗金
1134;无招胜有招1级;无招胜有招1级：所有随机多次武学可攻击单体目标，后续伤害为上一次伤害的60%（初始值为50%，最高提升至5级）;暗金
1135;混元真气功30;回合开始时，有10%几率自动获得寒冰真气或烈火真气;蓝
1136;由内及外1级;由内及外1级：使用暗器攻击时，对于小于自身攻击的敌人，附加自身攻击*10%的无视护盾、无视防御直接伤害（可叠加至5级）;蓝
1137;峨嵋临济气功30;所有武学攻击时命中率-10%，暴击率+10%;蓝
1138;佛光注照掌30;所有拳掌武学暴击时基础伤害+20%;蓝
1139;金顶穿花剑30;所有剑法武学暴击时基础伤害+20%;蓝
1140;神武剑法30;以反击打出《太极剑》或《神武剑法》时，威力百分比+20%;白
1141;八卦掌30;以反击打出《太极拳》或《八卦掌》时，威力百分比+20%;白
1142;太极神功30;本武学攻击后获得伤害减免50%效果，持续1回合;白
1143;万象变幻功30;受到敌人攻击的时候，如果自己已学会该武学，立刻用该武学还击（每回合最多触发3次）;白
1144;九霄惊雷刀法30（每次最终伤害+10%）;本武学每使用1次，最终基础伤害+10%（最高提升至200%）;暗金
1145;守心克己1级;守心克己1级：暴击后，降低自身暴击值500点，提升5%的四项基础属性（生命、真气、攻击、防御），可叠加1次（可叠加至5级）;蓝
1146;百花乱拳1级;百花乱拳1级：使用拳掌武学攻击单体目标的时候，20%几率向周围的敌人，进行同样的攻击（每回合最多触发一次，可叠加至5级）;蓝
1147;真·百里挑一1级;百里挑一1级：使用腿法武学攻击目标时，20%几率对其中一个敌人额外进行一次攻击（可叠加至5级）;蓝
1148;惊魂刀法30;本武学攻击目标流血超过100时，立即对目标及周围3*3敌人造成伤害，伤害为流血层数*500，并附加流血+10（每次攻击回合触发一次）;暗金
1149;赤刀神功30;本武学攻击目标流血超过100时，立即对目标及周围3*3敌人造成伤害，伤害为流血层数*500，并附加流血+20（每次攻击回合触发一次）;暗金
1150;六相大力25;受到内功攻击时，有10%几率破招;金
1151;惩恶棍法【触发】;峨嵋派其他武学暴击时，附加本武学攻击一次;蓝
1152;惩恶棍法;攻击敌人造成[DamageValue]伤害;白
1153;悬丝诊脉;攻击敌人造成[DamageValue]伤害;蓝
1154;气机倒灌;攻击敌人造成[DamageValue]伤害;橙
1155;生灭一指;攻击敌人造成[DamageValue]伤害;暗金
1156;悬丝诊脉15;可对队友使用，治疗相同的数值;蓝
1157;悬丝诊脉20;对敌附加生命恢复-200，持续3回合；对友方附加生命恢复+200，持续3回合;蓝
1158;悬丝诊脉25;所有医术技能释放后，追加一次悬丝诊脉（每回合触发1次）;蓝
1159;悬丝诊脉30;所有内功攻击后，追加一次悬丝诊脉（每回合触发1次）;蓝
1160;本武学：附加医术精通*5攻击力;本武学攻击时额外获得医术精通*5的攻击力;蓝
1161;气机倒灌25;《悬丝诊脉》到达25级时，《气机倒灌》可额外攻击一次;蓝
1162;气机倒灌30;可对队友施放本武学，造成治疗;蓝
1163;生灭一指30;使用本武学时，若场上有至少一位队友拥有此武学，则有100%概率呼唤拥有本武学的队友进行攻击;蓝
1164;杨家枪法;攻击敌人造成[DamageValue]伤害，50%几率附加破甲+20;暗金
1165;一字长蛇阵;攻击敌人造成[DamageValue]伤害;暗金
1166;破甲雁形阵;攻击敌人造成[DamageValue]伤害，攻击后行动条前进80%;暗金
1167;青龙偃月阵;攻击敌人造成[DamageValue]伤害，攻击后获得减伤70%状态，持续1回合;暗金
1168;杨家枪法30;奇门武学攻击单位越少，威力越高;暗金
1169;基础刀法;攻击敌人造成[DamageValue]伤害;白
1170;基础拳法;攻击敌人造成[DamageValue]伤害;白
1171;醉逍遥1级;醉逍遥1级：所有多段掌法攻击威力逐次提升1% （最高200%）;蓝
1172;鹰爪功;攻击敌人造成[DamageValue]伤害，攻击时有10%几率附加流血+20;绿
1173;白骨爪;攻击敌人造成[DamageValue]伤害，附加破甲+20;金
1174;神魔爪;攻击敌人造成[DamageValue]伤害，附加流血+20;暗金
1175;百里挑一;本武学攻击目标时，20%几率对其中一个敌人额外进行一次攻击（每回合仅生效一次，当获得“百里挑一”时当前效果被取代）;暗金
1176;真·穿针引线1级;穿针引线1级：暗器武学攻击附加“漫天花雨”状态，状态可叠加5层，每层使其受到暗器招式攻击时基础伤害+3%（可叠加至5级）;蓝
1177;阴人1级;阴人1级：内力阴性+10，使用阴性武学（武学只有阴性系数）时基础伤害+10%（可叠加至5级）;蓝
1178;锥心透骨1级;锥心透骨1级：暗器武学暴击时，20%几率追加一次穿心透骨（每回合最多追加1次）（可叠加至5级）;蓝
1179;日月万光神针残废+3;使用《日月万光神针》时附加残废+3;绿
1180;日月万光神针破甲+5;使用《日月万光神针》时附加破甲+5;绿
1181;20%几率攻击3排;本武学攻击时有20%几率攻击3排目标;暗金
1182;金针秘传;攻击敌人造成[DamageValue]伤害，命中敌人后会弹射[TanSheCount]次;白
1183;金针秘传【减命中】;本武学攻击后使敌方命中率降低10%，持续1回合;紫
1184;金针秘传【群体减命中】;本武学攻击使敌方周围3*3敌人命中率降低10%，持续1回合;紫
1185;经脉错乱针;攻击敌人造成[DamageValue]伤害，命中敌人后会弹射[TanSheCount]次，20%几率击退敌方进度条10%;橙
1186;阴阳逆行针;攻击敌人造成[DamageValue]伤害，命中敌人后会弹射[TanSheCount]次，攻击时额外获得医术精通*3的攻击力;暗金
1187;阴阳逆行针【减伤】;攻击后有20%几率降低敌方50%的伤害，效果持续1回合;暗金
1188;阴阳逆行针【增伤】;本武学可以对友军使用，治疗队友的同时使其下回合攻击造成基础伤害+50%（实现中）;暗金
1189;封禁穴位(封印);攻击敌人造成[DamageValue]伤害，随机封印一类外功，持续1回合;暗金
1190;一石三鸟;攻击敌人[DamageCount]次，造成[DamageValue]伤害，命中后会穿透该敌人身后所有敌人;绿
1191;五弦连珠镖;攻击敌人[DamageCount]次，造成[DamageValue]伤害，命中后会穿透该敌人身后所有敌人;金
1192;飞花摘叶镖;攻击敌人[DamageCount]次，造成[DamageValue]伤害，命中后会穿透该敌人身后所有敌人;紫
1193;玄机弹指：最终伤害+悟性*0.2;本武学攻击每段附加悟性*0.2伤害;金
1194;玄机弹指【减暴击】;本武学攻击降低敌方10%暴击率，效果持续1回合;暗金
1195;冰尖针;攻击敌人造成[DamageValue]伤害，命中敌人后会弹射[TanSheCount]次;白
1196;赤红凝露针;攻击敌人造成[DamageValue]伤害，命中敌人后会弹射[TanSheCount]次;蓝
1197;天山玄冰针;攻击敌人造成[DamageValue]伤害，命中敌人后会弹射[TanSheCount]次，35%几率附加减速+20;橙
1198;无上元气针;攻击敌人造成[DamageValue]伤害，命中敌人后会弹射[TanSheCount]次，35%几率附加减速+20;暗金
1199;穷击猛打1级;穷击猛打1级：所有武学对减速目标基础伤害+3%（可叠加至5级）;蓝
1200;本武学：基础攻击提升20%;本武学攻击时，基础攻击提升20%;白
1201;穿云裂石1级;穿云裂石1级：所有武学攻击真气为0的角色时，基础伤害+10%（可叠加至5级）;暗金
1202;流风回雪;攻击敌人[DamageCount]次，造成[DamageValue]伤害，攻击后所有敌人吸附到一起;暗金
1203;封心绝气;攻击敌人造成[DamageValue]伤害，命中敌人后会弹射[TanSheCount]次，对目标及3*3范围的敌人附加额外伤害和真气减少，值为伤害的10%（最高10000点）;暗金
1204;召唤弟子生命-绿;增加本武学召唤出来的弟子的生命;紫
1205;召唤弟子生命-暗金;增加本武学召唤出来的弟子的生命;紫
1206;天干傀儡30;所有阵法召唤的角色，生命值+5%;金
1207;十八罗汉阵30;所有阵法召唤的角色，连击率+5%;金
1208;天罡北斗阵30;所有阵法召唤的角色，闪避率+5%（不可叠加）;金
1209;长生天风大阵30;所有阵法召唤的角色，防御+5%;金
1210;地支傀儡30;所有阵法召唤的角色，破招率+5%;金
1211;金刚伏魔阵30;所有阵法召唤的角色，忽视防御率+5%;金
1212;打狗大阵30;所有阵法召唤的角色，暴击率+5%;金
1213;真武七星阵30;所有阵法召唤的角色，反击率+5%;金
1214;天干傀儡20;召唤的天干傀儡攻击时额外消耗当前生命值20%，对首个目标造成等额伤害;金
1215;十八罗汉阵20;所有阵法召唤的角色，忽视防御率+10%;金
1216;天罡北斗阵20;召唤的全真道士死亡时，自身恢复20%生命和真气;金
1217;长生天风大阵20;召唤的长生门弟子呼叫合击几率+50%;金
1218;地支傀儡20;召唤的地支傀儡所有攻击额外附加中毒+5;金
1219;金刚伏魔阵20;召唤的少林老和尚死亡时对周围3*3敌人施放内力普通攻击;金
1220;打狗大阵20;召唤的丐帮弟子连招率+20%;金
1221;真武七星阵20;召唤的武当弟子反击率+50%;金
1222;本武学：中毒+20（20%几率）;本武学攻击20%几率附加中毒+20;金
1223;袖中藏刀;随机攻击敌人[DamageCount]次，造成[DamageValue]伤害，根据刀法精通提高攻击次数上限;白
1224;本武学：中毒+20（40%几率）;本武学攻击40%几率附加中毒+20;金
1225;本武学：中毒+20（30%几率）;本武学攻击30%几率附加中毒+20;金
1226;毒中老手;本武学会在回合外自动攻击中毒>=100的敌人，但伤害仅为回合中使用时的30%（实现中）;暗金
1227;30%几率攻击3排;本武学攻击时有30%几率攻击3排目标;暗金
1228;40%几率攻击3排;本武学攻击时有40%几率攻击3排目标;暗金
1229;潜藏要术【闪避】;受到攻击后，闪避值提升200点，持续2回合;紫
1230;潜藏要术【减伤】;受到所有内功武学基础伤害-5%;紫
1231;毒性锻体【减伤】;自身中毒时，受到所有基础伤害-10%;紫
1232;天府操傀诀30;所有阵法召唤的角色，暴击率+5%;金
1233;天府操傀诀;攻击敌人造成[DamageValue]伤害，呼叫周围3*3范围内的傀儡进行合击;暗金
1234;天府操傀诀【回血】;呼唤傀儡合击时恢复傀儡3000+3%点生命值;暗金
1235;天府操傀诀【中毒】;呼唤傀儡合击时，可对敌方目标附加中毒+15;暗金
1236;天府操傀诀【吸血】;呼唤傀儡合击时，傀儡获得15%吸血率;暗金
1237;所有毒系暴击：附加中毒+10;所有毒系武学暴击时附加中毒+10;暗金
1238;毒海无涯;毒海无涯：开场对所有敌方施放攻击（攻击与武学等级越高，伤害越高），附加中毒+10;暗金
1239;无忧邪经25;提升毒海无涯10%的伤害;暗金
1240;天干傀儡;登场召唤一个天干傀儡;金
1241;地支傀儡;登场召唤一个地支傀儡;金
1242;攻击时附加当前真气值1%的伤害;本武学攻击时附加当前真气值*1%的伤害;暗金
1243;耗最大15%蓝造成伤害;本武学攻击时附加当前真气值*4%的伤害;暗金
1244;耗最大12%蓝造成伤害;本武学攻击时附加当前真气值*3%的伤害;暗金
1245;攻击时附加当前真气值2%的伤害;本武学攻击时附加当前真气值*2%的伤害;暗金
1246;真气外放1级;真气外放1级：所有额外消耗真气附加伤害效果，提升为每消耗10点真气附加4点伤害（可叠加至5级）;暗金
1247;强化流血1级;强化流血1级：使每层流血的效果伤害变为初始的5倍（敌方受到流血效果取我方等级最高的效果）（可叠加至5级）;蓝
1248;血战到底1级;血战到底1级：所有额外消耗生命值附加伤害效果，提升为每消耗10点生命值附加6点额外伤害（可叠加至5级）;蓝
1249;强化残废1级;强化残废1级：使每层残废的效果提升至最终伤害减少150（敌方受到残废效果取我方等级最高的效果）（可叠加至5级）;蓝
1250;强化破甲1级;强化破甲1级：使每层破甲的效果提升至防御减少6（敌方受到破甲效果取我方等级最高的效果）（可叠加至5级）;蓝
1251;强化内伤1级;强化内伤1级：使每层内伤的效果提升至回复降低15（敌方受到内伤效果取我方等级最高的效果）（可叠加至5级）;蓝
1252;潮落潮生1级;潮落潮生1级：当真气低于5%时，立即恢复至30%，一局生效一次（可叠加至3级）;蓝
1253;凌波仙子1级;凌波仙子Lv1：回合外受到6次攻击后，闪避率暂时+50%，直到闪避1次后消失 （可叠加至4级）;蓝
1254;越战越勇1级;越战越勇1级：每击败一个敌人，自身基础伤害+3%（上限为10%）;蓝
50407;妙手回春;对自身及周围3*3队友使用，立即恢复[CureValue]点生命值，额外恢复武学等级*500点生命值;橙
1256;经脉重塑1级;经脉重塑1级：使《易筋经》主动效果持续攻击次数+1（可叠加至5级）;暗金
1257;妒火中烧1级;妒火中烧1级：自身攻击时，敌人每有一种增益状态（强壮、坚韧、轻盈、疗伤、调息），受到基础伤害+2%（可叠加至5级）;暗金
1258;嗜血追击1级;嗜血追击1级：当敌人生命值低于50%时，我方最终基础伤害+5%，且敌人剩余生命值百分比每比50%低5%时，我方额外增加1%最终伤害（可叠加至3级）;暗金
1259;五岳独尊剑法：命中+5%，拳法暴击率+5%;五岳宗剑法武学命中率+5%，拳法武学暴击率+5%;暗金
1260;烈焰刀法30;本武学攻击真气为0的敌人时附加破甲+50并且再次攻击1次（每回合普通招式和绝招各自只能触发一次）;金
1261;暗器精通增加攻击次数;根据暗器精通额外增加多段攻击次数，受武学攻击次数上限影响（作用于唐门暗器）;暗金
1262;暴雨梨花针;随机攻击敌人[DamageCount]次，造成[DamageValue]伤害，根据暗器精通提高随机攻击次数，被击中目标不可使用所有医术与内功，持续1回合;暗金
1263;常备不懈1级;常备不懈1级：回合外使用武学时，伤害为回合内使用时60%（初始值为50%，可叠加至5级）;暗金
1264;剧毒;所有武学攻击目标中毒超过100时，立即对目标及周围3*3敌人造成伤害，伤害为中毒层数*500，并附加中毒+20（每次攻击回合触发一次）;金
1265;登山杖法30;自身拥有任意真气时，所有奇门武学威力+5%;白
1266;扛旗枪法30;自身拥有任意真气时，所有奇门武学威力+10%;白
1267;托镖长戟30;自身拥有任意真气时，所有奇门武学威力+15%;白
1268;长枪大戟十七式;攻击敌人[DamageCount]次，造成[DamageValue]伤害，拥有烈火真气时，威力+50%;暗金
1269;龙门二十品;攻击敌人[DamageCount]次，造成[DamageValue]伤害，自身拥有烈火真气时，威力+60%，对中心目标附加攻击*20%点额外伤害;暗金
1270;长枪大戟十七式【击退】;自身拥有烈火真气时，本武学攻击附加进度条击退10%（每回合仅触发一次）;暗金
1271;长枪大戟十七式30;自身拥有烈火真气时，所有奇门武学暴击值+200，伤害倍数+20%;暗金
1272;长枪大戟十七式25;本武学攻击时，消耗所有烈火真气，每消耗一层，本武学增加一次攻击次数;暗金
1273;本武学：附加力道*2攻击力（拥有任意真气）;自身拥有任意真气时本武学攻击时，基础攻击提升10%;金
1274;龙门拳法30;自身拥有任意真气时，所有拳掌武学威力+5%;白
1275;冰火掌30;自身拥有任意真气时，所有拳掌武学威力+10%;白
1276;本武学：附加力道*3攻击力（拥有任意真气）;自身拥有任意真气时本武学攻击时，基础攻击提升10%;金
1277;三式狂澜刀法;攻击敌人造成[DamageValue]伤害，拥有寒冰真气时，威力+25%;绿
1278;十一招风云斩;攻击敌人造成[DamageValue]伤害，拥有寒冰真气时，威力+45%;金
1279;七式惊涛刀;攻击敌人造成[DamageValue]伤害，拥有寒冰真气时，威力+35%;紫
1280;十三路龙吟刀;攻击敌人造成[DamageValue]伤害，拥有寒冰真气时，威力+55%;暗金
1281;本武学：附加力道*1攻击力（拥有寒冰真气）;自身拥有寒冰真气时，本武学攻击时，基础攻击提升5%;金
1282;七式狂澜刀法30;自身拥有任意真气时，所有刀法武学威力+5%;白
1283;十一招风云斩30;自身拥有任意真气时，所有刀法武学威力+15%;白
1284;十三路惊涛刀30;自身拥有任意真气时，所有刀法武学威力+10%;白
1285;龙吟三刀30;自身拥有寒冰真气时，所有刀法武学暴击值+200，伤害倍数+20%;暗金
1286;十三路惊涛刀25;自身拥有寒冰真气时，本武学攻击附加残废+20;暗金
1287;十一招风云斩25;自身拥有寒冰真气时，本武学对血量低于50%目标基础伤害+10%;暗金
1288;四十一招风云斩15;自身拥有寒冰真气时，本武学连击率+20%;暗金
1289;风云际会;攻击敌人造成[DamageValue]伤害，自身拥有寒冰真气时，威力+55%，攻击后提升基础攻击+10%（可叠加10次）;金
1290;蛟龙旋尾;攻击敌人造成[DamageValue]伤害，自身拥有寒冰真气时，威力+65%，基础攻击提升20%;暗金
1291;龙吟三刀15;自身拥有寒冰真气时，本武学吸血率+20%;暗金
1292;龙吟三刀25;本武学攻击时，消耗所有寒冰真气，每消耗一层，本武学基础伤害+30%;金
1293;龙门真气初始存储;本武学攻击时，消耗所有烈火真气，每消耗一层，本武学增加一次攻击次数;暗金
1294;烈焰心法25;自身拥有烈火真气时，暴击率+10%;暗金
1295;寒冰诀25;自身拥有寒冰真气时，命中率+10%;暗金
1296;冰火相融诀;攻击敌人造成[DamageValue]伤害，拥有任意真气时，本武学基础伤害+20%;暗金
1297;冰火九重天;攻击敌人造成[DamageValue]伤害，消耗烈火和寒冰真气，每消耗一层，本武学基础伤害+25%;暗金
1298;镖旗烈烈;攻击敌人[DamageCount]次，造成[DamageValue]伤害，自身拥有烈火真气时增加1次攻击，并附加进度条击退20%;暗金
1299;金鳞化龙;攻击敌人造成[DamageValue]伤害，自身拥有寒冰真气时，将受击目标吸附于1格，并附加减速+30;暗金
1300;破天流云;攻击敌人造成[DamageValue]伤害，造成攻击*20%的真气燃烧效果，如果敌人满真气，则基础伤害+10%，真气燃烧效果+100%;暗金
1301;魂飞魄散1级;魂飞魄散1级：使用暗器武学时，如果首个目标有中毒>99"状态，30%几率发动一次《追魂夺命帖》（每回合只触发一次）（可叠加至3级）";蓝
1302;无上元气针25;本武学攻击时，敌人每多一种基础负面状态，造成基础伤害+5%;暗金
1303;毒蒺藜20;本武学攻击时有20%几率对首个目标附加中毒+20;暗金
1304;银针飞花20;本武学攻击时有30%几率对首个目标附加中毒+20;暗金
1305;追魂夺命帖10;本武学攻击40%几率对首个目标附加中毒+20，并对所有其他目标附加中毒+5（该效果每回合仅生效一次）;暗金
1306;五彩神砂10;本武学攻击时有30%几率对首个目标附加中毒+20，并对所有其他目标附加中毒+5（该效果每回合仅生效一次）;暗金
1307;蟾蜍吐芳;攻击周围3*3敌人，随机对一个目标附加蛤蟆恶臭"状态，使其受到下次绝招·蛤蟆吐芳基础伤害+20%，并附加中毒+30";暗金
1308;紫蟾神功30;蛤毒状态>3层时，使用任何其他武学（不包含本武学的绝招和奥义），会消耗一层蛤毒，施放一次本武学绝招;蓝
1309;剑魔真传;攻击敌人造成[DamageValue]伤害，攻击后自身剑法精通提升10%，不可使用除剑法外功外所有其他系武学，持续整场战斗;暗金
1310;落石神通;攻击敌人[DamageCount]次，造成[DamageValue]伤害，命中后会穿透该敌人身后所有敌人，攻击时有50%几率攻击3排目标;暗金
1311;滚滚红尘;攻击敌人[DamageCount]次，造成[DamageValue]伤害，命中后会穿透该敌人身后所有敌人 ，附加减速+20;暗金
1312;50%几率攻击3排目标;本武学攻击时有50%几率攻击3排目标;暗金
1313;多段拳法1级;多段拳法1级：以30%几率增加玄机门多段拳法的攻击段数，最多1次（可叠加至5级）;蓝
1314;多段剑法1级;多段剑法1级：以30%几率增加玄机门多段剑法的攻击段数，最多1次（可叠加至5级）;蓝
1315;多段腿法1级;多段腿法1级：以30%几率增加玄机门多段腿法的攻击段数，最多1次（可叠加至5级）;蓝
1316;多段暗器1级;多段暗器1级：以30%几率增加玄机门多段暗器的攻击段数，最多1次（可叠加至5级）;蓝
1317;识破罩门1级;识破罩门1级：攻击暴击时，有20%几率敌人无法进行反弹、反击、识破（可叠加至5级）;蓝
1318;强化穿透1级;强化穿透1级：暗器穿透时，威力为上一次的40%（初始值为30%，可叠加至5级）;蓝
1319;强化弹射1级;强化弹射1级：暗器弹射时，威力为上一次的80%（初始值为70%，可叠加至5级）;蓝
1320;封禁穴位;攻击敌人造成[DamageValue]伤害，命中敌人后会弹射[TanSheCount]次，对每个目标附加命中率降低10%，持续1回合;暗金
1321;阴阳逆行针【治疗】;本武学可以以队友为目标，命中队友时进行治疗;暗金
1322;八门金锁棍20->本武学;本武学攻击单位越少，威力越高;暗金
1323;薪火无尽棍法;攻击敌人造成[DamageValue]伤害，使用后获得铸剑蓄力+2，20%几率使自身获得额外铸剑+2;金
1324;薪火无尽棍法10;自身铸剑蓄力>5层时，本武学威力提升4.6%，施放后获得坚韧+15;金
1325;薪火无尽棍法30;所有奇门武学，每增加一个命中目标，对中心目标基础伤害+25%（最大200%）;蓝
1326;搅火棍法30;所有奇门武学，每增加一个命中目标，对中心目标基础伤害+20%（最大100%）;蓝
1327;乱风棍法30;本武学每增加一个命中目标，对中心目标基础伤害+25%（最大100%）;蓝
1328;惊世震俗;攻击敌人造成[DamageValue]伤害，对敌附加铸剑震撼"状态，持续1回合。铸剑震撼：攻击有铸剑蓄力状态的敌人，命中率降低，敌人每有1层铸剑蓄力，命中率-1%";金
1329;乱风棍法;攻击敌人造成[DamageValue]伤害，使用后获得铸剑蓄力+2;紫
1330;搅火棍法;攻击敌人造成[DamageValue]伤害，使用后获得铸剑蓄力+2;绿
1331;搅火棍法10;自身铸剑蓄力>3层时，本武学威力提升3.3%;绿
1332;紫：蓄力大于3，自身威力提升;自身铸剑蓄力>3层时，本武学威力提升3.9%;紫
1333;叱咤风云;攻击敌人造成[DamageValue]伤害，如自身铸剑蓄力>3层，威力提升3.9%，自身获得坚韧+20;紫
1334;搅火棍法20;本武学攻击时，额外获得一层铸剑蓄力;绿
1335;乱风棍法20;本武学攻击时，额外获得一层铸剑蓄力;绿
1336;薪火无尽棍法20;本武学攻击时，额外获得1层铸剑蓄力;绿
1337;层峰叠浪1级;层峰叠浪1级：追加攻击时，附加负面状态层数为首次攻击的20%（初始值为10%，可叠加至5级）;蓝
1338;余波微震1级;余波微震1级：对多个目标附加负面状态时，其他目标层数是选中目标的20%（初始值为10%，可叠加至5级）;蓝
1339;七星长空剑;攻击敌人造成[DamageValue]伤害，使用后获得铸剑蓄力+1，对敌附加天煞孤星"状态，所有攻击"天煞孤星"状态敌人的友方，都可以获得1层铸剑蓄力。"天煞孤星"状态持续1回合或敌人受到治疗后消失。";暗金
1340;纯钧剑法;攻击敌人造成[DamageValue]伤害，使用后获得铸剑蓄力+1;橙
1341;青釭剑法;攻击敌人造成[DamageValue]伤害，使用后获得铸剑蓄力+1;蓝
1342;名剑剑法;攻击敌人造成[DamageValue]伤害，使用后获得铸剑蓄力+1;白
1343;暗金：本武学威力提升，额外获得1层蓄力;本武学威力提升5.1%，额外获得1层蓄力;暗金
1344;白：本武学威力提升，额外获得1层蓄力;本武学威力提升3%，额外获得1层蓄力;白
1345;绿：本武学威力提升，额外获得1层蓄力;本武学威力提升3.3%，额外获得1层蓄力;绿
1346;蓝：本武学威力提升，额外获得1层蓄力;本武学威力提升3.6%，额外获得1层蓄力;蓝
1347;额外获得1层蓄力;本武学攻击时，额外获得1层铸剑蓄力;紫
1348;橙：本武学威力提升，额外获得1层蓄力;本武学威力提升4.2%，额外获得1层蓄力;橙
1349;金：本武学威力提升，额外获得1层蓄力;本武学威力提升4.6%，额外获得1层蓄力;金
1350;白：蓄力大于3，自身威力提升;自身铸剑蓄力>3层时，本武学威力提升3%;紫
1351;暗金：蓄力大于5，自身威力提升;自身铸剑蓄力>5层时，本武学威力提升5.1%;暗金
1352;金：蓄力大于5，自身威力提升;自身铸剑蓄力>5层时，本武学威力提升4.7%;金
1353;橙：蓄力大于5，自身威力提升;自身铸剑蓄力>5层时，本武学威力提升4.2%;橙
1354;蓝：蓄力大于3，自身威力提升;自身铸剑蓄力>3层时，本武学威力提升3.6%;蓝
1355;绿：蓄力大于3，自身威力提升;自身铸剑蓄力>3层时，本武学威力提升3.3%;绿
1356;长空出一剑;攻击敌人造成[DamageValue]伤害，如自身铸剑蓄力>5层，威力提升5.1%，附加破甲+30;暗金
1357;重剑压顶;攻击敌人造成[DamageValue]伤害，如自身铸剑蓄力>3层，威力提升4.2%，附加破甲+20;橙
1358;七星长空剑30;自身铸剑蓄力>10层时，铸剑山庄武学忽视防御率+30%;暗金
1359;纯钧剑法30;自身铸剑蓄力>5层时，所有剑法武学附加破甲+10;橙
1360;斩铁断钢刀法;攻击敌人造成[DamageValue]伤害，使用后获得铸剑蓄力+2，本武学施放后，每命中一个目标行动条前进3%;金
1361;开炉刀法;攻击敌人造成[DamageValue]伤害，使用后获得铸剑蓄力+2;紫
11602;星宇破空击;攻击敌人造成[DamageValue]伤害;橙
1363;黑铁刀法;攻击敌人造成[DamageValue]伤害，，使用后获得铸剑蓄力+2;绿
1364;熔于一炉;攻击敌人造成[DamageValue]伤害，如自身铸剑蓄力>3层，威力提升3.9%，自身附加轻盈+20;紫
1365;开天辟地;攻击敌人造成[DamageValue]伤害，如自身铸剑蓄力>5层，威力提升4.7%，自身附加轻盈+30;金
1366;斩铁断刚刀25;自身铸剑蓄力>5层时，本武学施放后行动条前进10%;金
1367;大力断钢斩;攻击敌人造成[DamageValue]伤害，每击败1个目标，获得铸剑蓄力+2，并行动条前进20%;暗金
1368;百炼心法;消耗所有铸剑蓄力，使自身下次行动前，受到伤害降低，每消耗1层铸剑蓄力，基础伤害-5%;橙
1369;祭血焚炉功;消耗所有铸剑蓄力，使周围3*3队友下一次攻击伤害提升，每消耗1层铸剑蓄力，基础伤害+5%，忽视防御提升5%（持续1回合）;暗金
1370;铸剑蓄力【增伤】;每层铸剑蓄力，额外提升造成的最终伤害1%;橙
1371;铸剑蓄力【精力】;每层铸剑蓄力，额外提升2500点真气;橙
1372;铸剑蓄力【力灵内】;每层铸剑蓄力，提升300点攻击;橙
1373;铸剑蓄力【生命】;每层铸剑蓄力，提升2500点生命;橙
1374;祭血焚炉功25;如消耗铸剑蓄力>10层，则自身忽视防御率+10%（单局内持续，可叠加3次）;橙
1375;百炼心法20;如消耗铸剑蓄力>10层，则下次行动前，免受六项负面状态（流血、中毒、内伤、减速、破甲、残废）;橙
1376;百炼心法25;受到任意攻击后，铸剑蓄力层数+1（每回合仅能生效一次，单局内最多生效5次）;橙
1377;铸剑诀30;铸剑蓄力>5层时，流血抗性+10;橙
1378;血祭轩辕;攻击敌人造成[DamageValue]伤害，消耗自身生命的25%，每消耗10点生命附加5点攻击，最多消耗20W生命，本武学攻击时附加血战到底1级，可受血战到底加成，本奥义每击败1个目标，额外获得铸剑蓄力+2，并回复消耗的一半生命（最多触发3倍效果）;暗金
1379;铸剑蓄力层数上限+10;铸剑蓄力层数上限+10;橙
1380;铸剑蓄力层数上限+5;铸剑蓄力层数上限+5;橙
1381;抱炉功30;铸剑蓄力>5层时，铸剑外功附加破甲+10;橙
1382;百炼心法30;铸剑蓄力>10层时，铸剑外功附加命中率+20%，暴击率+20%;橙
1383;开炉刀法30;自身铸剑蓄力>5层时，所有刀法武学附加轻盈+15;橙
1384;赤霄斩蛇;攻击敌人造成[DamageValue]伤害，获得铸剑蓄力+1。如击中3个目标，威力大幅提升，额外获得铸剑蓄力+1，且附加破甲+20;橙
1385;火尽薪传;攻击敌人造成[DamageValue]伤害，将自己与十字中心的目标交换位置(如十字中心无人则不交换)，每击中1个目标，获得铸剑蓄力+1，获得疗伤+20;暗金
1386;攻击后行动条前进20%;本武学攻击后，行动条前进20%;绿
1387;消耗3%的生命值，最终伤害提升20%;本武学额外消耗3%点生命值，最终基础伤害+20%;橙
1388;遇强则强;自身触发反击时，附加额外伤害，附加伤害值为自身受到伤害的10%;橙
1389;棒棒打狗20%;所有奇门武学，命中率提高20%;白
1390;棒棒打狗10%;所有奇门武学，命中率提高10%;白
1391;“铸剑蓄力”的层数上限+5;“铸剑蓄力”的层数上限+5;白
1392;丹炉之药;可为本方所有角色增加10层强化"";白
1393;易筋洗髓1级;易筋洗髓1级：每次行动结束后，提升10%生命上限。（单局生效5次）;蓝
1394;铸剑蓄力"的层数上限";铸剑蓄力"的层数上限+5";白
1403;拳皇秘典10;受到暗器的基础伤害-10%;白
1404;刀霸秘典10;受到奇门基础伤害-10%;白
1405;棍王秘典10;受到腿法基础伤害-10%;白
1406;剑圣秘典10;受到拳法基础伤害-10%;白
1407;内功秘典10;受到医术基础伤害-10%;白
1408;药王秘典10;受到内功基础伤害-10%;白
1409;腿皇秘典10;受到剑法基础伤害-10%;白
1410;暗器秘典10;受到刀法基础伤害-10%;白
1411;拳皇秘典1级;拳皇秘典1级：每增加一门拳法武学，降低来自暗器5%的伤害;白
1412;刀霸秘典1级;刀霸秘典1级：每增加一门刀法武学，降低来自奇门5%的伤害;白
1413;内功秘典1级;内功秘典1级：每增加一门内功武学，降低来自医术5%的伤害;白
1414;药王秘典1级;药王秘典1级：每增加一门医术武学，降低来自内功5%的伤害;白
1415;腿皇秘典1级;腿皇秘典1级：每增加一门腿法武学，降低来自剑法5%的伤害;白
1416;暗器秘典1级;暗器秘典1级：每增加一门暗器武学，降低来自刀法5%的伤害;白
1417;剑圣秘典1级;剑圣秘典1级：每增加一门剑法武学，降低来自拳掌5%的伤害;白
1418;棍王秘典1级;棍王秘典1级：每增加一门奇门武学，降低来自腿法5%的伤害;白
1419;治疗丢失1级;治疗丢失1级：使敌方所有单位10%几率无法治疗;白
1420;真气免疫1级;真气免疫1级：被攻击时，10%几率使其附加的真气伤害无效;白
1421;暴击抵抗1级;暴击抵抗1级：被攻击时，使敌人暴击率10%无效;白
1422;吸血免疫1级;吸血免疫1级：被攻击时，有10%几率免疫吸血;白
1423;铜皮铁骨1级;铜皮铁骨1级：被攻击时，使敌人20%的忽视防御率无效;白
1424;不动如山1级;不动如山1级：当被敌人释放位移效果时，有20%几率免疫此次位移效果;白
1425;刀气护体1级;刀气护体1级：当触发进度条击退时，有10%几率免疫此次进度条击退效果;白
1426;空手入白刃1级;空手入白刃1级：闪避率+5%;白
1427;普通棍法;使用棍法，攻击敌人造成[DamageValue]伤害;白
1428;普通棍法【触发.合击】;合击【唯一被动】：合击时以本武学替代普通攻击;白
1429;普通棍法【触发.反击】;反击【唯一被动】：反击时以本武学替代普通攻击;白
1430;刀法精通增加攻击次数;根据刀法精通额外增加多段攻击次数，受武学攻击次数上限影响（作用于千叶机变刀、机关片斩刀、袖中藏刀、乾坤百切斩、夏济八砍刀法、风波刀法）;暗金
1431;烈阳护体1级;烈阳护体1级：使用内功武学时，根据消耗的真气，获得50%的护盾。（获得护盾上限5万）;白
1432;气血为盾1级;气血为盾1级：角色在行动回合内对自身造成伤害时，获得伤害值20%的护盾。;白
1433;神影无踪1级;神影无踪1级：行动条速度提高8%;白
1434;奇门归一1级;奇门归一1级：使用奇门武学时，将非中心目标伤害的30%复制给中心目标，最高不超过中心目标原始伤害的100%。;白
1435;暗器精通增加攻击次数;根据暗器精通额外增加多段攻击次数，受武学攻击次数上限影响（作用于五彩神砂、毒蒺藜、追魂夺命帖、银针飞花）;暗金
1436;普通内功;攻击敌人造成[DamageValue]伤害;白
1437;普通内功【触发.合击】;合击【唯一被动】：合击时以本武学替代普通攻击;白
1438;血刃魔刀;攻击敌人造成[DamageValue]伤害;暗金
1439;所有刀法：最终伤害+最大生命值5%（耗血）;所有刀法武学攻击时额外消耗最大生命值5%，每10点造成5点伤害;紫
1440;魔刀寻血;攻击所有有"流血"状态的敌人造成[DamageValue]伤害，附加"魔刀印记"状态。魔刀印记:受到所有刀法伤害，提升5%（可叠加三次）。;暗金
1441;傲笑狂刀;攻击敌人造成[DamageValue]伤害，攻击时额外获得刀法精通*4的攻击力;金
1442;浴血狂刀;每当有敌人退场时，散武学中刀法武学造成基础伤害+10%，持续1回合。;白
1444;毒弹附加中毒+5;本武学造成伤害后附加中毒+5;白
1445;5%几率合击;本武学攻击时5%概率呼叫合击;白
1446;攻击后疗伤/调息+30;攻击后为自身附加疗伤"和"调息"状态各30层；额外增加5次飞剑";白
1447;附加剑法精通*3伤害;附加剑法精通*3的伤害;白
1448;回合开始铸剑蓄力+2：根据五岳独尊剑法数量增加次数;回合开始时自身获得铸剑蓄力+2；每增加一种五岳门派的剑法（五岳宗、长生门、铸剑山庄、龙门镖局），额外增加1次飞仙剑召唤次数（额外最多5次）;白
1449;威力+20%，回合开始寒冰真气+1;回合开始时自身获得1层寒冰真气;白
1450;五毒真经;五毒真经：额外毒株将随机附加中毒"、"流血"、"破甲"、"残废"、"内伤"、"减速"中任意一种负面状态5层";绿
1451;金针秘传【追加】;所有医术仅治疗一个己方单位的时候，对敌人追加一次金针秘传;蓝
1452;长生剑法附加剑法精通伤害;额外增加5次飞剑攻击；长生门所有剑法伤害，根据医术精通"增加伤害";白
1453;飞仙剑触发概率提升至50%;本武学飞仙剑气触发率提升为50%;白
1454;暴击率+10%,爆伤+20%;本武学暴击率+10%，暴击基础伤害+20%;白
1455;衡山飞剑术;长生飞剑术：七十二峰飞仙剑"，"万毒手"，"五岳独尊剑法"召唤的飞剑/毒弹威力额外提升20%";白
1456;每点内劲增加1点真气;战斗开始时，每1点内劲增加1点真气值;白
1457;每点内劲增加1点生命;战斗开始时，每1点内劲增加1点生命值;白
1458;本武学攻击时攻击+1000;本武学攻击时，额外增加1000点攻击力;白
1459;本武学攻击时攻击+800;本武学攻击时，额外增加800点攻击力;白
1460;本武学攻击时攻击+500;本武学攻击时，额外增加500点攻击力;白
1461;暴击率+10%，爆伤+20%（醉八仙掌法）;本武学暴击率+10%，暴击基础伤害+20%;白
1462;技能：武当反击（初）;本武学主动攻击后自身反击率增加20%，持续一回合，被攻击3次后，本效果新增的反击率消失;白
1463;技能：武当反击（真）;本武学主动攻击后自身反击率增加30%，持续一回合，被攻击3次后，本效果新增的反击率消失;白
1464;技能：武当反击（极）;本武学主动攻击后自身反击率增加100%，持续一回合，被攻击3次后，本效果新增的反击率消失;白
1465;技能：武当反击（破）;本武学主动攻击后自身反击率增50%，持续一回合，被攻击3次后，本效果新增的反击率消失;白
1466;本武学附带剑法精通的额外伤害;本武学攻击附带剑法精通的额外伤害;白
1467;本武学：中毒+40;本武学攻击后附加中毒+40;白
1468;剑术刀法;剑术刀法：所有刀法类武学，附加剑法精通的额外伤害;白
1469;本武学附带拳掌精通的额外伤害;本武学攻击附带拳掌精通的额外伤害;白
1470;拳棍双修;拳棍双修：所有奇门类武学，附加拳掌精通的额外伤害;白
1471;本武学附带内功精通的额外伤害;本武学攻击附带内功精通的额外伤害;白
1472;暴击时恢复生命;使用本武学暴击时，给自己恢复5%的生命;白
1473;内功拳掌;内功拳掌：所有拳掌类武学，附加内功精通的额外伤害;白
1474;合击时有50%概率发动本武学;合击时有50%概率发动本武学;白
1475;无极上限（20000）;无极所附加的伤害上限提升20000点;白
1476;无极上限（50000*武当外功数）;每拥有一门武当外功，无极附加的伤害上限增加50000;白
1477;无极上限（50000）;无极所附加的伤害上限提升50000点;白
1478;悬壶济世;对自身及周围3*3队友使用，立即恢复[CureValue]点生命值，额外恢复武学等级*800点生命值;金
1479;本武学：增加持续治疗回合（金）;本武学治疗后每回合开始恢复内劲*2点生命值，持续1回合;蓝
1480;治疗后根据医术精通增加护盾值;被本武学治疗的友方，额外获得医术精通*3的护盾值;白
1481;召唤队友增加飞剑;有25%几率呼叫周围3*3队友一起召唤飞仙剑，每名队友，增加一次飞仙剑召唤次数（额外最多10次）;白
1482;毒弹的次数+5;额外增加5次毒弹攻击;白
1483;召唤弟子体质-紫;增加所有阵法召唤弟子的生命;金
1484;一掷千金;攻击敌人攻击敌人[DamageCount]次，造成[DamageValue]伤害，命中后会穿透该敌人身后所有敌人。造成伤害后消耗自身铜币总量的10%，并增加消耗铜币*2的伤害（每段最多消耗1w铜币增加2w伤害，该技能每场战斗仅能使用1次）;暗金
1485;气盾突破1级;气盾突破1级：回合开始时，给自身添加10000护盾，单局护盾的累计上限为最大生命值*70%（初始值为最大生命值*50%）;蓝
1486;技能释放后提升反弹倍数（白-橙）;本武学释放后为自身附加1层反弹·初"状态，该状态可提升自身20%反弹倍数，自身被攻击3次后该状态消失"（自身行动开始时清空上回合添加的反弹状态）;白
1487;技能释放后提升反弹倍数（金）;本武学释放后为自身附加1层反弹·极"状态，该状态可提升自身25%反弹倍数，自身被攻击3次后该状态消失"（自身行动开始时清空上回合添加的反弹状态）;白
1488;技能释放后提升反弹倍数（暗金）;本武学释放后为自身附加1层反弹·狂"状态，该状态可提升自身30%反弹倍数，自身被攻击3次后该状态消失"（自身行动开始时清空上回合添加的反弹状态）;白
1489;天地动;立即恢复2000+3%点生命值并添加战意沐身状态，战意沐身可在每回合开始恢复自身2000+3%点生命值，该状态持续两回合;暗金
1490;战意沐身buff加成;战意沐身每回合额外恢复500*武学等级的生命值;白
1491;伤害加成30%（拥有战意沐身）;拥有战意沐身状态时，本武学基础伤害+30%;白
1492;云奔雨骤;攻击敌人造成[DamageValue]伤害，并且附加一层追击状态，使用本武学攻击拥有该追击状态的敌人时，每层追击状态额外基础伤害+10%;暗金
1493;攻击后自身疗伤+10;本武学攻击后自身附加疗伤+10;白
1494;伤害加成->宇文庄/所有外功;宇文庄所有外功基础伤害+20%;白
1495;动态真气恢复;自身真气值越低，每回合回复真气越多，最多恢复1000点;白
1496;真气恢复5%（至多10000）;若本回合未造成伤害，恢复自身5%真气（至多10000点）;白
1497;被多段攻击减伤递增;若本回合未造成伤害，恢复自身5%真气（至多10000点）;白
1498;绝招率+1%，至多20%;自身被攻击后，本武学的绝招率增加1%，最多增加20%;白
1499;伤害加成20%（拥有战意沐身）;拥有战意沐身状态时，本武学基础伤害+20%;白
1500;幻影腿;攻击敌人造成[DamageValue]伤害，并且有20%概率将最大生命小于自身的敌人聚集在一起;金
1501;攻击附加减速+5（宇文庄/腿法）;宇文庄腿法武学攻击敌人附加减速+5;白
1502;腿法攻击后闪避值+500;所有腿法攻击后，自身闪避值+500，持续两回合;白
1503;攻击附加减速+5（宇文庄/拳法）;宇文庄拳法武学攻击敌人附加减速+5;白
1504;攻击附加疗伤+15（宇文庄/外功）;宇文庄外功攻击后自身附加疗伤+15;白
1505;宇文庄外功击败敌人恢复5%生命;宇文庄所有外功每击退一个敌人，自身恢复5%生命值;白
1506;攻击后附加轻盈/调息+5（宇文庄/外功）;宇文庄外功攻击后为自身附加轻盈+5,调息+5;白
1507;宇文庄外功击败敌人恢复5%真气;宇文庄所有外功每击退一个敌人，自身恢复5%真气;白
1508;攻击后附加轻盈+10（腿法）;所有腿法攻击后为自身增加轻盈+10;白
1509;恢复自身5%生命（单回合未受伤）;本回合未受到伤害时，恢复自身5%生命（至多20000点）;白
1510;疗伤+10（所有腿法攻击）;所有腿法释放后，自身获得疗伤+10;白
1511;抗连击值+500;宇文庄腿法武学释放后，自身抗连击值+500（最多可叠加3次，持续两回合）;白
1512;攻击单体伤害+10%（赤刀/刀法）;刀法只攻击到一个单位时，基础伤害+10%;白
1513;击败敌人刀法增伤;刀法每击败一个敌人，基础伤害+5%，最多叠加10层;白
1514;赤刀刀法绝招率+10%（自身流血）;自身流血时，赤刀门武学绝招率增加10%;白
1515;噬魂刀法;攻击敌人造成[DamageValue]伤害;紫
1516;主要目标伤害+20%;刀法对主要目标基础伤害+20%;白
1517;《赤刀神功》攻击附加流血+20;使用《赤刀神功》攻击敌人时附加流血+20;白
1518;爆伤倍数+10%（拥有醉酒）;拥有“醉酒”状态时，本武学暴击伤害倍数+10%;白
1519;攻击附加破甲+15（拥有醉酒状态）;拥有“醉酒”状态时，本武学攻击后为敌人附加破甲+15;白
1520;无视防御+20%（拥有醉酒状态）;拥有“醉酒”状态时，本武学忽视防御率+20%;白
1521;每次攻击伤害增加5%;拥有“醉酒”状态时，本武学每使用1次，最终基础伤害+5%（最高提升至50%）;白
1522;四两拨千斤;攻击敌人造成[DamageValue]伤害，造成伤害后为敌人附加20点流血;暗金
1523;九转阴阳剑;攻击敌人造成[DamageValue]伤害，造成伤害后为敌人附加20点破甲;暗金
1524;攻击时额外获得剑法精通*3攻击力;本武学攻击时额外获得剑法精通*3的攻击力;白
1525;攻击单体角色伤害增加20%;本武学仅攻击单个角色时，基础伤害+20%;白
1526;刀法伤害+20%（敌方真气小于20%）;所有刀法对于真气少于20%的敌人基础伤害+20%;白
1527;力道*2真气燃烧（如意宫/刀法）;如意宫刀法攻击时附加攻击*10%的真气燃烧;白
1528;生命低于30%《燃魔刀法》不再牺牲生命;自身生命低于30%时，《燃魔刀法》不再牺牲自身生命值，仍可为敌人造成持续伤害;白
1529;一线牵;攻击敌人造成[DamageValue]伤害，攻击后以自身攻击*20%点生命值为代价，使敌人每回合损失攻击*20%点生命值，持续3回合;金
1530;奇门伤害+20%（敌方真气小于20%）;所有奇门对于真气少于20%的敌人基础伤害+20%;白
1531;攻击*10%真气燃烧（如意宫/奇门）;如意宫奇门攻击时附加攻击*10%的真气燃烧;白
1532;生命低于30%《归藏棍法》不再牺牲生命;自身生命低于30%时，《归藏棍法》不再牺牲自身生命值，仍可为敌人造成持续伤害;白
1533;齐眉棍法;攻击敌人造成[DamageValue]伤害，攻击后以自身攻击*5%点生命值为代价，使敌人每回合损失攻击*5%点生命值，持续3回合;蓝
1534;三绝棍法;攻击敌人造成[DamageValue]伤害，攻击后以自身攻击*5%点生命值为代价，使敌人每回合损失攻击*5%点生命值，持续3回合;橙
1535;防御提升率+1%（每损失7%生命）;每损失7%的生命，防御提升率+1%，可提升10次;金
1536;外功伤害增加20%（敌人真气小于20%）;如意宫外功武学对真气少于20%的角色基础伤害+10%;白
1537;入木三分1级;入木三分1级：受到内功武学攻击时，每10点防御额外降低1点伤害（最高10000点）;蓝
1538;自身获得战魂（队友阵亡）;当有队友阵亡时，自身可获得战魂"状态，使自身周围3*3的敌人技能消耗真气提升20%（同一敌人，仅受到一层效果加成）";白
1539;附加拳掌精通*3的攻击力（武当/拳掌）;武当派拳掌武学攻击时，基础攻击+10%;白
1540;附加剑法精通*3的攻击力（武当/剑法）;武当派剑法武学攻击时，基础攻击+10%;白
1541;归真;攻击敌人造成[DamageValue]伤害，攻击后以自身攻击*30%点生命值为代价，使敌人每回合损失攻击*30%点生命值，持续3回合;暗金
1542;捕风捉影腿;攻击敌人造成[DamageValue]伤害;金
1543;九霄惊雷到（专属）控制;武当派剑法武学攻击时，额外获得剑法精通*4的攻击力;白
1544;暴击伤害倍数+15%（拳掌）;拳掌暴击伤害倍数+15%;白
1545;武当无极;本武学反击时，可触发无极效果。无极：反击时，将本次受到伤害的20%附加到伤害中，无极附加的伤害上限为20000点;白
1546;无极而极（纯阳*童子功）;每拥有一个武当外功，无极附加的伤害上限增加5w;白
1547;附加2000点伤害（九剑）;攻击时，对敌方附加2000点额外伤害;白
1548;袖里乾坤;攻击敌人造成[DamageValue]伤害，攻击后有10%概率获得敌人身上的金钱;紫
1549;凌风飞渡;主动使用移动到地图任意位置;橙
1550;暴击伤害倍数+10%（轻功使用后）;使用轻功武学后，下回合的暴击伤害倍数+10%;白
1551;玉女清心剑法;攻击敌人造成[DamageValue]伤害;金
1552;本武学：疗伤+20;本武学攻击后，自身疗伤+20层;蓝
1553;天蝎毒针;本武学每使用1次，威力百分比+20%（最高提升至200%）;蓝
1554;千金要方;对自身及周围3*3队友使用，立即恢复[CureValue]点生命值，额外恢复武学等级*1000点生命值;暗金
1555;治疗后为目标附加内功减伤状态（全体医术）;所有医术造成治疗后，可使目标获得仁术"的效果，仁术：被内功武学攻击时，降低攻击*10%点伤害（持续1回合）";白
1556;白玉阵法;登场召唤一个白衣教护卫;金
1557;被攻击后恢复自身5%生命值（召唤物）;进入战斗后，为所有召唤单位添加一层白衣守护，使其受到伤害后恢复自身生命5%的护盾（每回合最多生效2次）;金
1558;白玉阵法挡刀致命一击;若白衣教护卫在场，当召唤者受到致命一击时会替主人抵挡本次伤害（无视距离，每场战斗生效一次）;金
1559;红尘一笑;使所有召唤单位获得随机红尘一笑·攻、红尘一笑·防、红尘一笑·迅任意一种增益状态;暗金
1560;所有召唤单位获得自身20%防御;所有医术造成治疗后，可使目标获得仁术"的效果，仁术：被内功武学攻击时，降低内劲*2点伤害（持续1回合）";白
1561;召唤单位死亡爆炸;我方所有召唤单位退场时，对攻击者造成召唤单位生命*40%的伤害（本角色存活时生效）;白
1562;召唤单位援护3级;释放本技能时，可为我方所有召唤单位添加援护防御3层，持续1回合;白
1563;召唤单位援护1级;释放本技能时，可为我方所有召唤单位添加援护防御1层，持续1回合;白
1564;红尘一笑·攻迅防升级;释放本技能时，随机强化我方所有召唤单位的攻击、防御、行动速度，效果持续1回合;白
1565;召唤单位死亡时，释放此技能;我方召唤单位退场时，必定触发一次该技能（本单位存活时生效）;白
1566;力道翻倍成长，内劲翻倍降低;战斗开始时，提升武学等级*20点力道，降低武学等级*20点内劲;白
1567;所有召唤单位生命值+50000;所有召唤单位生命+50000;白
1568;所有刀法攻击后有30%概率添加重伤;如意宫刀法攻击后有40%概率使敌方陷入重伤状态。重伤：反击时输出降低50%（持续1回合）;白
1569;自身行动回合内受伤后行动条前进;自身回合内受到伤害后，行动条前进3%（每回合最多生效3次）生命值低于20%后陷入重伤，此效果不再生效;白
1570;开局获得一层战意沐身;战斗开始时，自动获得一层战意沐身状态;白
50801;太华混元掌;攻击敌人造成[DamageValue]伤害;紫
50802;白露剑;攻击敌人造成[DamageValue]伤害;橙
50803;驾鹤;随机攻击敌人[DamageCount]次，造成[DamageValue]伤害，根据剑法精通增加随机攻击次数;金
50805;齐天大圣;攻击敌人造成[DamageValue]伤害，技能释放前额外提升15%的基础攻击，附加破甲+30;紫
50806;一方伊人;攻击敌人造成[DamageValue]伤害;橙
50807;西去;随机攻击敌人[DamageCount]次，造成[DamageValue]伤害，附加当前剑法精通伤害，根据剑法精通增加随机攻击次数;金
11900;毒液;随机攻击敌人[var:int:3:cal技能_获取多段攻击次数+pos效果列表#1#效果#4]次，造成[var:int:1:pos效果列表#1#效果#3+cal技能_获取技能计算伤害]伤害，根据剑法精通增加随机攻击次数;白
11901;十字斩;随机攻击敌人[var:int:3:cal技能_获取多段攻击次数+pos效果列表#1#效果#4]次，造成[var:int:1:pos效果列表#1#效果#3+cal技能_获取技能计算伤害]伤害，根据剑法精通增加随机攻击次数;蓝
11902;碧鳞不二斩;随机攻击敌人[var:int:3:cal技能_获取多段攻击次数+pos效果列表#1#效果#4]次，造成[var:int:1:pos效果列表#1#效果#3+cal技能_获取技能计算伤害]伤害，根据剑法精通增加随机攻击次数;橙
11903;灭魄断魂斩;随机攻击敌人[var:int:3:cal技能_获取多段攻击次数+pos效果列表#1#效果#4]次，造成[var:int:1:pos效果列表#1#效果#3+cal技能_获取技能计算伤害]伤害，根据剑法精通增加随机攻击次数;暗金
50901;嘤嘤嘤;攻击敌人造成[DamageValue]伤害;蓝
10000;拍手十二拍;攻击敌人造成[DamageValue]伤害，攻击时额外获得拳掌精通*3的攻击力;暗金
10001;饺子十八式;攻击敌人造成[var:4]伤害;暗金
10002;芳香腿法;攻击敌人3次，造成[DamageValue]伤害;暗金
10003;缺陷九式剑法;”哎呀呀！又出缺陷了，得赶快修复掉吧“，随机攻击敌人[DamageCount]次，造成[DamageValue]伤害，根据剑法精通提高随机攻击次数;暗金
10004;香艳剑法;攻击敌人[DamageCount]次，造成[DamageValue]伤害;暗金
10005;漫天福利雨;攻击敌人造成[DamageValue]伤害，再以20%威力效果，发动5次红包攻击随机目标，红包附加5点减速，每个目标最多受到4次攻击。;暗金
10006;缺陷连珠镖;攻击敌人3次，造成[DamageValue]伤害，命中后会穿透该敌人身后所有敌人;金
10007;挨打神功;主动使用使自己反弹下一次所受伤害，反弹倍数+20%;金
51001;碧潮玉箫;对自身使用，立即恢复[CureValue]点生命值，恢复武学等级*500点真气，进入醉酒状态，额外恢复武学等级*1000点生命值;橙
51003;仙女拳法;攻击敌人造成[DamageValue]伤害;橙
60000;破招时50%几率发动本武学（独步江湖剑法）;发生破招时50%几率发动本武学;橙
52003;催命煞针;攻击敌人[DamageCount]次，造成[DamageValue]伤害;橙
52002;破机斩线刀;攻击敌人造成[DamageValue]伤害，拥有寒冰真气时，威力+45%;橙
52001;穿心透骨;攻击敌人[DamageCount]次，造成[DamageValue]伤害，命中后会穿透该敌人身后所有敌人;白
51904;澄正剑法;攻击敌人造成[DamageValue]伤害;金
51903;破空爪;攻击敌人造成[DamageValue]伤害，30%几率附加流血+20;橙
51902;阳神出游;攻击敌人造成[DamageValue]伤害;橙
51901;拨元掌;攻击敌人造成[DamageValue]伤害;紫
51803;清幽腿法;攻击敌人造成[DamageValue]伤害，造成攻击*15%的真气燃烧效果;橙
51801;冷霜剑法;攻击敌人[DamageCount]次，造成[DamageValue]伤害;橙
51704;岱宗造化功;攻击敌人造成[DamageValue]伤害，并将最大生命值低于自身的敌人吸附到同一格子上;橙
51703;惊锋掌法;攻击敌人造成[DamageValue]伤害;紫
51702;御形功;对周围3*3敌人添加中毒+30;紫
51605;峨嵋烈阳功;主动使用《烈阳神功》时，周围3*3的队友增加暴击基础伤害+30%，持续1回合;金
51604;上逆剑法;攻击敌人造成[DamageValue]伤害;橙
51603;除暴棍法;攻击敌人造成[DamageValue]伤害;橙
51602;峨嵋孤绝气功;对自身和周围3*3队友使用，提升50%暴击率，持续1回合;橙
51601;醉花剑;攻击敌人造成[DamageValue]伤害;紫
51513;我佛慈悲三：大慈大悲;攻击敌人造成[DamageValue]伤害，攻击时有20%几率附加破甲+20;橙
51512;我佛慈悲二：无量布施;攻击敌人造成[DamageValue]伤害，攻击时有50%几率附加减速+5;橙
51511;我佛慈悲一：阿弥陀佛;攻击敌人造成[DamageValue]伤害;橙
51510;持戒棍;攻击敌人[DamageCount]次，造成[DamageValue]伤害，拥有烈火真气时，威力+20%;紫
51509;持戒刀;攻击敌人造成[DamageValue]伤害，使用后获得铸剑蓄力+2;紫
51508;持戒拳;攻击敌人造成[DamageValue]伤害;紫
51505;静坐禅;主动使用使自己反弹下一次所受伤害，反弹倍数+20%;蓝
51503;沉思禅;主动使用使自己反弹下一次所受伤害，反弹倍数+20%;蓝
51404;神凝心静;对自身及周围3*3队友使用，立即恢复[CureValue]点生命值，额外恢复武学等级*500点生命值;金
51403;驻生长命;主动使用额外消耗武学等级*500+5%的真气获得等量护盾（真气不足时无法使用）;橙
51402;固元扶伤丹;对自身或一名队友使用，立即恢复[CureValue]生命值，额外恢复武学等级*1000点生命值;橙
51401;玄燕穿云剑;攻击敌人造成[DamageValue]伤害;橙
51301;落木无边;攻击敌人造成[DamageValue]伤害，命中敌人后会弹射[TanSheCount]次，攻击时额外获得医术精通*3的攻击力;橙
51201;江晖剑;攻击敌人造成[DamageValue]伤害，对有护盾的目标造成基础伤害+50%;橙
50705;飞羽漫天;攻击敌人[DamageCount]次，造成[DamageValue]伤害，自身拥有烈火真气时，威力+60%，对中心目标附加攻击*20%点额外伤害;橙
50704;斩立决;攻击敌人造成[DamageValue]伤害，附加500点的真气燃烧，攻击时基础攻击提升10%;橙
50703;飞羽枪;攻击敌人[DamageCount]次，造成[DamageValue]伤害，拥有烈火真气时，威力+50%;橙
50702;刚正刀;随机攻击敌人[DamageCount]次，造成[DamageValue]伤害，根据刀法精通提高随机攻击次数;橙
50701;先斩后奏;攻击敌人造成[DamageValue]伤害，攻击时基础攻击提升10%;橙
50609;奉旨乞讨;攻击敌人造成[DamageValue]伤害，攻击时基础攻击提升10%，70%概率击退1格;金
50608;隔山打牛;攻击敌人造成[DamageValue]伤害;金
50607;京城时局谱;攻击敌人造成[DamageValue]伤害;金
50605;杭州时局谱;攻击敌人造成[DamageValue]伤害，附加中毒层数*500点无视护盾的伤害;橙
50603;开封时局谱;消耗所有铸剑蓄力，使自身下次行动前，受到伤害降低，每消耗1层铸剑蓄力，基础伤害-5%;橙
50602;蚊子腿;主动使用对周围3*3的队友，恢复5%的真气;橙
50601;脚底抹油;攻击敌人造成[DamageValue]伤害，30%几率附加中毒+20;橙
50505;断月;攻击敌人造成[DamageValue]伤害，40%几率附加流血+20;金
50501;下马威;开场时对所有敌人施放攻击造成无视防御伤害（攻击和武学等级越高，伤害越高），附加流血+5;紫
50409;火形刀;攻击敌人造成[DamageValue]点伤害，攻击时额外附加流血+30，残废+30;金
50406;穿针引线;攻击敌人[DamageCount]次，造成[DamageValue]伤害，20%几率附加流血+10，命中后会穿透该敌人身后所有敌人;紫
50405;花开富贵;攻击敌人造成[DamageValue]伤害，25%几率附加减速+20，对有护盾的目标额外造成30%伤害;紫
50404;金钱镖;攻击敌人[DamageCount]次，造成[DamageValue]伤害，命中后会穿透该敌人身后所有敌人;紫
50402;饮鸩止渴;攻击敌人造成[DamageValue]伤害，附加中毒层数*500点无视护盾的伤害;紫
50401;文刀;攻击敌人造成[DamageValue]伤害;蓝
50308;般若掌;攻击敌人造成[DamageValue]伤害，攻击时基础攻击提升20%;金
50307;欲绝掌;攻击敌人造成[DamageValue]伤害;金
50306;袖里藏刀;随机攻击敌人[DamageCount]次，造成[DamageValue]伤害，根据刀法精通增加随机攻击次数;金
50305;咸猪手;攻击敌人造成[DamageValue]伤害，附加中毒+20;橙
50304;伤心拳;攻击敌人造成[DamageValue]伤害;橙
50210;烈焰刀法·改;攻击敌人造成[DamageValue]伤害，攻击时基础攻击提升15%，造成刀法精通*3点的真气燃烧效果;金
50209;八足掌法;攻击敌人造成[DamageValue]伤害;橙
50207;绝绝刀;攻击敌人造成[DamageValue]伤害，30%几率附加流血+20;橙
50206;冷心决;使用《冰火相融决》时，有20%几率获得寒冰真气，受到下一次攻击基础伤害-20%，并且对攻击者附加减速+20;橙
50204;孝女剑;攻击敌人造成[DamageValue]伤害，10%几率呼叫周围5*5范围内的队友一起攻击;蓝
50203;慈父剑;攻击敌人造成[DamageValue]伤害，10%几率呼叫周围5*5范围内的队友一起攻击;蓝
50201;老神棍;攻击敌人造成[DamageValue]伤害;绿
50112;五福到;对自身及周围3*3队友使用，立即恢复[CureValue]点生命值，额外恢复武学等级*500点生命值;橙
50110;陆家斩;随机攻击敌人[DamageCount]次，造成[DamageValue]伤害，根据刀法精通增加随机攻击次数;橙
50108;销魂第二腿;攻击敌人造成[DamageValue]伤害，攻击时有20%几率附加减速+10;橙
50107;销魂第一腿;攻击敌人造成[DamageValue]伤害，下回合移动格子数+2;橙
50106;销魂一刀;攻击敌人造成[DamageValue]伤害，攻击时基础攻击提升10%;橙
50105;销魂一拳;攻击敌人造成[DamageValue]伤害，30%几率附加内伤+20;橙
50104;销魂一剑;攻击敌人[DamageCount]次，造成[DamageValue]伤害;橙
50103;芊剑;攻击敌人造成[DamageValue]伤害，对有护盾的目标造成基础伤害+40%;紫
50080;仁心仁术;对所有队友清除六项负面状态40点，获得五项正面状态40点;金
50079;武当独秀掌;攻击敌人造成[DamageValue]伤害，30%几率自身附加坚韧+20;金
50078;少林一枝掌;攻击敌人造成[DamageValue]伤害，攻击时基础攻击提升10%，70%概率击退1格;金
50077;除恶剑法;攻击敌人造成[DamageValue]伤害，15%几率呼叫周围5*5范围内的队友一起攻击;金
50076;守门刀;攻击敌人造成[DamageValue]伤害，35%几率附加残废+20;橙
50075;货郎拳;攻击敌人造成[DamageValue]伤害，额外附加攻击*20%点伤害;蓝
50074;撒石灰;对25级及以下敌人降低命中率70%，25级以上敌人降低命中率2%，持续2回合;绿
50073;本武学无视真气护盾，直接攻击生命;本武学无视真气护盾，直接攻击生命;暗金
50072;飞沙走石;随机攻击敌人3次，造成[DamageValue]伤害;橙
50071;本武学无视真气护盾，直接攻击生命;逍遥仙宫腿法武学无视真气护盾，直接攻击生命;暗金
50070;散武学内功武学：残废+30;散武学内功攻击时对敌附加残废+30;暗金
50069;散武学内功武学：命中降低30%;散武学内功攻击时对敌降低命中率30%，持续1回合;暗金
50068;本武学攻击时附加当前真气值*1%的伤害;本武学攻击时附加当前真气值*1%的伤害;暗金
50067;散武学刀法：最终伤害+最大生命值5%（耗血）;所有刀法武学攻击时额外消耗最大生命值5%，每10点造成5点伤害;紫
50066;本武学伤害后真气燃烧：伤害9%;本武学攻击附加伤害*9%的真气燃烧;暗金
50065;本武学伤害后真气燃烧：伤害10%;本武学攻击附加伤害*10%的真气燃烧;暗金
50064;金顶秘卷1级;金顶秘卷1级：峨嵋武学暴击后10%概率触发绝招（每回合生效一次，最高升至4级）;
50063;战场上每有一个丐帮队友，丐帮武学连招率+2%;战场上每有一个丐帮队友，丐帮武学连招率+2%;
50062;少林基础外功武学基础攻击+5;少林外功攻击时基础攻击提升5%;
50061;少林暗金基础外功基础+10;少林暗金外功攻击时基础攻击提升10%;
50060;所有少林金色外功基础攻击+10;少林金色外功攻击时基础攻击提升10%;