技能名称;特效名;特效描述;需求等级;
江晖剑;气血为盾1级;气血为盾1级：角色在行动回合内对自身造成伤害时，获得伤害值20%的护盾。;20级;
江晖剑;本武学无视真气护盾，直接攻击生命;本武学无视真气护盾，直接攻击生命;30级;
潜藏要术;潜藏要术【减伤】;受到所有内功武学基础伤害-5%;20级;
毒性锻体;锥心透骨1级;锥心透骨1级：暗器武学暴击时，20%几率追加一次穿心透骨（每回合最多追加1次）（可叠加至5级）;15级;
毒性锻体;毒性锻体【减伤】;自身中毒时，受到所有基础伤害-10%;20级;
无忧邪经;毒海无涯;毒海无涯：开场对所有敌方施放攻击（攻击与武学等级越高，伤害越高），附加中毒+10;10级;
无忧邪经;强化中毒1级;强化中毒1级：使每层中毒的效果伤害变为初始的5倍，减少真气变为初始的2倍（敌方受到中毒效果取我方等级最高的效果）（可叠加至5级）;15级;
天府操傀诀;锥心透骨1级;锥心透骨1级：暗器武学暴击时，20%几率追加一次穿心透骨（每回合最多追加1次）（可叠加至5级）;5级;
天府操傀诀;天府操傀诀【回血】;呼唤傀儡合击时恢复傀儡3000+3%点生命值;10级;
天府操傀诀;天府操傀诀【中毒】;呼唤傀儡合击时，可对敌方目标附加中毒+15;20级;
银针飞花;魂飞魄散1级;魂飞魄散1级：使用暗器武学时，如果首个目标有中毒>99"状态，30%几率发动一次《追魂夺命帖》（每回合只触发一次）（可叠加至3级）";15级;
五彩神砂;飞沙走石;随机攻击敌人3次，造成[DamageValue]伤害;10级;
五彩神砂;锥心透骨1级;锥心透骨1级：暗器武学暴击时，20%几率追加一次穿心透骨（每回合最多追加1次）（可叠加至5级）;15级;
乾坤百切斩;百足之虫;随机攻击敌人[DamageCount]次，造成[DamageValue]伤害，目标中毒层数大于等于50层，减少目标50层中毒，增加30%绝招伤害;10级;
袖中藏刀;嗜血追击1级;嗜血追击1级：当敌人生命值低于50%时，我方最终基础伤害+5%，且敌人剩余生命值百分比每比50%低5%时，我方额外增加1%最终伤害（可叠加至3级）;15级;
机关片斩刀;无招胜有招1级;无招胜有招1级：所有随机多次武学可攻击单体目标，后续伤害为上一次伤害的60%（初始值为50%，最高提升至5级）;10级;
机关片斩刀;嗜血追击1级;嗜血追击1级：当敌人生命值低于50%时，我方最终基础伤害+5%，且敌人剩余生命值百分比每比50%低5%时，我方额外增加1%最终伤害（可叠加至3级）;20级;
傀儡始解;地支傀儡;登场召唤一个地支傀儡;1级;
傀儡始解;召唤弟子生命-绿;增加本武学召唤出来的弟子的生命;10级;
傀儡始解;魂飞魄散1级;魂飞魄散1级：使用暗器武学时，如果首个目标有中毒>99"状态，30%几率发动一次《追魂夺命帖》（每回合只触发一次）（可叠加至3级）";15级;
傀儡始解;地支傀儡20;召唤的地支傀儡所有攻击额外附加中毒+5;20级;
神机傀道;天干傀儡;登场召唤一个天干傀儡;1级;
神机傀道;召唤弟子生命-暗金;增加本武学召唤出来的弟子的生命;10级;
神机傀道;天干傀儡20;召唤的天干傀儡攻击时额外消耗当前生命值20%，对首个目标造成等额伤害;20级;
神机傀道;天干傀儡30;所有阵法召唤的角色，生命值+5%;30级;
追魂夺命帖;魂飞魄散1级;魂飞魄散1级：使用暗器武学时，如果首个目标有中毒>99"状态，30%几率发动一次《追魂夺命帖》（每回合只触发一次）（可叠加至3级）";10级;
追魂夺命帖;无招胜有招1级;无招胜有招1级：所有随机多次武学可攻击单体目标，后续伤害为上一次伤害的60%（初始值为50%，最高提升至5级）;25级;
千叶机变刀;绝刀;随机攻击敌人[DamageCount]次，造成[DamageValue]伤害，附加刀法精通*5点伤害。如果目标中毒层数大于等于80，则额外附加刀法精通*5点伤害;10级;
千叶机变刀;所有武学：中毒+10、最终伤害+20%（自身中毒）;自身中毒时，所有武学造成基础伤害+20%，附加中毒+10;15级;
千叶机变刀;嗜血追击1级;嗜血追击1级：当敌人生命值低于50%时，我方最终基础伤害+5%，且敌人剩余生命值百分比每比50%低5%时，我方额外增加1%最终伤害（可叠加至3级）;30级;
厚黑学;冷心决【获得1】;战斗开始时，自动获得寒冰真气几率+10%;10级;
厚黑学;识破罩门1级;识破罩门1级：攻击暴击时，有20%几率敌人无法进行反弹、反击、识破（可叠加至5级）;20级;
厚黑学;冷心决【获得1】;战斗开始时，自动获得寒冰真气几率+10%;30级;
绝绝刀;强化流血1级;强化流血1级：使每层流血的效果伤害变为初始的5倍（敌方受到流血效果取我方等级最高的效果）（可叠加至5级）;25级;
生意谱;毒海无涯;毒海无涯：开场对所有敌方施放攻击（攻击与武学等级越高，伤害越高），附加中毒+10;10级;
生意谱;强化中毒1级;强化中毒1级：使每层中毒的效果伤害变为初始的5倍，减少真气变为初始的2倍（敌方受到中毒效果取我方等级最高的效果）（可叠加至5级）;15级;
八足掌法;本武学：最终伤害+40%（自身内伤+40）;本武学造成基础伤害+40%，自身受到内伤+40;10级;
八足掌法;本武学：破甲+40，自身流血+20;本武学攻击附加破甲+40，自身受到流血+20;25级;
烈焰刀法·改;刀光剑影1级;刀光剑影1级：刀法威力百分比+5%（最高可叠加至4级）;15级;
毒牙杖法;驱蛇出击;攻击敌人造成[DamageValue]伤害，对处于中毒状态的敌人基础伤害+30%;10级;
毒牙杖法;奇门遁甲1级;奇门遁甲1级：奇门威力百分比+5%（最高可叠加至4级）;20级;
毒牙杖法;奇门归一1级;奇门归一1级：使用奇门武学时，将非中心目标伤害的30%复制给中心目标，最高不超过中心目标原始伤害的100%。;30级;
青龙棍法;奇门归一1级;奇门归一1级：使用奇门武学时，将非中心目标伤害的30%复制给中心目标，最高不超过中心目标原始伤害的100%。;20级;
五毒虫术;余波微震1级;余波微震1级：对多个目标附加负面状态时，其他目标层数是选中目标的20%（初始值为10%，可叠加至5级）;30级;
五毒虫术;暗器：追加中毒+5;所有暗器武学造成中毒时，额外附加中毒+5;30级;
万毒心经;强化中毒1级;强化中毒1级：使每层中毒的效果伤害变为初始的5倍，减少真气变为初始的2倍（敌方受到中毒效果取我方等级最高的效果）（可叠加至5级）;15级;
万毒心经;万毒心经【额外攻击】;本武学攻击后，有概率发动一次自身拥有的毒系外功武学（武学档次越高，发动几率越低，每回合只触发一次）;15级;
万毒心经;余波微震1级;余波微震1级：对多个目标附加负面状态时，其他目标层数是选中目标的20%（初始值为10%，可叠加至5级）;30级;
万毒心经;剧毒;所有武学攻击目标中毒超过100时，立即对目标及周围3*3敌人造成伤害，伤害为中毒层数*500，并附加中毒+20（每次攻击回合触发一次）;30级;
赤蛇冰蟾功;强化中毒1级;强化中毒1级：使每层中毒的效果伤害变为初始的5倍，减少真气变为初始的2倍（敌方受到中毒效果取我方等级最高的效果）（可叠加至5级）;20级;
万毒手;毒弹的次数+5;额外增加5次毒弹攻击;5级;
万毒手;百爪攻心;攻击敌人造成[DamageValue]伤害，附加中毒+10;10级;
万毒手;暗中偷袭1级;暗中偷袭1级：所有武学对中毒状态的敌人造成基础伤害+3%（可叠加至5级）;10级;
万毒手;攻击debuff+10中毒;本武学攻击拥有流血、内伤、减速、残废、破甲的敌人，都会额外附加中毒+10（每回合最多生效1次）;15级;
万毒手;余波微震1级;余波微震1级：对多个目标附加负面状态时，其他目标层数是选中目标的20%（初始值为10%，可叠加至5级）;30级;
万毒手;五毒真经;五毒真经：额外毒株将随机附加中毒"、"流血"、"破甲"、"残废"、"内伤"、"减速"中任意一种负面状态5层";30级;
蛇形拳;本武学：中毒+5;本武学攻击附加中毒+5;10级;
蛇形拳;自身中毒+2多段攻击次数;中毒状态下，本武学多段攻击次数+2;20级;
重压斩·蓄力;本武学：附加800攻击力;本武学攻击时额外获得800点攻击力;10级;
重压斩·蓄力;本武学：附加攻击力*5%;本武学攻击时基础攻击提升5%;15级;
重压斩·蓄力;刀光剑影1级;刀光剑影1级：刀法威力百分比+5%（最高可叠加至4级）;30级;
赤蛇神掌;本武学：中毒+20;本武学攻击附加中毒+20;10级;
赤蛇神掌;本武学：最终伤害+拳掌精通（目标中毒）;本武学攻击中毒目标时，额外附加当前拳掌精通值伤害;20级;
旱地神龙掌;雪域奇毒;攻击敌人造成[DamageValue]伤害，附加目标中毒层数*50的伤害;10级;
旱地神龙掌;本武学：中毒+20、自身中毒+20;本武学攻击目标后双方同时添加中毒+20;20级;
旱地神龙掌;强化中毒1级;强化中毒1级：使每层中毒的效果伤害变为初始的5倍，减少真气变为初始的2倍（敌方受到中毒效果取我方等级最高的效果）（可叠加至5级）;20级;
紫蟾神功;蟾蜍吐芳;攻击周围3*3敌人，随机对一个目标附加蛤蟆恶臭"状态，使其受到下次绝招·蛤蟆吐芳基础伤害+20%，并附加中毒+30";10级;
紫蟾神功;紫蟾神功【伤害】;自身中毒大于50时，本武学造成基础伤害+10%，秘奥义·蛤蟆冲顶基础伤害+20%;15级;
紫蟾神功;暗中偷袭1级;暗中偷袭1级：所有武学对中毒状态的敌人造成基础伤害+3%（可叠加至5级）;15级;
紫蟾神功;层峰叠浪1级;层峰叠浪1级：追加攻击时，附加负面状态层数为首次攻击的20%（初始值为10%，可叠加至5级）;30级;
紫蟾神功;紫蟾神功30;蛤毒状态>3层时，使用任何其他武学（不包含本武学的绝招和奥义），会消耗一层蛤毒，施放一次本武学绝招;30级;
蛇行腿法;层峰叠浪1级;层峰叠浪1级：追加攻击时，附加负面状态层数为首次攻击的20%（初始值为10%，可叠加至5级）;25级;
蟾跃腿法;蛤蟆蹬腿;攻击敌人造成[DamageValue]伤害，附加中毒层数*50点伤害;10级;
蟾跃腿法;暗中偷袭1级;暗中偷袭1级：所有武学对中毒状态的敌人造成基础伤害+3%（可叠加至5级）;10级;
蟾跃腿法;层峰叠浪1级;层峰叠浪1级：追加攻击时，附加负面状态层数为首次攻击的20%（初始值为10%，可叠加至5级）;25级;
毒龙棍法;恶龙毒潭;攻击敌人造成[DamageValue]伤害，附加减少800真气;10级;
毒龙棍法;毒龙棍法【定身】;本武学击中中毒目标时，目标有25%几率定身1回合;15级;
毒龙棍法;奇门遁甲1级;奇门遁甲1级：奇门威力百分比+5%（最高可叠加至4级）;15级;
毒龙棍法;奇门遁甲1级;奇门遁甲1级：奇门威力百分比+5%（最高可叠加至4级）;25级;
灵枢针术;合击时有50%概率发动本武学;合击时有50%概率发动本武学;10级;
灵枢针术;气机倒灌30;可对队友施放本武学，造成治疗;25级;
雁行功;强化穿透1级;强化穿透1级：暗器穿透时，威力为上一次的40%（初始值为30%，可叠加至5级）;5级;
雁行功;烈阳护体1级;烈阳护体1级：使用内功武学时，根据消耗的真气，获得50%的护盾。（获得护盾上限5万）;10级;
雁行功;气盾突破1级;气盾突破1级：回合开始时，给自身添加10000护盾，单局护盾的累计上限为最大生命值*70%（初始值为最大生命值*50%）;20级;
长生剑法;合击时有50%概率发动本武学;合击时有50%概率发动本武学;10级;
回风吹雪剑法;合击时有50%概率发动本武学;合击时有50%概率发动本武学;10级;
五神剑法;合击时有50%概率发动本武学;合击时有50%概率发动本武学;10级;
五神剑法;五神剑法【触发】;本武学对敌附加1层衡山之风状态，叠至6层后命中率降低50%，持续1回合;15级;
五神剑法;五神剑法【触发2】;长生门所有剑法武学攻击时衡山之风状态层数+1;25级;
七十二峰飞仙剑;召唤队友增加飞剑;有25%几率呼叫周围3*3队友一起召唤飞仙剑，每名队友，增加一次飞仙剑召唤次数（额外最多10次）;5级;
七十二峰飞仙剑;长生剑法附加剑法精通伤害;额外增加5次飞剑攻击；长生门所有剑法伤害，根据医术精通"增加伤害";10级;
七十二峰飞仙剑;天外飞仙;攻击敌人造成[DamageValue]伤害，攻击时100%呼叫周围3*3范围内的队友进行攻击;15级;
七十二峰飞仙剑;飞仙剑触发概率提升至50%;本武学飞仙剑气触发率提升为50%;20级;
七十二峰飞仙剑;衡山飞剑术;长生飞剑术：七十二峰飞仙剑"，"万毒手"，"五岳独尊剑法"召唤的飞剑/毒弹威力额外提升20%";30级;
长生心法;强化穿透1级;强化穿透1级：暗器穿透时，威力为上一次的40%（初始值为30%，可叠加至5级）;5级;
长生心法;烈阳护体1级;烈阳护体1级：使用内功武学时，根据消耗的真气，获得50%的护盾。（获得护盾上限5万）;20级;
寿比南山功;释放本武学获得护盾时数值额外提升10%;释放本武学获得护盾时数值额外提升10%;10级;
寿比南山功;舍己为人1级;舍己为人1级：每次受到攻击，有20%几率为周围3*3队友施放5000+攻击*10%的治疗（可叠加至5级）;15级;
寿比南山功;气盾突破1级;气盾突破1级：回合开始时，给自身添加10000护盾，单局护盾的累计上限为最大生命值*70%（初始值为最大生命值*50%）;25级;
延年益寿功;延年益寿【重新登场】;奋起1级：退场时50%概率再次登场，恢复10%生命和真气，一场战斗触发一次。（最高叠加到4级）;1级;
延年益寿功;烈阳护体1级;烈阳护体1级：使用内功武学时，根据消耗的真气，获得50%的护盾。（获得护盾上限5万）;5级;
延年益寿功;重新登场后，防御值+50%;重新登场后，防御值+50%;20级;
延年益寿功;重新登场后生命值+20%;重新登场后生命值+20%;25级;
延年益寿功;延年益寿【重新登场】;奋起1级：退场时50%概率再次登场，恢复10%生命和真气，一场战斗触发一次。（最高叠加到4级）;30级;
长生天风大阵;长生天风大阵;登场召唤一个长生门弟子;1级;
长生天风大阵;强化穿透1级;强化穿透1级：暗器穿透时，威力为上一次的40%（初始值为30%，可叠加至5级）;5级;
长生天风大阵;召唤弟子体质-金;增加本武学召唤出来的弟子的生命;10级;
长生天风大阵;长生天风大阵20;召唤的长生门弟子呼叫合击几率+50%;20级;
长生天风大阵;真·穿针引线1级;穿针引线1级：暗器武学攻击附加“漫天花雨”状态，状态可叠加5层，每层使其受到暗器招式攻击时基础伤害+3%（可叠加至5级）;25级;
长生天风大阵;长生天风大阵30;所有阵法召唤的角色，防御+5%;30级;
歧黄之术;本武学：治疗后加武学等级*500+生命值*3%的护盾;施放本武学后，目标额外增加武学等级*500+生命值*3%的护盾;15级;
金风玉露;本武学：治疗后解除基础负面状态40;本武学造成治疗后解除基础六个基础负面状态各40层;15级;
清心静气;本武学：增加持续治疗回合;本武学治疗后每回合开始恢复5%的生命值，持续1回合;20级;
天仙续命丹;本武学：治疗后提升5%基础属性;本武学治疗后提升目标生命、真气、防御、攻击各5%，可叠加10次;15级;
天仙续命丹;是药三分毒;所有医疗技能可以对敌人使用;25级;
悬丝诊脉;合击时有50%概率发动本武学;合击时有50%概率发动本武学;10级;
悬丝诊脉;悬丝诊脉15;可对队友使用，治疗相同的数值;15级;
悬丝诊脉;悬丝诊脉25;所有医术技能释放后，追加一次悬丝诊脉（每回合触发1次）;20级;
悬丝诊脉;悬丝诊脉30;所有内功攻击后，追加一次悬丝诊脉（每回合触发1次）;25级;
生灭一指;合击时有50%概率发动本武学;合击时有50%概率发动本武学;10级;
生灭一指;真·穿针引线1级;穿针引线1级：暗器武学攻击附加“漫天花雨”状态，状态可叠加5层，每层使其受到暗器招式攻击时基础伤害+3%（可叠加至5级）;20级;
气机倒灌;合击时有50%概率发动本武学;合击时有50%概率发动本武学;10级;
气机倒灌;气机倒灌30;可对队友施放本武学，造成治疗;25级;
经脉错乱针;合击时有50%概率发动本武学;合击时有50%概率发动本武学;10级;
经脉错乱针;强化弹射1级;强化弹射1级：暗器弹射时，威力为上一次的80%（初始值为70%，可叠加至5级）;15级;
经脉错乱针;气机倒灌30;可对队友施放本武学，造成治疗;25级;
阴阳逆行针;合击时有50%概率发动本武学;合击时有50%概率发动本武学;10级;
阴阳逆行针;封禁穴位;攻击敌人造成[DamageValue]伤害，命中敌人后会弹射[TanSheCount]次，对每个目标附加命中率降低10%，持续1回合;15级;
阴阳逆行针;阴阳逆行针【治疗】;本武学可以以队友为目标，命中队友时进行治疗;20级;
阴阳逆行针;真·穿针引线1级;穿针引线1级：暗器武学攻击附加“漫天花雨”状态，状态可叠加5层，每层使其受到暗器招式攻击时基础伤害+3%（可叠加至5级）;25级;
阴阳逆行针;强化弹射1级;强化弹射1级：暗器弹射时，威力为上一次的80%（初始值为70%，可叠加至5级）;30级;
金针秘传;合击时有50%概率发动本武学;合击时有50%概率发动本武学;10级;
金针秘传;金针秘传【减命中】;本武学攻击后使敌方命中率降低10%，持续1回合;10级;
金针秘传;金针秘传【群体减命中】;本武学攻击使敌方周围3*3敌人命中率降低10%，持续1回合;15级;
金针秘传;金针秘传【追加】;所有医术仅治疗一个己方单位的时候，对敌人追加一次金针秘传;20级;
悬壶济世;气盾突破1级;气盾突破1级：回合开始时，给自身添加10000护盾，单局护盾的累计上限为最大生命值*70%（初始值为最大生命值*50%）;15级;
悬壶济世;本武学：增加持续治疗回合;本武学治疗后每回合开始恢复5%的生命值，持续1回合;20级;
悬壶济世;舍己为人1级;舍己为人1级：每次受到攻击，有20%几率为周围3*3队友施放5000+攻击*10%的治疗（可叠加至5级）;25级;
千金要方;杏林高手1级;杏林高手1级：医术治疗+4%（最高可叠加至5级）;10级;
千金要方;舍己为人1级;舍己为人1级：每次受到攻击，有20%几率为周围3*3队友施放5000+攻击*10%的治疗（可叠加至5级）;15级;
落木无边;真·穿针引线1级;穿针引线1级：暗器武学攻击附加“漫天花雨”状态，状态可叠加5层，每层使其受到暗器招式攻击时基础伤害+3%（可叠加至5级）;1级;
落木无边;合击时有50%概率发动本武学;合击时有50%概率发动本武学;10级;
落木无边;阴阳逆行针【治疗】;本武学可以以队友为目标，命中队友时进行治疗;20级;
和气生财;杏林高手1级;杏林高手1级：医术治疗+4%（最高可叠加至5级）;20级;
吹拉弹唱;寒风剑气1级;寒风剑气1级：剑法威力百分比+5%（最高可叠加至4级）;5级;
吹拉弹唱;赤手空拳1级;赤手空拳1级：拳法威力百分比+5%（最高可叠加至4级）;15级;
吹拉弹唱;穷击猛打1级;穷击猛打1级：所有武学对减速目标基础伤害+3%（可叠加至5级）;20级;
云游四海;真·百里挑一1级;百里挑一1级：使用腿法武学攻击目标时，20%几率对其中一个敌人额外进行一次攻击（可叠加至5级）;20级;
伤心拳;本武学：回合回真气降低50%;目标真气恢复降低50%，持续1回合;15级;
伤心拳;黯然伤魂;本武学攻击附加降低敌方命中率70%，持续1回合;20级;
咸猪手;本武学：中毒+20;本武学攻击附加中毒+20;10级;
咸猪手;本武学：最终伤害+拳掌精通（目标中毒）;本武学攻击中毒目标时，额外附加当前拳掌精通值伤害;20级;
袖里藏刀;嗜血追击1级;嗜血追击1级：当敌人生命值低于50%时，我方最终基础伤害+5%，且敌人剩余生命值百分比每比50%低5%时，我方额外增加1%最终伤害（可叠加至3级）;30级;
欲绝掌;本武学：回合回真气降低50%;目标真气恢复降低50%，持续1回合;15级;
欲绝掌;黯然伤魂;本武学攻击附加降低敌方命中率70%，持续1回合;20级;
般若掌;易筋洗髓1级;易筋洗髓1级：每次行动结束后，提升10%生命上限。（单局生效5次）;25级;
般若掌;全*普度众生;普度众生1级：所有拳法杀死目标时，以目标的20%生命值造成全屏伤害（上限100000+我方生命*50%）;30级;
风云腿;攻击附加减速+5（宇文庄/腿法）;宇文庄腿法武学攻击敌人附加减速+5;10级;
风云腿;攻击后附加轻盈+10（腿法）;所有腿法攻击后为自身增加轻盈+10;30级;
三绝刀法;刀光剑影1级;刀光剑影1级：刀法威力百分比+5%（最高可叠加至4级）;30级;
归元心法;恢复自身5%生命（单回合未受伤）;本回合未受到伤害时，恢复自身5%生命（至多20000点）;25级;
归元心法;赤手空拳1级;赤手空拳1级：拳法威力百分比+5%（最高可叠加至4级）;30级;
无名腿法;攻击附加减速+5（宇文庄/腿法）;宇文庄腿法武学攻击敌人附加减速+5;10级;
无名腿法;疗伤+10（所有腿法攻击）;所有腿法释放后，自身获得疗伤+10;15级;
无名腿法;抗连击值+500;宇文庄腿法武学释放后，自身抗连击值+500（最多可叠加3次，持续两回合）;25级;
无名腿法;旋风神腿1级;旋风神腿1级：腿法威力百分比+5%（最高可叠加至4级）;30级;
乾坤颠倒神功;恰中要害1级;恰中要害1级：暴击率+4%（最高可叠加至4级）;5级;
莲座刀法;生命低于30%《燃魔刀法》不再牺牲生命;自身生命低于30%时，《燃魔刀法》不再牺牲自身生命值，仍可为敌人造成持续伤害;20级;
莲座刀法;力道*2真气燃烧（如意宫/刀法）;如意宫刀法攻击时附加攻击*10%的真气燃烧;30级;
三无三不刀;神魔斩;攻击敌人造成[DamageValue]伤害，攻击后以自身攻击*20%点生命值为代价，使敌人每回合损失攻击*20%点生命值，持续3回合;15级;
三无三不刀;刀法伤害+20%（敌方真气小于20%）;所有刀法对于真气少于20%的敌人基础伤害+20%;25级;
三无三不刀;所有刀法攻击后有30%概率添加重伤;如意宫刀法攻击后有40%概率使敌方陷入重伤状态。重伤：反击时输出降低50%（持续1回合）;30级;
霸刀;入木三分1级;入木三分1级：受到内功武学攻击时，每10点防御额外降低1点伤害（最高10000点）;30级;
燃魔刀法;天怒;攻击敌人造成[DamageValue]伤害，攻击后以自身力道*6点生命值为代价，使敌人每回合损失力道*6点生命值，持续3回合;15级;
燃魔刀法;每损失7%生命值伤害提升3%;自身每损失7%血量，本武学基础伤害+3%，最多提升30%;20级;
燃魔刀法;攻击单体角色伤害增加20%;本武学仅攻击单个角色时，基础伤害+20%;25级;
燃魔刀法;越战越勇1级;越战越勇1级：每击败一个敌人，自身基础伤害+3%（上限为10%）;30级;
寒霜掌;攻击附加减速+5（宇文庄/拳法）;宇文庄拳法武学攻击敌人附加减速+5;10级;
寒霜掌;攻击附加疗伤+15（宇文庄/外功）;宇文庄外功攻击后自身附加疗伤+15;20级;
寒霜掌;赤手空拳1级;赤手空拳1级：拳法威力百分比+5%（最高可叠加至4级）;30级;
七伤棍法;一线牵;攻击敌人造成[DamageValue]伤害，攻击后以自身攻击*20%点生命值为代价，使敌人每回合损失攻击*20%点生命值，持续3回合;15级;
七伤棍法;奇门伤害+20%（敌方真气小于20%）;所有奇门对于真气少于20%的敌人基础伤害+20%;25级;
七伤棍法;奇门归一1级;奇门归一1级：使用奇门武学时，将非中心目标伤害的30%复制给中心目标，最高不超过中心目标原始伤害的100%。;30级;
归藏棍法;归真;攻击敌人造成[DamageValue]伤害，攻击后以自身攻击*30%点生命值为代价，使敌人每回合损失攻击*30%点生命值，持续3回合;15级;
归藏棍法;每损失7%生命值伤害提升3%;自身每损失7%血量，本武学基础伤害+3%，最多提升30%;20级;
归藏棍法;攻击单体角色伤害增加20%;本武学仅攻击单个角色时，基础伤害+20%;25级;
归藏棍法;致命追击1级;致命追击1级：每击败一个敌人，行动条前进20%（每回合最多额外前进100%）（可叠加至5级）;30级;
少林刀法;破魔刀法基础攻击+5;《破魔刀法》攻击时基础攻击提升5%;5级;
破魔刀法;慈悲刀法基础攻击+5;《慈悲刀法》攻击时基础攻击提升5%;5级;
慈悲刀法;抽刀断水1级;抽刀断水1级：刀法伤害百分比+4%（最高可叠加至5级）;5级;
慈悲刀法;慈悲为怀;攻击敌人造成[DamageValue]伤害，附加500点的真气燃烧，攻击时基础攻击提升10%;10级;
慈悲刀法;五虎断门刀基础攻击+10;《五虎断门刀》攻击时基础攻击提升10%;20级;
烈焰刀法;业火刀法;攻击敌人造成[DamageValue]伤害，攻击时基础攻击提升15%，造成刀法精通*7点的真气燃烧效果;10级;
烈焰刀法;刀光剑影1级;刀光剑影1级：刀法威力百分比+5%（最高可叠加至4级）;20级;
烈焰刀法;烈焰刀法30;本武学攻击真气为0的敌人时附加破甲+50并且再次攻击1次（每回合普通招式和绝招各自只能触发一次）;30级;
五虎断门刀;五虎断门刀 【触发】;本武学攻击时，如果击中流血目标，则会再次释放该技能（只会触发一次）;10级;
五虎断门刀;五虎断门刀30;本武学攻击目标流血超过100时，立即对目标及周围3*3敌人造成伤害，伤害为流血层数*500（每次攻击回合触发一次）;20级;
五虎断门刀;《赤刀神功》攻击附加流血+20;使用《赤刀神功》攻击敌人时附加流血+20;25级;
普门杖法;韦陀杖法基础攻击+5;《韦陀杖法》攻击时基础攻击提升5%;5级;
普门杖法;奇门归一1级;奇门归一1级：使用奇门武学时，将非中心目标伤害的30%复制给中心目标，最高不超过中心目标原始伤害的100%。;20级;
韦陀杖法;伏虎杖法基础攻击+10;《伏虎杖法》攻击时基础攻击提升10%;15级;
韦陀杖法;本武学：击退10%;本武学攻击时击退敌方进度条10%;25级;
伏虎杖法;奇门遁甲1级;奇门遁甲1级：奇门威力百分比+5%（最高可叠加至4级）;5级;
伏虎杖法;罗汉伏虎;攻击敌人造成[DamageValue]伤害，攻击时基础攻击提升15%，对所有目标附加减速+30;10级;
伏虎杖法;棒棒打狗20%;所有奇门武学，命中率提高20%;20级;
伏虎杖法;达摩禅杖基础攻击+5;《达摩禅杖》攻击时基础攻击提升5%;25级;
达摩禅杖;禅杖十八式;攻击敌人造成[DamageValue]伤害，附加击退1;10级;
达摩禅杖;奇门术数1级;奇门术数1级：奇门伤害百分比+4%（最高可叠加至5级）;15级;
达摩禅杖;少林奇门：击退10%;少林奇门武学攻击时击退敌方进度条10%;25级;
达摩禅杖;所有奇门：击退10%;所有奇门武学攻击时击退敌方进度条10%;30级;
少林心法;所有少林金色外功基础攻击+10;少林金色外功攻击时基础攻击提升10%;10级;
少林心法;先天真气1级;先天真气1级：内功伤害百分比+4%（最高可叠加至5级）;20级;
金钟罩;金刚不坏1级;金刚不坏1级：进入战斗第一次受到主动攻击时基础伤害-30%（可叠加至5级）;5级;
金钟罩;少林暗金基础外功基础+10;少林暗金外功攻击时基础攻击提升10%;10级;
金钟罩;奇门归一1级;奇门归一1级：使用奇门武学时，将非中心目标伤害的30%复制给中心目标，最高不超过中心目标原始伤害的100%。;15级;
金钟罩;气贯苍穹1级;气贯苍穹1级：内功威力百分比+5%（最高可叠加至4级）;20级;
金钟罩;金刚不坏1级;金刚不坏1级：进入战斗第一次受到主动攻击时基础伤害-30%（可叠加至5级）;25级;
罗汉铜人功;少林基础外功武学基础攻击+5;少林外功攻击时基础攻击提升5%;5级;
罗汉铜人功;烈阳护体1级;烈阳护体1级：使用内功武学时，根据消耗的真气，获得50%的护盾。（获得护盾上限5万）;15级;
罗汉铜人功;穿云裂石1级;穿云裂石1级：所有武学攻击真气为0的角色时，基础伤害+10%（可叠加至5级）;20级;
罗汉铜人功;专注防守1级;专注防守1级：暴击抵抗率+3%（最高可叠加至4级）;25级;
罗汉铜人功;全*普度众生;普度众生1级：所有拳法杀死目标时，以目标的20%生命值造成全屏伤害（上限100000+我方生命*50%）;30级;
少林烈阳功;烈阳护体1级;烈阳护体1级：使用内功武学时，根据消耗的真气，获得50%的护盾。（获得护盾上限5万）;10级;
少林烈阳功;全*普度众生;普度众生1级：所有拳法杀死目标时，以目标的20%生命值造成全屏伤害（上限100000+我方生命*50%）;25级;
易筋经;金刚不坏1级;金刚不坏1级：进入战斗第一次受到主动攻击时基础伤害-30%（可叠加至5级）;20级;
易筋经;易筋洗髓1级;易筋洗髓1级：每次行动结束后，提升10%生命上限。（单局生效5次）;30级;
炎炎功;穿云裂石1级;穿云裂石1级：所有武学攻击真气为0的角色时，基础伤害+10%（可叠加至5级）;25级;
罗汉拳;大力金刚掌基础攻击+5;《大力金刚掌》攻击时基础攻击提升5%;10级;
罗汉拳;全*普度众生;普度众生1级：所有拳法杀死目标时，以目标的20%生命值造成全屏伤害（上限100000+我方生命*50%）;20级;
大力金刚掌;千手观音掌基础攻击+10;《千手观音掌》攻击时基础攻击提升10%;10级;
大力金刚掌;普度众生;本武学击败敌人会按照击败敌人的总生命值的5%对全场敌人造成一次等额伤害（最高250000）;20级;
千手观音掌;千手佛;攻击敌人[DamageCount]次，造成[DamageValue]伤害，攻击时基础攻击提升25%;10级;
千手观音掌;赤手空拳1级;赤手空拳1级：拳法威力百分比+5%（最高可叠加至4级）;15级;
千手观音掌;大乘般若禅掌基础攻击+5;《大乘·般若禅掌》攻击时基础攻击提升5%;20级;
千手观音掌;拳拳生风1级;拳拳生风1级：拳掌伤害+4%（最高可叠加至5级）;25级;
大乘·般若禅掌;无色无尘掌;攻击敌人造成[DamageValue]伤害，攻击时基础攻击提升40%;10级;
大乘·般若禅掌;易筋洗髓1级;易筋洗髓1级：每次行动结束后，提升10%生命上限。（单局生效5次）;25级;
大乘·般若禅掌;全*普度众生;普度众生1级：所有拳法杀死目标时，以目标的20%生命值造成全屏伤害（上限100000+我方生命*50%）;30级;
一指禅功;穿云裂石1级;穿云裂石1级：所有武学攻击真气为0的角色时，基础伤害+10%（可叠加至5级）;25级;
如影随形腿;旋风神腿1级;旋风神腿1级：腿法威力百分比+5%（最高可叠加至4级）;5级;
如影随形腿;无影无踪;攻击敌人造成[DamageValue]伤害，攻击时额外获得8000攻击力;10级;
如影随形腿;所有腿法：附加4000攻击力;所有腿法武学攻击时额外获得4000点攻击力;20级;
如影随形腿;真·百里挑一1级;百里挑一1级：使用腿法武学攻击目标时，20%几率对其中一个敌人额外进行一次攻击（可叠加至5级）;25级;
如影随形腿;所有腿法：附加10000攻击力;所有腿法武学攻击时额外获得10000点攻击力;30级;
十二路谭腿;风摆荷叶腿;攻击敌人造成[DamageValue]伤害，攻击时基础攻击提升10%;10级;
十二路谭腿;极速无影1级;极速无影1级：腿法伤害百分比+4%（最高可叠加至5级）;20级;
十二路谭腿;真·百里挑一1级;百里挑一1级：使用腿法武学攻击目标时，20%几率对其中一个敌人额外进行一次攻击（可叠加至5级）;25级;
少林连环腿;十二路谭腿基础攻击+5;《十二路谭腿》攻击时基础攻击提升5%;10级;
少林连环腿;真·百里挑一1级;百里挑一1级：使用腿法武学攻击目标时，20%几率对其中一个敌人额外进行一次攻击（可叠加至5级）;15级;
十八罗汉阵;穿云裂石1级;穿云裂石1级：所有武学攻击真气为0的角色时，基础伤害+10%（可叠加至5级）;25级;
金刚伏魔阵;金刚伏魔阵;登场召唤一个少林老和尚;1级;
金刚伏魔阵;召唤弟子体质-金;增加本武学召唤出来的弟子的生命;10级;
金刚伏魔阵;奇门归一1级;奇门归一1级：使用奇门武学时，将非中心目标伤害的30%复制给中心目标，最高不超过中心目标原始伤害的100%。;15级;
金刚伏魔阵;金刚伏魔阵20;召唤的少林老和尚死亡时对周围3*3敌人施放内力普通攻击;20级;
金刚伏魔阵;金刚不坏1级;金刚不坏1级：进入战斗第一次受到主动攻击时基础伤害-30%（可叠加至5级）;30级;
金刚伏魔阵;金刚伏魔阵30;所有阵法召唤的角色，忽视防御率+5%;30级;
秘奥义·般若波罗掌;般若波罗掌基础攻击+15;《般若波罗掌》攻击时基础攻击提升15%;15级;
秘奥义·罗汉腿;罗汉腿基础攻击+10;《罗汉腿》攻击时基础攻击提升10%;20级;
秘奥义·锁门棍;锁门棍基础攻击+10;《锁门棍》攻击时基础攻击提升10%;25级;
秘奥义·烈火刀;烈火刀基础攻击+5;《烈火刀》攻击时基础攻击提升5%;10级;
秘奥义·五虎掌;五虎掌基础攻击+10;《五虎掌》攻击时基础攻击提升10%;20级;
固元扶伤丹;本武学：治疗后提升5%基础属性;本武学治疗后提升目标生命、真气、防御、攻击各5%，可叠加10次;15级;
驻生长命;释放本武学获得护盾时数值额外提升10%;释放本武学获得护盾时数值额外提升10%;10级;
驻生长命;舍己为人1级;舍己为人1级：每次受到攻击，有20%几率为周围3*3队友施放5000+攻击*10%的治疗（可叠加至5级）;15级;
驻生长命;气盾突破1级;气盾突破1级：回合开始时，给自身添加10000护盾，单局护盾的累计上限为最大生命值*70%（初始值为最大生命值*50%）;30级;
神凝心静;本武学：增加持续治疗回合;本武学治疗后每回合开始恢复5%的生命值，持续1回合;20级;
文刀;抽刀断水1级;抽刀断水1级：刀法伤害百分比+4%（最高可叠加至5级）;15级;
文刀;无招胜有招1级;无招胜有招1级：所有随机多次武学可攻击单体目标，后续伤害为上一次伤害的60%（初始值为50%，最高提升至5级）;30级;
饮鸩止渴;强化中毒1级;强化中毒1级：使每层中毒的效果伤害变为初始的5倍，减少真气变为初始的2倍（敌方受到中毒效果取我方等级最高的效果）（可叠加至5级）;15级;
饮鸩止渴;剧毒;所有武学攻击目标中毒超过100时，立即对目标及周围3*3敌人造成伤害，伤害为中毒层数*500，并附加中毒+20（每次攻击回合触发一次）;30级;
夏济八想;先天真气1级;先天真气1级：内功伤害百分比+4%（最高可叠加至5级）;10级;
夏济八想;百花乱拳1级;百花乱拳1级：使用拳掌武学攻击单体目标的时候，20%几率向周围的敌人，进行同样的攻击（每回合最多触发一次，可叠加至5级）;15级;
夏济八想;低真气时真气回复提高;真气低于50%时，真气回复+50%;20级;
夏济八想;真气外放1级;真气外放1级：所有额外消耗真气附加伤害效果，提升为每消耗10点真气附加4点伤害（可叠加至5级）;25级;
夏济八想;气贯苍穹1级;气贯苍穹1级：内功威力百分比+5%（最高可叠加至4级）;30级;
金钱镖;多段暗器1级;多段暗器1级：以30%几率增加玄机门多段暗器的攻击段数，最多1次（可叠加至5级）;10级;
金钱镖;真·穿针引线1级;穿针引线1级：暗器武学攻击附加“漫天花雨”状态，状态可叠加5层，每层使其受到暗器招式攻击时基础伤害+3%（可叠加至5级）;25级;
穿针引线;20%几率攻击3排;本武学攻击时有20%几率攻击3排目标;10级;
穿针引线;锥心透骨1级;锥心透骨1级：暗器武学暴击时，20%几率追加一次穿心透骨（每回合最多追加1次）（可叠加至5级）;30级;
妙手回春;本武学：增加持续治疗回合;本武学治疗后每回合开始恢复5%的生命值，持续1回合;20级;
阴凝冰坚;气贯苍穹1级;气贯苍穹1级：内功威力百分比+5%（最高可叠加至4级）;1级;
阴凝冰坚;汲取生命1级;汲取生命1级：吸血率+3%（最高可叠加至5级）;10级;
阴凝冰坚;阴人1级;阴人1级：内力阴性+10，使用阴性武学（武学只有阴性系数）时基础伤害+10%（可叠加至5级）;15级;
阴凝冰坚;气贯苍穹1级;气贯苍穹1级：内功威力百分比+5%（最高可叠加至4级）;20级;
阴凝冰坚;追加20%减益buff;所有武学造成的负面状态（流血、中毒、破甲、减速、内伤、残废）层数提高20%;30级;
火形刀;致命追击1级;致命追击1级：每击败一个敌人，行动条前进20%（每回合最多额外前进100%）（可叠加至5级）;30级;
三绝棍法;生命低于30%《归藏棍法》不再牺牲生命;自身生命低于30%时，《归藏棍法》不再牺牲自身生命值，仍可为敌人造成持续伤害;20级;
三绝棍法;攻击*10%真气燃烧（如意宫/奇门）;如意宫奇门攻击时附加攻击*10%的真气燃烧;30级;
奇门短打;奇门归一1级;奇门归一1级：使用奇门武学时，将非中心目标伤害的30%复制给中心目标，最高不超过中心目标原始伤害的100%。;15级;
三才五格棍;奇门归一1级;奇门归一1级：使用奇门武学时，将非中心目标伤害的30%复制给中心目标，最高不超过中心目标原始伤害的100%。;15级;
醉棍;识破罩门1级;识破罩门1级：攻击暴击时，有20%几率敌人无法进行反弹、反击、识破（可叠加至5级）;1级;
醉棍;铁索横江;攻击敌人造成[DamageValue]伤害，攻击时获得1层醉酒"状态";10级;
醉棍;棒棒打狗30%;所有奇门武学，命中率提高30%;20级;
醉棍;爆伤倍数+10%（拥有醉酒）;拥有“醉酒”状态时，本武学暴击伤害倍数+10%;30级;
十种自在法;大自在;攻击敌人造成[DamageValue]伤害，攻击后敌方附加残废+30，自身附加疗伤+20，攻击后有50%的概率扣除敌方护盾;10级;
十种自在法;奇门归一1级;奇门归一1级：使用奇门武学时，将非中心目标伤害的30%复制给中心目标，最高不超过中心目标原始伤害的100%。;20级;
齐眉棍法;延绵不绝（每次最终伤害+20%）;本武学每使用1次，最终基础伤害+20%（最高提升至400%）;30级;
银勾枪法;入木三分1级;入木三分1级：受到内功武学攻击时，每10点防御额外降低1点伤害（最高10000点）;30级;
无上心法;防御提升率+1%（每损失7%生命）;每损失7%的生命，防御提升率+1%，可提升10次;30级;
无上心法;自身获得战魂（队友阵亡）;当有队友阵亡时，自身可获得战魂"状态，使自身周围3*3的敌人技能消耗真气提升20%（同一敌人，仅受到一层效果加成）";25级;
静心功法;绵延不绝1级;绵延不绝1级：连招率+3%（最高可叠加至4级）;10级;
静心功法;专注防守1级;专注防守1级：暴击抵抗率+3%（最高可叠加至4级）;20级;
绵里藏针决;破尽万物1级;破尽万物1级：暴击率+3%（最高可叠加至2级）;5级;
绵里藏针决;绵里藏针决【受击强壮】;受到攻击时，有30%几率对周围3*3队友附加强壮+20;10级;
绵里藏针决;连环夺命1级;连环夺命1级：连击率+3%（最高可叠加至3级）;15级;
绵里藏针决;技艺超群1级;技艺超群1级：绝招率+4%（最高可叠加至3级）;20级;
绵里藏针决;破*绵里藏针;所有武学对有护盾的敌人基础伤害+20%;25级;
玄武断崖心法;援护防御1级;援护防御1级：周围3*3队友受到攻击时，有20%几率援护防御，以自身防御分担20%伤害（可提升至5级）;5级;
玄武断崖心法;玄武盾;技能释放后，25%几率获得自身生命值5%的护盾;10级;
玄武断崖心法;事半功倍1级;事半功倍1级：暴击伤害倍数+8%（最高可叠加至5级）;15级;
玄武断崖心法;援护后自身+防御;援护成功后自身防御+300，可叠加3次;20级;
玄武断崖心法;受击时25%几率添加护盾;受击时，有25%几率触发绝招;25级;
玄武断崖心法;玄武断崖;被击时降低5000+10%点伤害;30级;
醉拳;无视防御+20%（拥有醉酒状态）;拥有“醉酒”状态时，本武学忽视防御率+20%;1级;
醉拳;每次攻击伤害增加5%;拥有“醉酒”状态时，本武学每使用1次，最终基础伤害+5%（最高提升至50%）;25级;
醉拳;攻击附加破甲+15（拥有醉酒状态）;拥有“醉酒”状态时，本武学攻击后为敌人附加破甲+15;30级;
神通无碍;事半功倍1级;事半功倍1级：暴击伤害倍数+8%（最高可叠加至5级）;20级;
神通无碍;致命反弹1级;致命反弹1级：反弹伤害倍数+4%（最高可叠加至4级）;25级;
神通无碍;反戈一击1级;反戈一击1级：反击率+6%（最高可叠加至5级）;30级;
养吾心法;外功伤害增加20%（敌人真气小于20%）;如意宫外功武学对真气少于20%的角色基础伤害+10%;25级;
养吾心法;防御提升率+1%（每损失7%生命）;每损失7%的生命，防御提升率+1%，可提升10次;30级;
如意心法;外功伤害增加20%（敌人真气小于20%）;如意宫外功武学对真气少于20%的角色基础伤害+10%;25级;
如意心法;奇门遁甲1级;奇门遁甲1级：奇门威力百分比+5%（最高可叠加至4级）;30级;
凌云功;神影无踪1级;神影无踪1级：行动条速度提高8%;25级;
柔云剑法;技能：武当反击（初）;本武学主动攻击后自身反击率增加20%，持续一回合，被攻击3次后，本效果新增的反击率消失;1级;
柔云剑法;武当无极;本武学反击时，可触发无极效果。无极：反击时，将本次受到伤害的20%附加到伤害中，无极附加的伤害上限为20000点;5级;
绵云柔剑;技能：武当反击（初）;本武学主动攻击后自身反击率增加20%，持续一回合，被攻击3次后，本效果新增的反击率消失;1级;
绵云柔剑;武当无极;本武学反击时，可触发无极效果。无极：反击时，将本次受到伤害的20%附加到伤害中，无极附加的伤害上限为20000点;5级;
神武剑法;技能：武当反击（真）;本武学主动攻击后自身反击率增加30%，持续一回合，被攻击3次后，本效果新增的反击率消失;1级;
神武剑法;武当无极;本武学反击时，可触发无极效果。无极：反击时，将本次受到伤害的20%附加到伤害中，无极附加的伤害上限为20000点;5级;
神武剑法;一十三剑;攻击敌人[DamageCount]次，造成[DamageValue]伤害，附加残废+20;15级;
太极剑;技能：武当反击（破）;本武学主动攻击后自身反击率增50%，持续一回合，被攻击3次后，本效果新增的反击率消失;1级;
太极剑;武当无极;本武学反击时，可触发无极效果。无极：反击时，将本次受到伤害的20%附加到伤害中，无极附加的伤害上限为20000点;5级;
太极剑;九转阴阳剑;攻击敌人造成[DamageValue]伤害，造成伤害后为敌人附加20点破甲;15级;
太极剑;太极生圆1级;太极生圆1级：使用《太极拳》、《太极剑》主动攻击时，10%概率使攻击范围增加至3*3范围;25级;
武当心法;无极上限（20000）;无极所附加的伤害上限提升20000点;10级;
武当烈阳功;无极上限（50000）;无极所附加的伤害上限提升50000点;10级;
武当烈阳功;太极生圆1级;太极生圆1级：使用《太极拳》、《太极剑》主动攻击时，10%概率使攻击范围增加至3*3范围;25级;
太极神功;无极上限（50000）;无极所附加的伤害上限提升50000点;15级;
太极神功;太极生圆1级;太极生圆1级：使用《太极拳》、《太极剑》主动攻击时，10%概率使攻击范围增加至3*3范围;20级;
纯阳·童子功;无极上限（50000*武当外功数）;每拥有一门武当外功，无极附加的伤害上限增加50000;10级;
纯阳·童子功;常备不懈1级;常备不懈1级：回合外使用武学时，伤害为回合内使用时60%（初始值为50%，可叠加至5级）;25级;
纯阳·童子功;纯阳·童子功;（誓约前）每回合为周围3*3队友恢复5%的真气（誓约后）消耗当前20%真气，每20点真气对敌造成1点伤害;30级;
武当长拳;技能：武当反击（初）;本武学主动攻击后自身反击率增加20%，持续一回合，被攻击3次后，本效果新增的反击率消失;1级;
武当长拳;武当无极;本武学反击时，可触发无极效果。无极：反击时，将本次受到伤害的20%附加到伤害中，无极附加的伤害上限为20000点;5级;
武当绵掌;技能：武当反击（初）;本武学主动攻击后自身反击率增加20%，持续一回合，被攻击3次后，本效果新增的反击率消失;1级;
武当绵掌;武当无极;本武学反击时，可触发无极效果。无极：反击时，将本次受到伤害的20%附加到伤害中，无极附加的伤害上限为20000点;5级;
八卦掌;技能：武当反击（初）;本武学主动攻击后自身反击率增加20%，持续一回合，被攻击3次后，本效果新增的反击率消失;1级;
八卦掌;武当无极;本武学反击时，可触发无极效果。无极：反击时，将本次受到伤害的20%附加到伤害中，无极附加的伤害上限为20000点;5级;
虎爪功;猛虎下山;攻击敌人造成[DamageValue]伤害，附加流血+20，暴击则附加流血+20;10级;
黑虎绝户手;;本武学绝招攻击后50%概率追加一次摧心铁掌;10级;
黑虎绝户手;虎虎生威;攻击敌人造成[DamageValue]伤害，附加流血+20;15级;
太极拳;技能：武当反击（破）;本武学主动攻击后自身反击率增50%，持续一回合，被攻击3次后，本效果新增的反击率消失;1级;
太极拳;武当无极;本武学反击时，可触发无极效果。无极：反击时，将本次受到伤害的20%附加到伤害中，无极附加的伤害上限为20000点;5级;
太极拳;四两拨千斤;攻击敌人造成[DamageValue]伤害，造成伤害后为敌人附加20点流血;15级;
太极拳;太极生圆1级;太极生圆1级：使用《太极拳》、《太极剑》主动攻击时，10%概率使攻击范围增加至3*3范围;30级;
正两仪剑法;技能：武当反击（初）;本武学主动攻击后自身反击率增加20%，持续一回合，被攻击3次后，本效果新增的反击率消失;1级;
秘奥义·黑虎掏心;技能：武当反击（真）;本武学主动攻击后自身反击率增加30%，持续一回合，被攻击3次后，本效果新增的反击率消失;1级;
秘奥义·白蛇吐信;技能：武当反击（破）;本武学主动攻击后自身反击率增50%，持续一回合，被攻击3次后，本效果新增的反击率消失;1级;
秘奥义·揽雀尾;技能：武当反击（破）;本武学主动攻击后自身反击率增50%，持续一回合，被攻击3次后，本效果新增的反击率消失;1级;
秘奥义·绕指剑;技能：武当反击（初）;本武学主动攻击后自身反击率增加20%，持续一回合，被攻击3次后，本效果新增的反击率消失;1级;
秘奥义·震山掌;技能：武当反击（初）;本武学主动攻击后自身反击率增加20%，持续一回合，被攻击3次后，本效果新增的反击率消失;1级;
秘奥义·游身掌;技能：武当反击（初）;本武学主动攻击后自身反击率增加20%，持续一回合，被攻击3次后，本效果新增的反击率消失;1级;
真武七星阵;真武七星阵;登场召唤一个武当弟子;1级;
真武七星阵;召唤弟子体质-金;增加本武学召唤出来的弟子的生命;10级;
真武七星阵;3*3队友：剑法伤害+3%;自身周围3*3范围内队友，剑法攻击基础伤害+3%（不可叠加）;15级;
真武七星阵;真武七星阵20;召唤的武当弟子反击率+50%;20级;
真武七星阵;真武七星阵30;所有阵法召唤的角色，反击率+5%;30级;
举钵禅;所有少林金色外功基础攻击+10;少林金色外功攻击时基础攻击提升10%;15级;
笑狮禅;忽视防御1级;忽视防御1级：忽视防御率+5%（最高可叠加至4级）;25级;
笑狮禅;穿云裂石1级;穿云裂石1级：所有武学攻击真气为0的角色时，基础伤害+10%（可叠加至5级）;30级;
沉思禅;少林暗金基础外功基础+10;少林暗金外功攻击时基础攻击提升10%;5级;
沉思禅;技艺超群1级;技艺超群1级：绝招率+4%（最高可叠加至3级）;15级;
沉思禅;反弹龟甲1级;反弹龟甲1级：反弹率+4%（最高可叠加至4级）;25级;
沉思禅;金刚不坏1级;金刚不坏1级：进入战斗第一次受到主动攻击时基础伤害-30%（可叠加至5级）;30级;
欢喜禅;闪转腾挪1级;闪转腾挪1级：闪避率+3%（最高可叠加至3级）;25级;
欢喜禅;穿云裂石1级;穿云裂石1级：所有武学攻击真气为0的角色时，基础伤害+10%（可叠加至5级）;30级;
静坐禅;少林暗金基础外功基础+10;少林暗金外功攻击时基础攻击提升10%;5级;
静坐禅;遥相呼应1级;遥相呼应1级：合击率+3%（最高可叠加至4级）;15级;
静坐禅;致命反弹1级;致命反弹1级：反弹伤害倍数+4%（最高可叠加至4级）;25级;
静坐禅;金刚不坏1级;金刚不坏1级：进入战斗第一次受到主动攻击时基础伤害-30%（可叠加至5级）;30级;
降龙禅;烈阳护体1级;烈阳护体1级：使用内功武学时，根据消耗的真气，获得50%的护盾。（获得护盾上限5万）;15级;
降龙禅;恰中要害1级;恰中要害1级：暴击率+4%（最高可叠加至4级）;25级;
降龙禅;全*普度众生;普度众生1级：所有拳法杀死目标时，以目标的20%生命值造成全屏伤害（上限100000+我方生命*50%）;30级;
伏虎禅;烈阳护体1级;烈阳护体1级：使用内功武学时，根据消耗的真气，获得50%的护盾。（获得护盾上限5万）;15级;
伏虎禅;破尽万物1级;破尽万物1级：暴击率+3%（最高可叠加至2级）;25级;
伏虎禅;全*普度众生;普度众生1级：所有拳法杀死目标时，以目标的20%生命值造成全屏伤害（上限100000+我方生命*50%）;30级;
持戒拳;技能释放后提升反弹倍数（白-橙）;本武学释放后为自身附加1层反弹·初"状态，该状态可提升自身20%反弹倍数，自身被攻击3次后该状态消失"（自身行动开始时清空上回合添加的反弹状态）;1级;
我佛慈悲;百花乱拳1级;百花乱拳1级：使用拳掌武学攻击单体目标的时候，20%几率向周围的敌人，进行同样的攻击（每回合最多触发一次，可叠加至5级）;30级;
下马威;下马威;开场时对所有敌人施放攻击造成无视防御伤害（攻击和武学等级越高，伤害越高），附加流血+5;1级;
下马威;强化流血1级;强化流血1级：使每层流血的效果伤害变为初始的5倍（敌方受到流血效果取我方等级最高的效果）（可叠加至5级）;25级;
下马威;血海无涯1级;血海无涯1级：血海魔功基础伤害+10%（最高提升至5级）;30级;
赤刀心经;撕裂伤口1级;撕裂伤口1级：所有武学对流血状态的敌人造成基础伤害+3%（可叠加至5级）;20级;
赤刀要诀;撕裂伤口1级;撕裂伤口1级：所有武学对流血状态的敌人造成基础伤害+3%（可叠加至5级）;20级;
赤刀要诀;血海无涯1级;血海无涯1级：血海魔功基础伤害+10%（最高提升至5级）;30级;
防寒心得;撕裂伤口1级;撕裂伤口1级：所有武学对流血状态的敌人造成基础伤害+3%（可叠加至5级）;25级;
搅火棍法;搅火棍法20;本武学攻击时，额外获得一层铸剑蓄力;15级;
搅火棍法;乱风棍法30;本武学每增加一个命中目标，对中心目标基础伤害+25%（最大100%）;20级;
名剑剑法;额外获得1层蓄力;本武学攻击时，额外获得1层铸剑蓄力;20级;
青釭剑法;额外获得1层蓄力;本武学攻击时，额外获得1层铸剑蓄力;20级;
青釭剑法;寒风剑气1级;寒风剑气1级：剑法威力百分比+5%（最高可叠加至4级）;20级;
纯钧剑法;寒风剑气1级;寒风剑气1级：剑法威力百分比+5%（最高可叠加至4级）;15级;
纯钧剑法;额外获得1层蓄力;本武学攻击时，额外获得1层铸剑蓄力;20级;
七星长空剑;长空出一剑;攻击敌人造成[DamageValue]伤害，如自身铸剑蓄力>5层，威力提升5.1%，附加破甲+30;15级;
七星长空剑;寒风剑气1级;寒风剑气1级：剑法威力百分比+5%（最高可叠加至4级）;15级;
七星长空剑;额外获得1层蓄力;本武学攻击时，额外获得1层铸剑蓄力;20级;
七星长空剑;七星长空剑30;自身铸剑蓄力>10层时，铸剑山庄武学忽视防御率+30%;30级;
铸剑诀;铸剑蓄力【生命】;每层铸剑蓄力，提升2500点生命;5级;
铸剑诀;“铸剑蓄力”的层数上限+5;“铸剑蓄力”的层数上限+5;20级;
抱炉功;铸剑蓄力【力灵内】;每层铸剑蓄力，提升300点攻击;10级;
抱炉功;“铸剑蓄力”的层数上限+5;“铸剑蓄力”的层数上限+5;20级;
百炼心法;铸剑蓄力【精力】;每层铸剑蓄力，额外提升2500点真气;10级;
百炼心法;百炼心法20;如消耗铸剑蓄力>10层，则下次行动前，免受六项负面状态（流血、中毒、内伤、减速、破甲、残废）;15级;
百炼心法;百炼心法25;受到任意攻击后，铸剑蓄力层数+1（每回合仅能生效一次，单局内最多生效5次）;20级;
百炼心法;百炼心法30;铸剑蓄力>10层时，铸剑外功附加命中率+20%，暴击率+20%;25级;
黑铁刀法;额外获得1层蓄力;本武学攻击时，额外获得1层铸剑蓄力;20级;
开炉刀法;熔于一炉;攻击敌人造成[DamageValue]伤害，如自身铸剑蓄力>3层，威力提升3.9%，自身附加轻盈+20;15级;
开炉刀法;额外获得1层蓄力;本武学攻击时，额外获得1层铸剑蓄力;20级;
斩铁断钢刀法;开天辟地;攻击敌人造成[DamageValue]伤害，如自身铸剑蓄力>5层，威力提升4.7%，自身附加轻盈+30;15级;
斩铁断钢刀法;额外获得1层蓄力;本武学攻击时，额外获得1层铸剑蓄力;20级;
斩铁断钢刀法;斩铁断刚刀25;自身铸剑蓄力>5层时，本武学施放后行动条前进10%;25级;
斩铁断钢刀法;强化破甲1级;强化破甲1级：使每层破甲的效果提升至防御减少6（敌方受到破甲效果取我方等级最高的效果）（可叠加至5级）;25级;
薪火无尽棍法;奇门归一1级;奇门归一1级：使用奇门武学时，将非中心目标伤害的30%复制给中心目标，最高不超过中心目标原始伤害的100%。;15级;
薪火无尽棍法;惊世震俗;攻击敌人造成[DamageValue]伤害，对敌附加铸剑震撼"状态，持续1回合。铸剑震撼：攻击有铸剑蓄力状态的敌人，命中率降低，敌人每有1层铸剑蓄力，命中率-1%";15级;
薪火无尽棍法;薪火无尽棍法20;本武学攻击时，额外获得1层铸剑蓄力;20级;
薪火无尽棍法;识破罩门1级;识破罩门1级：攻击暴击时，有20%几率敌人无法进行反弹、反击、识破（可叠加至5级）;25级;
乱风棍法;叱咤风云;攻击敌人造成[DamageValue]伤害，如自身铸剑蓄力>3层，威力提升3.9%，自身获得坚韧+20;15级;
乱风棍法;乱风棍法20;本武学攻击时，额外获得一层铸剑蓄力;20级;
乱风棍法;乱风棍法30;本武学每增加一个命中目标，对中心目标基础伤害+25%（最大100%）;25级;
祭血焚炉功;铸剑蓄力【增伤】;每层铸剑蓄力，额外提升造成的最终伤害1%;10级;
祭血焚炉功;致命追击1级;致命追击1级：每击败一个敌人，行动条前进20%（每回合最多额外前进100%）（可叠加至5级）;20级;
祭血焚炉功;祭血焚炉功25;如消耗铸剑蓄力>10层，则自身忽视防御率+10%（单局内持续，可叠加3次）;25级;
大力断钢斩;强化破甲1级;强化破甲1级：使每层破甲的效果提升至防御减少6（敌方受到破甲效果取我方等级最高的效果）（可叠加至5级）;15级;
大力断钢斩;识破罩门1级;识破罩门1级：攻击暴击时，有20%几率敌人无法进行反弹、反击、识破（可叠加至5级）;30级;
火尽薪传;致命追击1级;致命追击1级：每击败一个敌人，行动条前进20%（每回合最多额外前进100%）（可叠加至5级）;20级;
火尽薪传;奇门归一1级;奇门归一1级：使用奇门武学时，将非中心目标伤害的30%复制给中心目标，最高不超过中心目标原始伤害的100%。;30级;
峨嵋剑法;事半功倍1级;事半功倍1级：暴击伤害倍数+8%（最高可叠加至5级）;20级;
金顶穿花剑;清风徐来;攻击敌人造成[DamageValue]伤害，暴击时回复5%生命值;10级;
金顶穿花剑;恰中要害1级;恰中要害1级：暴击率+4%（最高可叠加至4级）;20级;
灭绝剑法;天绝地灭剑;攻击敌人造成[DamageValue]伤害，暴击时提升所有队友10%暴击率;10级;
灭绝剑法;事半功倍1级;事半功倍1级：暴击伤害倍数+8%（最高可叠加至5级）;25级;
峨嵋心法;金顶秘卷1级;金顶秘卷1级：峨嵋武学暴击后10%概率触发绝招（每回合生效一次，最高升至4级）;20级;
峨嵋烈阳功;金顶秘卷1级;金顶秘卷1级：峨嵋武学暴击后10%概率触发绝招（每回合生效一次，最高升至4级）;10级;
峨嵋烈阳功;峨嵋烈阳功;主动使用《烈阳神功》时，周围3*3的队友增加暴击基础伤害+30%，持续1回合;15级;
峨嵋烈阳功;烈阳护体1级;烈阳护体1级：使用内功武学时，根据消耗的真气，获得50%的护盾。（获得护盾上限5万）;25级;
峨嵋临济气功;金顶秘卷1级;金顶秘卷1级：峨嵋武学暴击后10%概率触发绝招（每回合生效一次，最高升至4级）;25级;
峨嵋掌法;事半功倍1级;事半功倍1级：暴击伤害倍数+8%（最高可叠加至5级）;5级;
峨嵋掌法;守心克己1级;守心克己1级：暴击后，降低自身暴击值500点，提升5%的四项基础属性（生命、真气、攻击、防御），可叠加1次（可叠加至5级）;20级;
峨嵋通臂拳;引手入扣;攻击敌人造成[DamageValue]伤害，暴击时附加残废+20;10级;
佛光注照掌;放下屠刀;攻击敌人造成[DamageValue]伤害，暴击时附加定身一回合;10级;
天地四相掌;两仪天地四相掌;攻击敌人造成[DamageValue]伤害，暴击时提升所有队友暴击率10%;10级;
天地四相掌;守心克己1级;守心克己1级：暴击后，降低自身暴击值500点，提升5%的四项基础属性（生命、真气、攻击、防御），可叠加1次（可叠加至5级）;30级;
惩恶棍法;惩恶棍法【触发】;峨嵋派其他武学暴击时，附加本武学攻击一次;5级;
惩恶棍法;事半功倍1级;事半功倍1级：暴击伤害倍数+8%（最高可叠加至5级）;10级;
惩恶棍法;延绵不绝（每次最终伤害+20%）;本武学每使用1次，最终基础伤害+20%（最高提升至400%）;15级;
惩恶棍法;恰中要害1级;恰中要害1级：暴击率+4%（最高可叠加至4级）;20级;
凌风飞渡;恰中要害1级;恰中要害1级：暴击率+4%（最高可叠加至4级）;20级;
凌风飞渡;守心克己1级;守心克己1级：暴击后，降低自身暴击值500点，提升5%的四项基础属性（生命、真气、攻击、防御），可叠加1次（可叠加至5级）;25级;
醉花剑;恰中要害1级;恰中要害1级：暴击率+4%（最高可叠加至4级）;1级;
峨嵋孤绝气功;连环夺命1级;连环夺命1级：连击率+3%（最高可叠加至3级）;5级;
峨嵋孤绝气功;反戈一击1级;反戈一击1级：反击率+6%（最高可叠加至5级）;10级;
峨嵋孤绝气功;汲取生命1级;汲取生命1级：吸血率+3%（最高可叠加至5级）;20级;
峨嵋孤绝气功;金顶秘卷1级;金顶秘卷1级：峨嵋武学暴击后10%概率触发绝招（每回合生效一次，最高升至4级）;30级;
除暴棍法;事半功倍1级;事半功倍1级：暴击伤害倍数+8%（最高可叠加至5级）;1级;
除暴棍法;恰中要害1级;恰中要害1级：暴击率+4%（最高可叠加至4级）;30级;
上逆剑法;事半功倍1级;事半功倍1级：暴击伤害倍数+8%（最高可叠加至5级）;10级;
蓄阳怀柔;绵延不绝1级;绵延不绝1级：连招率+3%（最高可叠加至4级）;5级;
蓄阳怀柔;金顶秘卷1级;金顶秘卷1级：峨嵋武学暴击后10%概率触发绝招（每回合生效一次，最高升至4级）;15级;
蓄阳怀柔;左右逢源1级;左右逢源1级：援护率+3%（最高可叠加至3级）;20级;
蓄阳怀柔;闪转腾挪1级;闪转腾挪1级：闪避率+3%（最高可叠加至3级）;30级;
蚊子腿;真气外放1级;真气外放1级：所有额外消耗真气附加伤害效果，提升为每消耗10点真气附加4点伤害（可叠加至5级）;15级;
开封时局谱;赤手空拳1级;赤手空拳1级：拳法威力百分比+5%（最高可叠加至4级）;10级;
开封时局谱;拳拳生风1级;拳拳生风1级：拳掌伤害+4%（最高可叠加至5级）;25级;
开封时局谱;铸剑蓄力【精力】;每层铸剑蓄力，额外提升2500点真气;30级;
广州时局谱;奇门遁甲1级;奇门遁甲1级：奇门威力百分比+5%（最高可叠加至4级）;15级;
广州时局谱;毒性锻体【减伤】;自身中毒时，受到所有基础伤害-10%;25级;
广州时局谱;奇门术数1级;奇门术数1级：奇门伤害百分比+4%（最高可叠加至5级）;30级;
杭州时局谱;旋风神腿1级;旋风神腿1级：腿法威力百分比+5%（最高可叠加至4级）;10级;
杭州时局谱;余波微震1级;余波微震1级：对多个目标附加负面状态时，其他目标层数是选中目标的20%（初始值为10%，可叠加至5级）;15级;
杭州时局谱;极速无影1级;极速无影1级：腿法伤害百分比+4%（最高可叠加至5级）;25级;
杭州时局谱;剧毒;所有武学攻击目标中毒超过100时，立即对目标及周围3*3敌人造成伤害，伤害为中毒层数*500，并附加中毒+20（每次攻击回合触发一次）;30级;
大理时局谱;破尽万物1级;破尽万物1级：暴击率+3%（最高可叠加至2级）;5级;
大理时局谱;气贯苍穹1级;气贯苍穹1级：内功威力百分比+5%（最高可叠加至4级）;10级;
大理时局谱;连环夺命1级;连环夺命1级：连击率+3%（最高可叠加至3级）;15级;
大理时局谱;先天真气1级;先天真气1级：内功伤害百分比+4%（最高可叠加至5级）;25级;
京城时局谱;气血为盾1级;气血为盾1级：角色在行动回合内对自身造成伤害时，获得伤害值20%的护盾。;5级;
京城时局谱;忽视防御1级;忽视防御1级：忽视防御率+5%（最高可叠加至4级）;10级;
京城时局谱;绵延不绝1级;绵延不绝1级：连招率+3%（最高可叠加至4级）;20级;
京城时局谱;抬棺死战1级;抬棺死战1级：生命值低于50%时，最终基础伤害+5%，且剩余生命值百分比每比50%低5%时，额外增加1%最终伤害（可叠加至3级）;25级;
京城时局谱;绵延不绝1级;绵延不绝1级：连招率+3%（最高可叠加至4级）;30级;
隔山打牛;守心克己1级;守心克己1级：暴击后，降低自身暴击值500点，提升5%的四项基础属性（生命、真气、攻击、防御），可叠加1次（可叠加至5级）;20级;
奉旨乞讨;千手观音掌基础攻击+10;《千手观音掌》攻击时基础攻击提升10%;25级;
登山杖法;登山杖法【直伤】;拥有烈火真气时，龙门镖局奇门武学附加武学等级*500点伤害;15级;
登山杖法;奇门归一1级;奇门归一1级：使用奇门武学时，将非中心目标伤害的30%复制给中心目标，最高不超过中心目标原始伤害的100%。;20级;
扛旗枪法;识破罩门1级;识破罩门1级：攻击暴击时，有20%几率敌人无法进行反弹、反击、识破（可叠加至5级）;15级;
扛旗枪法;扛旗枪法【次数】;拥有烈火真气时，龙门镖局奇门武学攻击次数+1;25级;
托镖长戟;星旗电戟;攻击敌人[DamageCount]次，造成[DamageValue]伤害，自身拥有烈火真气时，威力+50%，每次攻击对中心目标附加破甲+10;10级;
托镖长戟;识破罩门1级;识破罩门1级：攻击暴击时，有20%几率敌人无法进行反弹、反击、识破（可叠加至5级）;20级;
托镖长戟;九曲铁笔【暴击】;自身拥有烈火真气时，龙门镖局奇门武学暴击率+10%;25级;
龙门剑法;龙门剑法【威力】;拥有任意真气时，本武学威力百分比+30%;15级;
烈焰心法;烈焰心法;主动使用《冰火相融决》时，有20%几率获得烈火真气，下2次攻击基础伤害+20%，并且附加内伤+20;10级;
烈焰心法;烈焰心法【进化】;烈火真气效果提升，额外造成基础伤害+10%;10级;
烈焰心法;烈焰心法25;自身拥有烈火真气时，暴击率+10%;25级;
冷心决;冷心决【获得1】;战斗开始时，自动获得寒冰真气几率+10%;5级;
冷心决;冷心决;使用《冰火相融决》时，有20%几率获得寒冰真气，受到下一次攻击基础伤害-20%，并且对攻击者附加减速+20;10级;
冷心决;冷心决【进化】;寒冰真气效果提升，额外附加减速+10;15级;
冷心决;冷心决【获得1】;战斗开始时，自动获得寒冰真气几率+10%;20级;
冷心决;识破罩门1级;识破罩门1级：攻击暴击时，有20%几率敌人无法进行反弹、反击、识破（可叠加至5级）;20级;
炙热心法;炙热心法【获得1】;战斗开始时，自动获得烈火真气几率+10%;5级;
炙热心法;炙热心法;主动使用《冰火相融决》时，有20%几率获得烈火真气，下一次攻击基础伤害+20%，并且附加内伤+20;10级;
炙热心法;炙热心法【进化】;烈火真气效果提升，额外附加内伤+10;15级;
炙热心法;炙热心法【获得1】;战斗开始时，自动获得烈火真气几率+10%;20级;
炙热心法;百花乱拳1级;百花乱拳1级：使用拳掌武学攻击单体目标的时候，20%几率向周围的敌人，进行同样的攻击（每回合最多触发一次，可叠加至5级）;20级;
寒冰诀;奇门归一1级;奇门归一1级：使用奇门武学时，将非中心目标伤害的30%复制给中心目标，最高不超过中心目标原始伤害的100%。;5级;
寒冰诀;寒冰真气;主动使用《冰火相融决》时，有20%几率获得寒冰真气，接下来2次受到基础伤害-20%，并且对攻击者附加减速+20;10级;
寒冰诀;致命追击1级;致命追击1级：每击败一个敌人，行动条前进20%（每回合最多额外前进100%）（可叠加至5级）;15级;
寒冰诀;寒冰真气【进化】;寒冰真气效果提升，受到攻击基础伤害-30%;20级;
寒冰诀;寒冰诀25;自身拥有寒冰真气时，命中率+10%;25级;
冰火相融决;冰火相融决【相融】;使寒冰、烈火真气不会互相冲抵，可同时存在;10级;
冰火相融决;冰火相融绝【获得2】;龙门外功武学施放后，如角色无烈火真气，则增加一层，如角色无寒冰真气，则增加一层（每回合生效一次）;15级;
冰火相融决;冰火相融决【获得3】;施放本武学后，获得寒冰真气1层，烈火真气1层;20级;
冰火相融决;常备不懈1级;常备不懈1级：回合外使用武学时，伤害为回合内使用时60%（初始值为50%，可叠加至5级）;30级;
龙门拳法;本武学：附加力道*2攻击力（拥有任意真气）;自身拥有任意真气时本武学攻击时，基础攻击提升10%;20级;
冰火掌;水火同济;攻击敌人造成[DamageValue]伤害，对目标周围3*3的敌人造成20%的伤害，每命中一个敌人，自身附加坚韧+10;10级;
冰火掌;全*普度众生;普度众生1级：所有拳法杀死目标时，以目标的20%生命值造成全屏伤害（上限100000+我方生命*50%）;15级;
冰火掌;冰火掌20;自身拥有烈火真气时，本武学暴击率+10%自身拥有寒冰真气时，本武学附加减速+10;20级;
冰火掌;本武学：附加力道*3攻击力（拥有任意真气）;自身拥有任意真气时本武学攻击时，基础攻击提升10%;25级;
嵩阳炎冰掌;冰炎叠爆;攻击敌人造成[DamageValue]伤害，对目标周围3*3的敌人造成20%伤害，每命中一个敌人，对首选目标附加内伤+10;10级;
长枪大戟十七式;龙门二十品;攻击敌人[DamageCount]次，造成[DamageValue]伤害，自身拥有烈火真气时，威力+60%，对中心目标附加攻击*20%点额外伤害;10级;
长枪大戟十七式;长枪大戟十七式【击退】;自身拥有烈火真气时，本武学攻击附加进度条击退10%（每回合仅触发一次）;15级;
长枪大戟十七式;奇门归一1级;奇门归一1级：使用奇门武学时，将非中心目标伤害的30%复制给中心目标，最高不超过中心目标原始伤害的100%。;25级;
三式狂澜刀法;致命追击1级;致命追击1级：每击败一个敌人，行动条前进20%（每回合最多额外前进100%）（可叠加至5级）;15级;
三式狂澜刀法;本武学：附加力道*1攻击力（拥有寒冰真气）;自身拥有寒冰真气时，本武学攻击时，基础攻击提升5%;20级;
七式惊涛刀法;致命追击1级;致命追击1级：每击败一个敌人，行动条前进20%（每回合最多额外前进100%）（可叠加至5级）;15级;
十一招风云斩;风云际会;攻击敌人造成[DamageValue]伤害，自身拥有寒冰真气时，威力+55%，攻击后提升基础攻击+10%（可叠加10次）;10级;
十一招风云斩;四十一招风云斩15;自身拥有寒冰真气时，本武学连击率+20%;15级;
十一招风云斩;十一招风云斩25;自身拥有寒冰真气时，本武学对血量低于50%目标基础伤害+10%;25级;
十三路龙吟刀;蛟龙旋尾;攻击敌人造成[DamageValue]伤害，自身拥有寒冰真气时，威力+65%，基础攻击提升20%;10级;
十三路龙吟刀;龙吟三刀15;自身拥有寒冰真气时，本武学吸血率+20%;15级;
十三路龙吟刀;龙吟三刀25;本武学攻击时，消耗所有寒冰真气，每消耗一层，本武学基础伤害+30%;25级;
十三路龙吟刀;龙吟三刀30;自身拥有寒冰真气时，所有刀法武学暴击值+200，伤害倍数+20%;30级;
冰火九重天;全*普度众生;普度众生1级：所有拳法杀死目标时，以目标的20%生命值造成全屏伤害（上限100000+我方生命*50%）;20级;
冰火九重天;百花乱拳1级;百花乱拳1级：使用拳掌武学攻击单体目标的时候，20%几率向周围的敌人，进行同样的攻击（每回合最多触发一次，可叠加至5级）;25级;
狂风剑法;攻击后行动条前进20%;本武学攻击后，行动条前进20%;10级;
狂风剑法;醉逍遥1级;醉逍遥1级：所有多段掌法攻击威力逐次提升1% （最高200%）;25级;
岳女九式剑法;由内及外1级;由内及外1级：使用暗器攻击时，对于小于自身攻击的敌人，附加自身攻击*10%的无视护盾、无视防御直接伤害（可叠加至5级）;20级;
霜氏九式剑法;追心剑;攻击敌人造成[DamageValue]伤害;10级;
霜氏九式剑法;余波微震1级;余波微震1级：对多个目标附加负面状态时，其他目标层数是选中目标的20%（初始值为10%，可叠加至5级）;15级;
三仙夺命连环剑;夺命快剑;随机攻击敌人[DamageCount]次，造成[DamageValue]伤害，附加当前剑法精通伤害，根据剑法精通增加随机攻击次数;10级;
三仙夺命连环剑;破招时50%几率发动本武学，威力百分比+15%（三仙剑）;发生破招时50%几率发动本武学，回合外使用本武学，威力百分比+0.15;20级;
三仙夺命连环剑;无招胜有招1级;无招胜有招1级：所有随机多次武学可攻击单体目标，后续伤害为上一次伤害的60%（初始值为50%，最高提升至5级）;25级;
太华君子剑;太岳三青峰;攻击敌人造成[DamageValue]伤害，附加内伤+30，技能释放前额外提升15%的基础攻击;10级;
太华君子剑;合击时50%几率发动（君子剑）;被呼叫合击时50%几率发动本武学，回合外使用本武学，威力百分比+25%;20级;
九式·求败剑诀;破招时50%几率发动本武学，威力百分比+40%（九剑）;发生破招时50%几率发动本武学，回合外使用本武学，威力百分比+40%;20级;
九式·求败剑诀;无招胜有招1级;无招胜有招1级：所有随机多次武学可攻击单体目标，后续伤害为上一次伤害的60%（初始值为50%，最高提升至5级）;25级;
九式·求败剑诀;随机封印一类外功;攻击时对第一个目标附加封印，不可使用随机一类外功，持续一回合;30级;
混元真气功;常备不懈1级;常备不懈1级：回合外使用武学时，伤害为回合内使用时60%（初始值为50%，可叠加至5级）;10级;
混元真气功;混元真气功30;回合开始时，有10%几率自动获得寒冰真气或烈火真气;25级;
紫云仙体功;高真气伤害提升;真气百分比越高，造成伤害越高，最多+30%;15级;
紫云仙体功;太华紫霞;所有剑法和拳法武学根据消耗的真气造成等量伤害;30级;
华山拳法;真气外放1级;真气外放1级：所有额外消耗真气附加伤害效果，提升为每消耗10点真气附加4点伤害（可叠加至5级）;20级;
伏虎掌;敲山震虎;攻击敌人造成[DamageValue]伤害，对敌附加破甲+20;10级;
伏虎掌;醉逍遥1级;醉逍遥1级：所有多段掌法攻击威力逐次提升1% （最高200%）;25级;
太华混元掌;混元一气;攻击敌人造成[DamageValue]伤害，技能释放前额外提升15%的基础攻击，附加破甲+30;10级;
太华混元掌;常备不懈1级;常备不懈1级：回合外使用武学时，伤害为回合内使用时60%（初始值为50%，可叠加至5级）;20级;
太华混元掌;闪避时50%几率发动本武学，威力百分比+30%（太华混元掌）;自身闪避时50%几率发动本武学，回合外使用本武学，威力百分比+0.3;25级;
四象刀法;无招胜有招1级;无招胜有招1级：所有随机多次武学可攻击单体目标，后续伤害为上一次伤害的60%（初始值为50%，最高提升至5级）;5级;
四象刀法;太极生圆1级;太极生圆1级：使用《太极拳》、《太极剑》主动攻击时，10%概率使攻击范围增加至3*3范围;15级;
四象刀法;抽刀断水1级;抽刀断水1级：刀法伤害百分比+4%（最高可叠加至5级）;20级;
清风心法;真气外放1级;真气外放1级：所有额外消耗真气附加伤害效果，提升为每消耗10点真气附加4点伤害（可叠加至5级）;10级;
清风心法;余波微震1级;余波微震1级：对多个目标附加负面状态时，其他目标层数是选中目标的20%（初始值为10%，可叠加至5级）;25级;
五岳独尊剑法;同气连枝;本武学攻击后25%概率连续释放华山剑法、长生剑法、名剑剑法、龙门剑法各一次（每回合触发一次）;30级;
御风诀;无招胜有招1级;无招胜有招1级：所有随机多次武学可攻击单体目标，后续伤害为上一次伤害的60%（初始值为50%，最高提升至5级）;15级;
御风诀;由内及外1级;由内及外1级：使用暗器攻击时，对于小于自身攻击的敌人，附加自身攻击*10%的无视护盾、无视防御直接伤害（可叠加至5级）;20级;
御风诀;凌波仙子1级;凌波仙子Lv1：回合外受到6次攻击后，闪避率暂时+50%，直到闪避1次后消失 （可叠加至4级）;30级;
幽光剑法;攻击时附加当前真气值1%的伤害;本武学攻击时附加当前真气值*1%的伤害;1级;
御形功;余波微震1级;余波微震1级：对多个目标附加负面状态时，其他目标层数是选中目标的20%（初始值为10%，可叠加至5级）;25级;
御形功;暗器：追加中毒+5;所有暗器武学造成中毒时，额外附加中毒+5;30级;
惊锋掌法;攻击时附加当前真气值2%的伤害;本武学攻击时附加当前真气值*2%的伤害;1级;
先斩后奏;五虎断门刀基础攻击+10;《五虎断门刀》攻击时基础攻击提升10%;1级;
先斩后奏;斩立决;攻击敌人造成[DamageValue]伤害，附加500点的真气燃烧，攻击时基础攻击提升10%;10级;
飞羽枪;飞羽漫天;攻击敌人[DamageCount]次，造成[DamageValue]伤害，自身拥有烈火真气时，威力+60%，对中心目标附加攻击*20%点额外伤害;10级;
飞羽枪;长枪大戟十七式【击退】;自身拥有烈火真气时，本武学攻击附加进度条击退10%（每回合仅触发一次）;25级;
金光交错刀法;一闪而过;攻击敌人造成[DamageValue]伤害，附加内伤+20;10级;
金光交错刀法;本武学：最终伤害+30%（血低伤害高）;生命值越低本武学伤害越高，最高提升30%;20级;
九霄惊雷刀法;霹雳刀;攻击敌人造成[DamageValue]伤害，暴击时附加破甲+30;10级;
九霄惊雷刀法;本武学：最终伤害+50%（目标有护盾）;本武学对有护盾的目标造成的基础伤害+50%;15级;
九霄惊雷刀法;九霄惊雷刀法【绝招】;本武学攻击有护盾的敌人，必定触发绝招，且绝招基础伤害+30%;25级;
银环刀法;白衣教刀法：减速+5;所有白衣教刀法武学附加减速+5;20级;
三劫连环剑;先天劫数;攻击敌人[DamageCount]次，造成[DamageValue]伤害;10级;
三劫连环剑;气血为盾1级;气血为盾1级：角色在行动回合内对自身造成伤害时，获得伤害值20%的护盾。;20级;
三劫连环剑;本武学无视真气护盾，直接攻击生命;本武学无视真气护盾，直接攻击生命;30级;
相思断剑;断红肠;攻击敌人造成[DamageValue]伤害，附加内伤+20;10级;
相思断剑;最终伤害+15（目标有护盾）;本武学攻击有护盾的目标额外造成15%伤害;15级;
破壁神功;破壁神功;主动使用《无咎神功》时，为周围3*3的的队友恢复生命，恢复量为技能使用者的最大生命值*2%;10级;
破壁神功;强化破甲1级;强化破甲1级：使每层破甲的效果提升至防御减少6（敌方受到破甲效果取我方等级最高的效果）（可叠加至5级）;15级;
破壁神功;嗜血追击1级;嗜血追击1级：当敌人生命值低于50%时，我方最终基础伤害+5%，且敌人剩余生命值百分比每比50%低5%时，我方额外增加1%最终伤害（可叠加至3级）;25级;
无誉心法;百发百中1级;百发百中1级：命中率+3%（最高可叠加至5级）;1级;
无誉心法;抬棺死战1级;抬棺死战1级：生命值低于50%时，最终基础伤害+5%，且剩余生命值百分比每比50%低5%时，额外增加1%最终伤害（可叠加至3级）;10级;
无誉心法;遥相呼应1级;遥相呼应1级：合击率+3%（最高可叠加至4级）;15级;
无誉心法;穷击猛打1级;穷击猛打1级：所有武学对减速目标基础伤害+3%（可叠加至5级）;20级;
无誉心法;低血时获得疗伤、调息100层;回合结束时，若生命值与真气值同时低于20%，获得疗伤+100，调息+100（单局只能生效一次）;25级;
无誉心法;气贯苍穹1级;气贯苍穹1级：内功威力百分比+5%（最高可叠加至4级）;30级;
无咎神功;本武学：最终伤害+最大生命值10%（耗血）;本武学攻击时额外消耗最大生命值10%（最高消耗200000生命值），每10点造成5点伤害;1级;
无咎神功;气血为盾1级;气血为盾1级：角色在行动回合内对自身造成伤害时，获得伤害值20%的护盾。;5级;
无咎神功;无咎神功【伤害】;生命值低于30%时，绝招几率+10%，绝招造成基础伤害+30%，施放绝招额外消耗与真气等量的生命值;20级;
无咎神功;抬棺死战1级;抬棺死战1级：生命值低于50%时，最终基础伤害+5%，且剩余生命值百分比每比50%低5%时，额外增加1%最终伤害（可叠加至3级）;25级;
无咎神功;血战到底1级;血战到底1级：所有额外消耗生命值附加伤害效果，提升为每消耗10点生命值附加6点额外伤害（可叠加至5级）;30级;
残玉心法;血海无涯1级;血海无涯1级：血海魔功基础伤害+10%（最高提升至5级）;10级;
残玉心法;嗜血追击1级;嗜血追击1级：当敌人生命值低于50%时，我方最终基础伤害+5%，且敌人剩余生命值百分比每比50%低5%时，我方额外增加1%最终伤害（可叠加至3级）;15级;
残玉心法;白衣教：最终伤害+50% （自身生命值小于50%）;生命值低于50%时，所有白衣教武学造成基础伤害+20%;20级;
残玉心法;全*普度众生;普度众生1级：所有拳法杀死目标时，以目标的20%生命值造成全屏伤害（上限100000+我方生命*50%）;25级;
白莲心法;寒风剑气1级;寒风剑气1级：剑法威力百分比+5%（最高可叠加至4级）;5级;
白莲心法;赤手空拳1级;赤手空拳1级：拳法威力百分比+5%（最高可叠加至4级）;15级;
白莲心法;穷击猛打1级;穷击猛打1级：所有武学对减速目标基础伤害+3%（可叠加至5级）;20级;
三阳灼雨拳;沸水掌;攻击敌人造成[DamageValue]伤害，附加自身强壮+10*目标个数;10级;
排云流火掌;七月流火;攻击敌人造成[DamageValue]伤害，附加流血+20，如目标已有残废，额外附加破甲+20;10级;
排云流火掌;气血为盾1级;气血为盾1级：角色在行动回合内对自身造成伤害时，获得伤害值20%的护盾。;15级;
排云流火掌;本武学无视真气护盾，直接攻击生命;本武学无视真气护盾，直接攻击生命;25级;
逐日元气掌;百丈天光;攻击敌人造成[DamageValue]伤害，附加残废+20;10级;
逐日元气掌;穷击猛打1级;穷击猛打1级：所有武学对减速目标基础伤害+3%（可叠加至5级）;15级;
破风掌;白衣教拳掌：破甲+10;所有白衣教拳掌武学附加破甲+10;20级;
尖冲剑法;白衣教剑法：内伤+5;所有白衣教剑法武学附加内伤+5;20级;
天魔诅咒;天魔诅咒;给随机一个敌方添加怒斥。怒斥：一回合后造成70%最大生命值的真实伤害;1级;
天魔乱舞;天魔乱舞;攻击后额外行动一次，每回合触发一次;1级;
天魔乱舞（专属）;天魔乱舞;攻击后额外行动一次，每回合触发一次;1级;
银环刀法（专属）;刀光剑影1级;刀光剑影1级：刀法威力百分比+5%（最高可叠加至4级）;15级;
银环刀法（专属）;白衣教刀法：减速+5;所有白衣教刀法武学附加减速+5;25级;
银环刀法（专属）;刀光剑影1级;刀光剑影1级：刀法威力百分比+5%（最高可叠加至4级）;30级;
飞雁齐飞功;真气外放1级;真气外放1级：所有额外消耗真气附加伤害效果，提升为每消耗10点真气附加4点伤害（可叠加至5级）;5级;
飞雁齐飞功;剑气破空1级;剑气破空1级：剑法伤害百分比+4%（最高可叠加至5级）;10级;
全真剑法;攻击时附加当前真气值1%的伤害;本武学攻击时附加当前真气值*1%的伤害;1级;
一气化三清;攻击时附加当前真气值1%的伤害;本武学攻击时附加当前真气值*1%的伤害;1级;
纯阳剑法;耗最大12%蓝造成伤害;本武学攻击时附加当前真气值*3%的伤害;1级;
纯阳剑法;归元不二剑;攻击敌人造成[DamageValue]伤害，额外消耗最大真气和生命值10%，造成基础伤害+80%;10级;
纯阳剑法;剑气破空1级;剑气破空1级：剑法伤害百分比+4%（最高可叠加至5级）;25级;
道经·先天功;先天真气1级;先天真气1级：内功伤害百分比+4%（最高可叠加至5级）;5级;
道经·先天功;真气外放1级;真气外放1级：所有额外消耗真气附加伤害效果，提升为每消耗10点真气附加4点伤害（可叠加至5级）;10级;
道经·先天功;所有内功武学：最终伤害+蓝耗;所有内功武学根据消耗的真气附加等量伤害;20级;
道经·先天功;气贯苍穹1级;气贯苍穹1级：内功威力百分比+5%（最高可叠加至4级）;30级;
昊天掌;攻击时附加当前真气值1%的伤害;本武学攻击时附加当前真气值*1%的伤害;1级;
昊天掌;百花乱拳1级;百花乱拳1级：使用拳掌武学攻击单体目标的时候，20%几率向周围的敌人，进行同样的攻击（每回合最多触发一次，可叠加至5级）;10级;
天地人三清掌;攻击时附加当前真气值2%的伤害;本武学攻击时附加当前真气值*2%的伤害;1级;
天地人三清掌;履霜破冰;攻击敌人造成[DamageValue]伤害，自身获得调息+30;10级;
五气朝元掌;攻击时附加当前真气值2%的伤害;本武学攻击时附加当前真气值*2%的伤害;1级;
五气朝元掌;心神合一;攻击敌人造成[DamageValue]伤害，附加残废+20;10级;
纯阳拳法;耗最大15%蓝造成伤害;本武学攻击时附加当前真气值*4%的伤害;1级;
纯阳拳法;妙手空空;攻击敌人造成[DamageValue]伤害，附加残废+20;10级;
纯阳拳法;百花乱拳1级;百花乱拳1级：使用拳掌武学攻击单体目标的时候，20%几率向周围的敌人，进行同样的攻击（每回合最多触发一次，可叠加至5级）;25级;
温暖弱化版;立即行动;被创建后立即开始行动;1级;
温暖弱化版;周伯通行动控制弱化版;队友方进行治疗，眩晕王翼一回合;1级;
天罡北斗阵;天罡北斗阵;登场召唤一个全真道士;1级;
天罡北斗阵;召唤弟子体质-金;增加本武学召唤出来的弟子的生命;10级;
天罡北斗阵;3*3队友：精力+5%;自身周围3*3范围内的队友，真气+5%（不可叠加）;15级;
天罡北斗阵;天罡北斗阵20;召唤的全真道士死亡时，自身恢复20%生命和真气;20级;
天罡北斗阵;天罡北斗阵30;所有阵法召唤的角色，闪避率+5%（不可叠加）;30级;
观天心法;百花乱拳1级;百花乱拳1级：使用拳掌武学攻击单体目标的时候，20%几率向周围的敌人，进行同样的攻击（每回合最多触发一次，可叠加至5级）;5级;
观天心法;气贯苍穹1级;气贯苍穹1级：内功威力百分比+5%（最高可叠加至4级）;10级;
观天心法;低真气时真气回复提高;真气低于50%时，真气回复+50%;20级;
观天心法;真气外放1级;真气外放1级：所有额外消耗真气附加伤害效果，提升为每消耗10点真气附加4点伤害（可叠加至5级）;25级;
道剑;剑气破空1级;剑气破空1级：剑法伤害百分比+4%（最高可叠加至5级）;10级;
白玉阵法;白玉阵法;每2个回合开始时召唤3个白衣教弟子;1级;
白玉阵法弱化版;白玉阵法弱化版;每2个回合开始时召唤3个白衣教弟子;1级;
白衣教蓄力-小;白衣教小蓄力（仇不均盯人）;对某个目标使出，下个回合，临时力道+100%，以该角色为目标使出《逐日元气掌》;1级;
白衣教蓄力-小;白衣教小蓄力（仇不均攻击）;力道提升100%，目标释放逐日元气掌;1级;
白衣教蓄力-小;技能使用限制;奇数回合不能使用蓄力，进行轮流蓄力;1级;
白衣教蓄力-大（专属）;白衣教大蓄力;获得生命*50%的护盾，跳跃到场地中央，蓄到第三回合后，临时攻击+200%，对7X5范围内所有目标使出《逐日元气掌》，对7X5范围内所有目标使出《逐日元气掌》;1级;
白衣教蓄力-大（专属）;白衣教大蓄力-攻击;白衣教大蓄力-攻击;1级;
白衣教蓄力-大（专属）;大蓄力-破盾;护盾被打破时蓄力中断;1级;
白衣教蓄力-大;白衣教大蓄力弱化版;白衣教大蓄力弱化版;1级;
白衣教蓄力-大;白衣教大蓄力-攻击;白衣教大蓄力-攻击;1级;
白衣教蓄力-大;大蓄力-破盾;护盾被打破时蓄力中断;1级;
踏雪无痕;绵延不绝1级;绵延不绝1级：连招率+3%（最高可叠加至4级）;1级;
踏雪无痕;嗜血追击1级;嗜血追击1级：当敌人生命值低于50%时，我方最终基础伤害+5%，且敌人剩余生命值百分比每比50%低5%时，我方额外增加1%最终伤害（可叠加至3级）;5级;
踏雪无痕;极速无影1级;极速无影1级：腿法伤害百分比+4%（最高可叠加至5级）;25级;
白玉阵法;白玉阵法;登场召唤一个白衣教护卫;1级;
白玉阵法;抬棺死战1级;抬棺死战1级：生命值低于50%时，最终基础伤害+5%，且剩余生命值百分比每比50%低5%时，额外增加1%最终伤害（可叠加至3级）;5级;
白玉阵法;被攻击后恢复自身5%生命值（召唤物）;进入战斗后，为所有召唤单位添加一层白衣守护，使其受到伤害后恢复自身生命5%的护盾（每回合最多生效2次）;10级;
白玉阵法;杏林高手1级;杏林高手1级：医术治疗+4%（最高可叠加至5级）;25级;
白玉阵法;白玉阵法挡刀致命一击;若白衣教护卫在场，当召唤者受到致命一击时会替主人抵挡本次伤害（无视距离，每场战斗生效一次）;30级;
红尘一笑;召唤单位死亡爆炸;我方所有召唤单位退场时，对攻击者造成召唤单位生命*40%的伤害（本角色存活时生效）;10级;
红尘一笑;召唤单位援护1级;释放本技能时，可为我方所有召唤单位添加援护防御1层，持续1回合;15级;
红尘一笑;红尘一笑·攻迅防升级;释放本技能时，随机强化我方所有召唤单位的攻击、防御、行动速度，效果持续1回合;20级;
红尘一笑;召唤单位援护3级;释放本技能时，可为我方所有召唤单位添加援护防御3层，持续1回合;25级;
红尘一笑;召唤单位死亡时，释放此技能;我方召唤单位退场时，必定触发一次该技能（本单位存活时生效）;30级;
冷霜剑法;本武学：最终伤害+30%（对其他性别）;本武学对其他性别角色造成基础伤害+30%;10级;
冷霜剑法;多段剑法1级;多段剑法1级：以30%几率增加玄机门多段剑法的攻击段数，最多1次（可叠加至5级）;25级;
绣花心法;百花乱拳1级;百花乱拳1级：使用拳掌武学攻击单体目标的时候，20%几率向周围的敌人，进行同样的攻击（每回合最多触发一次，可叠加至5级）;5级;
绣花心法;低真气时真气回复提高;真气低于50%时，真气回复+50%;20级;
绣花心法;真气外放1级;真气外放1级：所有额外消耗真气附加伤害效果，提升为每消耗10点真气附加4点伤害（可叠加至5级）;30级;
清幽腿法;本武学伤害后真气燃烧：伤害5%;本武学攻击附加伤害*5%的真气燃烧;15级;
催命煞针;真·穿针引线1级;穿针引线1级：暗器武学攻击附加“漫天花雨”状态，状态可叠加5层，每层使其受到暗器招式攻击时基础伤害+3%（可叠加至5级）;1级;
风流蝶刺;锥心透骨1级;锥心透骨1级：暗器武学暴击时，20%几率追加一次穿心透骨（每回合最多追加1次）（可叠加至5级）;1级;
风流蝶刺;本武学：最终伤害+最大生命值的2%;本武学攻击时额外消耗最大生命值的2%（最高消耗20000生命值），每10点造成5点伤害;10级;
猴拳;齐天大圣;攻击敌人造成[DamageValue]伤害，技能释放前额外提升15%的基础攻击，附加破甲+30;10级;
猴拳;闪避时50%几率发动本武学，威力百分比+30%（太华混元掌）;自身闪避时50%几率发动本武学，回合外使用本武学，威力百分比+0.3;25级;
白露剑;一方伊人;攻击敌人造成[DamageValue]伤害;10级;
驾鹤;西去;随机攻击敌人[DamageCount]次，造成[DamageValue]伤害，附加当前剑法精通伤害，根据剑法精通增加随机攻击次数;10级;
驾鹤;无招胜有招1级;无招胜有招1级：所有随机多次武学可攻击单体目标，后续伤害为上一次伤害的60%（初始值为50%，最高提升至5级）;25级;
冬阴功;阴人1级;阴人1级：内力阴性+10，使用阴性武学（武学只有阴性系数）时基础伤害+10%（可叠加至5级）;5级;
蕴冰心决;奇门归一1级;奇门归一1级：使用奇门武学时，将非中心目标伤害的30%复制给中心目标，最高不超过中心目标原始伤害的100%。;1级;
蕴冰心决;寒冰真气;主动使用《冰火相融决》时，有20%几率获得寒冰真气，接下来2次受到基础伤害-20%，并且对攻击者附加减速+20;10级;
蕴冰心决;寒冰真气【进化】;寒冰真气效果提升，受到攻击基础伤害-30%;20级;
蕴冰心决;寒冰诀25;自身拥有寒冰真气时，命中率+10%;25级;
蕴冰心决;致命追击1级;致命追击1级：每击败一个敌人，行动条前进20%（每回合最多额外前进100%）（可叠加至5级）;30级;
碧潮玉箫;醉逍遥1级;醉逍遥1级：所有多段掌法攻击威力逐次提升1% （最高200%）;1级;
温暖;立即行动;被创建后立即开始行动;1级;
温暖;周伯通行动控制;队友方进行治疗，眩晕王翼一回合;1级;
水中行;余波微震1级;余波微震1级：对多个目标附加负面状态时，其他目标层数是选中目标的20%（初始值为10%，可叠加至5级）;20级;
水中行;撕裂伤口1级;撕裂伤口1级：所有武学对流血状态的敌人造成基础伤害+3%（可叠加至5级）;25级;
水中行;极速无影1级;极速无影1级：腿法伤害百分比+4%（最高可叠加至5级）;30级;
孝女剑;合击时有50%概率发动本武学;合击时有50%概率发动本武学;1级;
慈父剑;合击时有50%概率发动本武学;合击时有50%概率发动本武学;1级;
无情镖;技能释放后提升反弹倍数（白-橙）;本武学释放后为自身附加1层反弹·初"状态，该状态可提升自身20%反弹倍数，自身被攻击3次后该状态消失"（自身行动开始时清空上回合添加的反弹状态）;1级;
严刑刀法;铁面无情刀;攻击敌人造成[DamageValue]伤害，如果对方残废超过80，则附加眩晕1回合;10级;
严刑刀法;致命追击1级;致命追击1级：每击败一个敌人，行动条前进20%（每回合最多额外前进100%）（可叠加至5级）;25级;
严刑刀法;技能释放后提升反弹倍数（白-橙）;本武学释放后为自身附加1层反弹·初"状态，该状态可提升自身20%反弹倍数，自身被攻击3次后该状态消失"（自身行动开始时清空上回合添加的反弹状态）;1级;
随鱼跃;真气外放1级;真气外放1级：所有额外消耗真气附加伤害效果，提升为每消耗10点真气附加4点伤害（可叠加至5级）;5级;
随鱼跃;剑气破空1级;剑气破空1级：剑法伤害百分比+4%（最高可叠加至5级）;10级;
烈阳刀大法;本武学：流血、残废+10，暴击时伤害+30%、残废+10;本武学对目标附加流血+10、残废+10，暴击时基础伤害+30%，额外附加残废+10;15级;
烈阳刀大法;致命追击1级;致命追击1级：每击败一个敌人，行动条前进20%（每回合最多额外前进100%）（可叠加至5级）;30级;
烈阳刀大法;技能释放后提升反弹倍数（金）;本武学释放后为自身附加1层反弹·极"状态，该状态可提升自身25%反弹倍数，自身被攻击3次后该状态消失"（自身行动开始时清空上回合添加的反弹状态）;1级;
禁军枪术;本武学：最终伤害+武学等级*500;本武学攻击附加武学等级*500点伤害;20级;
禁军枪术;技能释放后提升反弹倍数（白-橙）;本武学释放后为自身附加1层反弹·初"状态，该状态可提升自身20%反弹倍数，自身被攻击3次后该状态消失"（自身行动开始时清空上回合添加的反弹状态）;1级;
金钩枪术;枪挑一条线;攻击敌人造成[DamageValue]伤害，10%几率眩晕敌人1回合;10级;
金钩枪术;八门金锁棍20->本武学;本武学攻击单位越少，威力越高;20级;
金钩枪术;奇门归一1级;奇门归一1级：使用奇门武学时，将非中心目标伤害的30%复制给中心目标，最高不超过中心目标原始伤害的100%。;25级;
金钩枪术;技能释放后提升反弹倍数（白-橙）;本武学释放后为自身附加1层反弹·初"状态，该状态可提升自身20%反弹倍数，自身被攻击3次后该状态消失"（自身行动开始时清空上回合添加的反弹状态）;1级;
铁布衫;援护防御1级;援护防御1级：周围3*3队友受到攻击时，有20%几率援护防御，以自身防御分担20%伤害（可提升至5级）;10级;
铁布衫;金刚不坏1级;金刚不坏1级：进入战斗第一次受到主动攻击时基础伤害-30%（可叠加至5级）;15级;
铁布衫;受到拳掌攻击减伤5%;受到拳掌攻击减伤5%;20级;
烈阳神功;烈阳护体;自身受到攻击后25%几率获得烈阳护体状态：受到基础伤害-70%且各项负面状态抗性+50，持续1回合（自身已有烈阳护体时不再重复触发）;15级;
烈阳神功;烈阳神功【叠加绝招概率】;每掌握一门少林、武当、峨嵋烈阳功，《烈阳神功》绝招触发概率+5%;20级;
烈阳神功;烈阳护体1级;烈阳护体1级：使用内功武学时，根据消耗的真气，获得50%的护盾。（获得护盾上限5万）;25级;
烈阳神功;绝对防御1级;绝对防御1级：每次受击后（包含援护防御受击），自身获得绝对防御状态（可叠加5层），受到攻击减少最终伤害，值为真气*2%+1000点（可叠加至5级）;30级;
烈阳神功;技能释放后提升反弹倍数（暗金）;本武学释放后为自身附加1层反弹·狂"状态，该状态可提升自身30%反弹倍数，自身被攻击3次后该状态消失"（自身行动开始时清空上回合添加的反弹状态）;1级;
四书五经精选集;金刚不坏1级;金刚不坏1级：进入战斗第一次受到主动攻击时基础伤害-30%（可叠加至5级）;15级;
烈阳真气;烈阳真气【伤害】;本武学攻击后获得烈阳真气，使下次攻击造成基础伤害+50%，吸血率+50%;10级;
烈阳真气;绝对防御1级;绝对防御1级：每次受击后（包含援护防御受击），自身获得绝对防御状态（可叠加5层），受到攻击减少最终伤害，值为真气*2%+1000点（可叠加至5级）;15级;
烈阳真气;援护防御1级;援护防御1级：周围3*3队友受到攻击时，有20%几率援护防御，以自身防御分担20%伤害（可提升至5级）;20级;
烈阳真气;烈阳真气【进化】;烈阳真气效果提升，额外造成基础伤害+50%，吸血率+50%;25级;
烈阳真气;技能释放后提升反弹倍数（白-橙）;本武学释放后为自身附加1层反弹·初"状态，该状态可提升自身20%反弹倍数，自身被攻击3次后该状态消失"（自身行动开始时清空上回合添加的反弹状态）;1级;
八门金锁棍;锁心阵;攻击敌人造成[DamageValue]伤害，并将他们吸附到1格位置;10级;
八门金锁棍;八门金锁棍20->本武学;本武学攻击单位越少，威力越高;20级;
八门金锁棍;所有官府：最终伤害+奇门精通*3;所有官府奇门武学攻击时附加奇门精通*3点额外伤害;25级;
八门金锁棍;技能释放后提升反弹倍数（白-橙）;本武学释放后为自身附加1层反弹·初"状态，该状态可提升自身20%反弹倍数，自身被攻击3次后该状态消失"（自身行动开始时清空上回合添加的反弹状态）;1级;
护卫拳法;本武学伤害后真气燃烧：伤害5%;本武学攻击附加伤害*5%的真气燃烧;15级;
护卫拳法;技能释放后提升反弹倍数（白-橙）;本武学释放后为自身附加1层反弹·初"状态，该状态可提升自身20%反弹倍数，自身被攻击3次后该状态消失"（自身行动开始时清空上回合添加的反弹状态）;1级;
烈阳强身拳;本武学伤害后真气燃烧：伤害6%;本武学攻击附加伤害*6%的真气燃烧;20级;
烈阳强身拳;援护防御1级;援护防御1级：周围3*3队友受到攻击时，有20%几率援护防御，以自身防御分担20%伤害（可提升至5级）;25级;
烈阳强身拳;技能释放后提升反弹倍数（白-橙）;本武学释放后为自身附加1层反弹·初"状态，该状态可提升自身20%反弹倍数，自身被攻击3次后该状态消失"（自身行动开始时清空上回合添加的反弹状态）;1级;
西洋万花拳;赤手空拳1级;赤手空拳1级：拳法威力百分比+5%（最高可叠加至4级）;15级;
西洋万花拳;拳拳生风1级;拳拳生风1级：拳掌伤害+4%（最高可叠加至5级）;25级;
烈阳疗伤术;技能释放后提升反弹倍数（白-橙）;本武学释放后为自身附加1层反弹·初"状态，该状态可提升自身20%反弹倍数，自身被攻击3次后该状态消失"（自身行动开始时清空上回合添加的反弹状态）;1级;
烈阳疗伤术;本武学：治疗后加内劲*2护盾;施放本武学后，目标额外增加生命*2%的护盾;20级;
烈阳疗伤术;烈阳护体1级;烈阳护体1级：使用内功武学时，根据消耗的真气，获得50%的护盾。（获得护盾上限5万）;25级;
三阳神拳;本武学伤害后真气燃烧：伤害7%;本武学攻击附加伤害*7%的真气燃烧;25级;
三阳神拳;越战越勇1级;越战越勇1级：每击败一个敌人，自身基础伤害+3%（上限为10%）;25级;
三阳神拳;技能释放后提升反弹倍数（白-橙）;本武学释放后为自身附加1层反弹·初"状态，该状态可提升自身20%反弹倍数，自身被攻击3次后该状态消失"（自身行动开始时清空上回合添加的反弹状态）;1级;
六相大力功;援护防御1级;援护防御1级：周围3*3队友受到攻击时，有20%几率援护防御，以自身防御分担20%伤害（可提升至5级）;10级;
六相大力功;援护后强壮+30;援护防护后，对自身及周围3*3队友，都施加强壮+30;15级;
六相大力功;绝对防御1级;绝对防御1级：每次受击后（包含援护防御受击），自身获得绝对防御状态（可叠加5层），受到攻击减少最终伤害，值为真气*2%+1000点（可叠加至5级）;30级;
六相大力功;技能释放后提升反弹倍数（金）;本武学释放后为自身附加1层反弹·极"状态，该状态可提升自身25%反弹倍数，自身被攻击3次后该状态消失"（自身行动开始时清空上回合添加的反弹状态）;1级;
秘奥义·三阳合一;技能释放后提升反弹倍数（白-橙）;本武学释放后为自身附加1层反弹·初"状态，该状态可提升自身20%反弹倍数，自身被攻击3次后该状态消失"（自身行动开始时清空上回合添加的反弹状态）;1级;
烈阳纯火刀;致命追击1级;致命追击1级：每击败一个敌人，行动条前进20%（每回合最多额外前进100%）（可叠加至5级）;30级;
烈阳纯火刀;技能释放后提升反弹倍数（金）;本武学释放后为自身附加1层反弹·极"状态，该状态可提升自身25%反弹倍数，自身被攻击3次后该状态消失"（自身行动开始时清空上回合添加的反弹状态）;1级;
霹雳烈阳掌;大霹雳;攻击敌人造成[DamageValue]伤害;10级;
霹雳烈阳掌;强化残废1级;强化残废1级：使每层残废的效果提升至最终伤害减少150（敌方受到残废效果取我方等级最高的效果）（可叠加至5级）;20级;
霹雳烈阳掌;本武学伤害后真气燃烧：伤害8%;本武学攻击附加伤害*8%的真气燃烧;25级;
霹雳烈阳掌;越战越勇1级;越战越勇1级：每击败一个敌人，自身基础伤害+3%（上限为10%）;30级;
霹雳烈阳掌;技能释放后提升反弹倍数（暗金）;本武学释放后为自身附加1层反弹·狂"状态，该状态可提升自身30%反弹倍数，自身被攻击3次后该状态消失"（自身行动开始时清空上回合添加的反弹状态）;1级;
衙门刀法;技能释放后提升反弹倍数（白-橙）;本武学释放后为自身附加1层反弹·初"状态，该状态可提升自身20%反弹倍数，自身被攻击3次后该状态消失"（自身行动开始时清空上回合添加的反弹状态）;1级;
秘奥义·威严刀法;技能释放后提升反弹倍数（白-橙）;本武学释放后为自身附加1层反弹·初"状态，该状态可提升自身20%反弹倍数，自身被攻击3次后该状态消失"（自身行动开始时清空上回合添加的反弹状态）;1级;
秘奥义·梨花枪;技能释放后提升反弹倍数（白-橙）;本武学释放后为自身附加1层反弹·初"状态，该状态可提升自身20%反弹倍数，自身被攻击3次后该状态消失"（自身行动开始时清空上回合添加的反弹状态）;1级;
追魂掌;技能释放后提升反弹倍数（白-橙）;本武学释放后为自身附加1层反弹·初"状态，该状态可提升自身20%反弹倍数，自身被攻击3次后该状态消失"（自身行动开始时清空上回合添加的反弹状态）;1级;
追魂掌;强化残废1级;强化残废1级：使每层残废的效果提升至最终伤害减少150（敌方受到残废效果取我方等级最高的效果）（可叠加至5级）;30级;
杨家枪法;青龙偃月阵;攻击敌人造成[DamageValue]伤害，攻击后获得减伤70%状态，持续1回合;15级;
杨家枪法;奇门归一1级;奇门归一1级：使用奇门武学时，将非中心目标伤害的30%复制给中心目标，最高不超过中心目标原始伤害的100%。;20级;
杨家枪法;破甲雁形阵;攻击敌人造成[DamageValue]伤害，攻击后行动条前进80%;20级;
杨家枪法;杨家枪法30;奇门武学攻击单位越少，威力越高;30级;
杨家枪法;技能释放后提升反弹倍数（暗金）;本武学释放后为自身附加1层反弹·狂"状态，该状态可提升自身30%反弹倍数，自身被攻击3次后该状态消失"（自身行动开始时清空上回合添加的反弹状态）;1级;
金刚不坏功;金刚不坏1级;金刚不坏1级：进入战斗第一次受到主动攻击时基础伤害-30%（可叠加至5级）;10级;
金刚不坏功;烈阳护体1级;烈阳护体1级：使用内功武学时，根据消耗的真气，获得50%的护盾。（获得护盾上限5万）;20级;
金刚不坏功;援护后+护盾;援护后，对自身及周围3*3队友附加生命*3%的护盾;25级;
生意经;奇门术数1级;奇门术数1级：奇门伤害百分比+4%（最高可叠加至5级）;10级;
生意经;奇门归一1级;奇门归一1级：使用奇门武学时，将非中心目标伤害的30%复制给中心目标，最高不超过中心目标原始伤害的100%。;20级;
胸口碎大石;援护防御1级;援护防御1级：周围3*3队友受到攻击时，有20%几率援护防御，以自身防御分担20%伤害（可提升至5级）;1级;
胸口碎大石;金刚不坏1级;金刚不坏1级：进入战斗第一次受到主动攻击时基础伤害-30%（可叠加至5级）;15级;
胸口碎大石;反弹龟甲1级;反弹龟甲1级：反弹率+4%（最高可叠加至4级）;20级;
胸口碎大石;专注防守1级;专注防守1级：暴击抵抗率+3%（最高可叠加至4级）;25级;
胸口碎大石;受到拳掌攻击减伤5%;受到拳掌攻击减伤5%;30级;
百味谱;事半功倍1级;事半功倍1级：暴击伤害倍数+8%（最高可叠加至5级）;5级;
百味谱;反戈一击1级;反戈一击1级：反击率+6%（最高可叠加至5级）;10级;
百味谱;金刚不坏1级;金刚不坏1级：进入战斗第一次受到主动攻击时基础伤害-30%（可叠加至5级）;15级;
百味谱;绵延不绝1级;绵延不绝1级：连招率+3%（最高可叠加至4级）;20级;
百味谱;破尽万物1级;破尽万物1级：暴击率+3%（最高可叠加至2级）;25级;
五福到;烈阳护体1级;烈阳护体1级：使用内功武学时，根据消耗的真气，获得50%的护盾。（获得护盾上限5万）;25级;
锦云诀;潮落潮生1级;潮落潮生1级：当真气低于5%时，立即恢复至30%，一局生效一次（可叠加至3级）;5级;
玄阴狂爪;本武学：最终伤害+最大生命值5%（耗血）;本武学攻击时额外消耗最大生命值5%（最高消耗100000生命值），每10点造成5点伤害;10级;
玄阴狂爪;白骨爪;攻击敌人造成[DamageValue]伤害，附加破甲+20;15级;
销魂一腿;真·百里挑一1级;百里挑一1级：使用腿法武学攻击目标时，20%几率对其中一个敌人额外进行一次攻击（可叠加至5级）;20级;
销魂一刀;五虎断门刀基础攻击+10;《五虎断门刀》攻击时基础攻击提升10%;10级;
销魂一刀;抽刀断水1级;抽刀断水1级：刀法伤害百分比+4%（最高可叠加至5级）;15级;
销魂一拳;本武学伤害后真气燃烧：伤害6%;本武学攻击附加伤害*6%的真气燃烧;15级;
销魂一剑;多段剑法1级;多段剑法1级：以30%几率增加玄机门多段剑法的攻击段数，最多1次（可叠加至5级）;10级;
芊剑;最终伤害+15（目标有护盾）;本武学攻击有护盾的目标额外造成15%伤害;20级;
上阕蝶恋花;专注防守1级;专注防守1级：暴击抵抗率+3%（最高可叠加至4级）;20级;
下阕蝶恋花;专注防守1级;专注防守1级：暴击抵抗率+3%（最高可叠加至4级）;20级;
武当独秀掌;技能：武当反击（初）;本武学主动攻击后自身反击率增加20%，持续一回合，被攻击3次后，本效果新增的反击率消失;1级;
武当独秀掌;武当无极;本武学反击时，可触发无极效果。无极：反击时，将本次受到伤害的20%附加到伤害中，无极附加的伤害上限为20000点;30级;
除恶剑法;合击时有50%概率发动本武学;合击时有50%概率发动本武学;10级;
守门刀;致命追击1级;致命追击1级：每击败一个敌人，行动条前进20%（每回合最多额外前进100%）（可叠加至5级）;15级;
货郎拳;全*普度众生;普度众生1级：所有拳法杀死目标时，以目标的20%生命值造成全屏伤害（上限100000+我方生命*50%）;30级;
莫生气;潮落潮生1级;潮落潮生1级：当真气低于5%时，立即恢复至30%，一局生效一次（可叠加至3级）;10级;
莫生气;绝对防御1级;绝对防御1级：每次受击后（包含援护防御受击），自身获得绝对防御状态（可叠加5层），受到攻击减少最终伤害，值为真气*2%+1000点（可叠加至5级）;20级;
石灰纷飞;本武学：命中降低10%（持续1回合）;本武学降低目标命中率10%，持续1回合;15级;
石灰纷飞;本武学攻击后为敌人附加减速+10;本武学攻击后为敌人附加减速+10;25级;
袖里乾坤;强化弹射1级;强化弹射1级：暗器弹射时，威力为上一次的80%（初始值为70%，可叠加至5级）;1级;
袖里乾坤;50%几率攻击3排目标;本武学攻击时有50%几率攻击3排目标;15级;
袖里乾坤;余波微震1级;余波微震1级：对多个目标附加负面状态时，其他目标层数是选中目标的20%（初始值为10%，可叠加至5级）;30级;
情意绵绵剑法;合击时有50%概率发动本武学;合击时有50%概率发动本武学;10级;
情意绵绵剑法;由内及外1级;由内及外1级：使用暗器攻击时，对于小于自身攻击的敌人，附加自身攻击*10%的无视护盾、无视防御直接伤害（可叠加至5级）;30级;
烈焰刀法·真;赤火烈焰;攻击敌人造成[DamageValue]伤害;10级;
烈焰刀法·真;本武学攻击后为敌人附加减速+10;本武学攻击后为敌人附加减速+10;20级;
烈焰刀法·真;本武学对减速的敌人伤害+20%;本武学对减速的敌人伤害+20%;25级;
庖丁刀法;越战越勇1级;越战越勇1级：每击败一个敌人，自身基础伤害+3%（上限为10%）;1级;
老牛腿法;龙行天下;使用腿法武学攻击后额外行动一次，一局只触发一次;5级;
老牛腿法;真·百里挑一1级;百里挑一1级：使用腿法武学攻击目标时，20%几率对其中一个敌人额外进行一次攻击（可叠加至5级）;15级;
打狗棍法·仿;奇门归一1级;奇门归一1级：使用奇门武学时，将非中心目标伤害的30%复制给中心目标，最高不超过中心目标原始伤害的100%。;20级;
打狗棍法·仿;识破罩门1级;识破罩门1级：攻击暴击时，有20%几率敌人无法进行反弹、反击、识破（可叠加至5级）;30级;
龟息神功;气贯苍穹1级;气贯苍穹1级：内功威力百分比+5%（最高可叠加至4级）;15级;
龟息神功;穿云裂石1级;穿云裂石1级：所有武学攻击真气为0的角色时，基础伤害+10%（可叠加至5级）;20级;
龟息神功;强化弹射1级;强化弹射1级：暗器弹射时，威力为上一次的80%（初始值为70%，可叠加至5级）;25级;
龟息神功;援护防御1级;援护防御1级：周围3*3队友受到攻击时，有20%几率援护防御，以自身防御分担20%伤害（可提升至5级）;30级;
卧溪浣泥;本武学：治疗后解除基础负面状态40;本武学造成治疗后解除基础六个基础负面状态各40层;30级;
七秒绝射;七秒绝射攻击次数+1;本武学可额外攻击一名敌人;10级;
七秒绝射;日月万光神针破甲+5;使用《日月万光神针》时附加破甲+5;15级;
七秒绝射;真·穿针引线1级;穿针引线1级：暗器武学攻击附加“漫天花雨”状态，状态可叠加5层，每层使其受到暗器招式攻击时基础伤害+3%（可叠加至5级）;25级;
一个大巴掌;致命铁拳;攻击敌人造成[DamageValue]伤害，并将敌人击退5格;5级;
一个大巴掌;全*普度众生;普度众生1级：所有拳法杀死目标时，以目标的20%生命值造成全屏伤害（上限100000+我方生命*50%）;15级;
一个大巴掌;生气状态下100%概率追加致命铁拳;自身被攻击时，进入生气状态。生气状态下100%概率触发绝招致命铁拳;25级;
一个大巴掌;本武学：附加力道*3攻击力（拥有任意真气）;自身拥有任意真气时本武学攻击时，基础攻击提升10%;30级;
独步江湖剑法;破招时50%几率发动本武学（独步江湖剑法）;发生破招时50%几率发动本武学;15级;
独步江湖剑法;无招胜有招1级;无招胜有招1级：所有随机多次武学可攻击单体目标，后续伤害为上一次伤害的60%（初始值为50%，最高提升至5级）;30级;
玄阴真经;闪转腾挪1级;闪转腾挪1级：闪避率+3%（最高可叠加至3级）;1级;
玄阴真经;层峰叠浪1级;层峰叠浪1级：追加攻击时，附加负面状态层数为首次攻击的20%（初始值为10%，可叠加至5级）;10级;
玄阴真经;追加20%减益buff;所有武学造成的负面状态（流血、中毒、破甲、减速、内伤、残废）层数提高20%;20级;
玄阴真经;恰中要害1级;恰中要害1级：暴击率+4%（最高可叠加至4级）;30级;
阳神出游;烈阳护体1级;烈阳护体1级：使用内功武学时，根据消耗的真气，获得50%的护盾。（获得护盾上限5万）;15级;
阳神出游;真·百里挑一1级;百里挑一1级：使用腿法武学攻击目标时，20%几率对其中一个敌人额外进行一次攻击（可叠加至5级）;20级;
阳神出游;余波微震1级;余波微震1级：对多个目标附加负面状态时，其他目标层数是选中目标的20%（初始值为10%，可叠加至5级）;25级;
破空爪;撕裂伤口1级;撕裂伤口1级：所有武学对流血状态的敌人造成基础伤害+3%（可叠加至5级）;1级;
破空爪;真气燃烧：伤害值50%;本武学攻击时威力+24%，攻击后造成伤害值50%的真气燃烧效果（最多造成50000点）;25级;
澄正剑法;本武学：最终伤害+最大生命值3%（耗血）;本武学攻击时额外消耗最大生命值的3%（最高消耗50000生命值），每10点造成5点伤害;10级;
一掷千金;本武学：暴击伤害+20%;本武学暴击时基础伤害+20%;20级;
一掷千金;本武学：最终伤害+20%（目标中毒）;本武学攻击中毒目标时，造成基础伤害+20%;25级;
一掷千金;断魂离愁1级;断魂离愁1级：暗器威力百分比+5%（最高可叠加至4级）;30级;
基础武学-棍法;普通棍法【触发.合击】;合击【唯一被动】：合击时以本武学替代普通攻击;1级;
祝福值机制武学;闪避祝福;闪避祝福;1级;
祝福值机制武学;暴击祝福;暴击祝福;1级;
祝福值机制武学;绝招祝福;绝招祝福;1级;
祝福值机制武学;奥义祝福;奥义祝福;1级;
祝福值机制武学;破招祝福;破招祝福;1级;
祝福值机制武学;连招祝福;连招祝福;1级;
祝福值机制武学;连击祝福;连击祝福;1级;
祝福值机制武学;合击祝福;合击祝福;1级;
祝福值机制武学;反击祝福;反击祝福;1级;
摧坚神爪;本武学：最终伤害+最大生命值的2%;本武学攻击时额外消耗最大生命值的2%（最高消耗20000生命值），每10点造成5点伤害;10级;
摧坚神爪;撕裂伤口1级;撕裂伤口1级：所有武学对流血状态的敌人造成基础伤害+3%（可叠加至5级）;25级;
玄阴神爪;神魔爪;攻击敌人造成[DamageValue]伤害，附加流血+20;10级;
玄阴神爪;本武学：最终伤害+最大生命值10%（耗血）;本武学攻击时额外消耗最大生命值10%（最高消耗200000生命值），每10点造成5点伤害;20级;
玄阴神爪;真气燃烧：伤害值50%;本武学攻击时威力+24%，攻击后造成伤害值50%的真气燃烧效果（最多造成50000点）;25级;
玄阴神爪;撕裂伤口1级;撕裂伤口1级：所有武学对流血状态的敌人造成基础伤害+3%（可叠加至5级）;30级;
狂浪武夫;兄弟情;每回合行动结束会召唤一个流浪武士，每次受击自身附加强化+1;1级;
狂浪武夫;同进退;每次攻击，所有队友都会一拥而上，同时攻击;1级;
狂浪武夫弱化版;兄弟情;每回合行动结束会召唤一个流浪武士，每次受击自身附加强化+1;1级;
狂浪武夫弱化版;同进退;每次攻击，所有队友都会一拥而上，同时攻击;1级;
金光交错刀法（专属）;一闪而过;攻击敌人造成[DamageValue]伤害，附加内伤+20;15级;
金光交错刀法（专属）;刀光剑影1级;刀光剑影1级：刀法威力百分比+5%（最高可叠加至4级）;20级;
金光交错刀法（专属）;本武学：最终伤害+30%（血低伤害高）;生命值越低本武学伤害越高，最高提升30%;25级;
金光交错刀法（专属）;刀光剑影1级;刀光剑影1级：刀法威力百分比+5%（最高可叠加至4级）;30级;
九霄惊雷刀法（专属）;霹雳刀;攻击敌人造成[DamageValue]伤害，暴击时附加破甲+40;10级;
九霄惊雷刀法（专属）;本武学：最终伤害+50%（目标有护盾）;本武学对有护盾的目标造成的基础伤害+50%;15级;
九霄惊雷刀法（专属）;抬棺死战1级;抬棺死战1级：生命值低于50%时，最终基础伤害+5%，且剩余生命值百分比每比50%低5%时，额外增加1%最终伤害（可叠加至3级）;20级;
九霄惊雷刀法（专属）;九霄惊雷刀法【绝招】;本武学攻击有护盾的敌人，必定触发绝招，且绝招基础伤害+30%;25级;
九霄惊雷刀法（专属）;九霄惊雷刀法30（每次最终伤害+10%）;本武学每使用1次，最终基础伤害+10%（最高提升至200%）;30级;
九霄惊雷刀法（专属）;九霄惊雷到（专属）控制;武当派剑法武学攻击时，额外获得剑法精通*4的攻击力;1级;
打坐;打坐;回合结束时若真气<25%，则就地打坐，防御归零，一回合后回满真气;1级;
铜币万能（专属）;挥金如土;随机召唤未知角色协助自己战斗;1级;
铜币万能;挥金如土;随机召唤未知角色协助自己战斗;1级;
嘤嘤嘤;本武学攻击时附加当前真气值*1%的伤害;本武学攻击时附加当前真气值*1%的伤害;1级;
嘤嘤嘤;真气外放1级;真气外放1级：所有额外消耗真气附加伤害效果，提升为每消耗10点真气附加4点伤害（可叠加至5级）;10级;
恶人;立即行动;被创建后立即开始行动;1级;
恶人弱化版;立即行动;被创建后立即开始行动;1级;
生命链接;生命值链接;自身5*5范围分摊伤害;1级;
洗髓录;延年益寿【重新登场】;奋起1级：退场时50%概率再次登场，恢复10%生命和真气，一场战斗触发一次。（最高叠加到4级）;1级;
洗髓录;断魂离愁1级;断魂离愁1级：暗器威力百分比+5%（最高可叠加至4级）;5级;
洗髓录;暗门无双1级;暗门无双1级：刀法伤害百分比+4%（最高可叠加至5级）;10级;
洗髓录;气贯苍穹1级;气贯苍穹1级：内功威力百分比+5%（最高可叠加至4级）;15级;
洗髓录;仁心仁术1级;仁心仁术1级：医术威力百分比+5%（最高可叠加至4级）;20级;
洗髓录;重新登场后恢复10%真气;重新登场后恢复10%真气;25级;
洗髓录;杏林高手1级;杏林高手1级：医术治疗+4%（最高可叠加至5级）;30级;
太玄经;专注防守1级;专注防守1级：暴击抵抗率+3%（最高可叠加至4级）;5级;
太玄经;反弹龟甲1级;反弹龟甲1级：反弹率+4%（最高可叠加至4级）;10级;
太玄经;致命反弹1级;致命反弹1级：反弹伤害倍数+4%（最高可叠加至4级）;15级;
太玄经;援护防御1级;援护防御1级：周围3*3队友受到攻击时，有20%几率援护防御，以自身防御分担20%伤害（可提升至5级）;20级;
太玄经;绝对防御1级;绝对防御1级：每次受击后（包含援护防御受击），自身获得绝对防御状态（可叠加5层），受到攻击减少最终伤害，值为真气*2%+1000点（可叠加至5级）;25级;
太玄经;无字天书;自身生命低于10%时，受到所有基础伤害-50%;30级;
万象变幻功;奇门遁甲1级;奇门遁甲1级：奇门威力百分比+5%（最高可叠加至4级）;5级;
万象变幻功;暗门无双1级;暗门无双1级：刀法伤害百分比+4%（最高可叠加至5级）;25级;
万象变幻功;万象变幻功30;受到敌人攻击的时候，如果自己已学会该武学，立刻用该武学还击（每回合最多触发3次）;30级;
无妄神功;烈阳护体1级;烈阳护体1级：使用内功武学时，根据消耗的真气，获得50%的护盾。（获得护盾上限5万）;15级;
无妄神功;所有内功武学：恢复生命值=消耗真气;施放内功武学消耗真气时，恢复与真气量等值的生命值;20级;
无妄神功;致命反弹1级;致命反弹1级：反弹伤害倍数+4%（最高可叠加至4级）;25级;
打坐心法;杏林高手1级;杏林高手1级：医术治疗+4%（最高可叠加至5级）;20级;
调息内功;杏林高手1级;杏林高手1级：医术治疗+4%（最高可叠加至5级）;1级;
调息内功;潮落潮生1级;潮落潮生1级：当真气低于5%时，立即恢复至30%，一局生效一次（可叠加至3级）;10级;
手挥五弦;拨弦手法：对暗器破招+10%;拨弦手法：对所有暗器的破招率+10%;1级;
手挥五弦;多段暗器1级;多段暗器1级：以30%几率增加玄机门多段暗器的攻击段数，最多1次（可叠加至5级）;15级;
手挥五弦;破招后50%几率施放手挥五弦;对暗器破招后50%几率施放《手挥五弦》;25级;
玄阴锻骨;拳拳生风1级;拳拳生风1级：拳掌伤害+4%（最高可叠加至5级）;1级;
玄阴锻骨;层峰叠浪1级;层峰叠浪1级：追加攻击时，附加负面状态层数为首次攻击的20%（初始值为10%，可叠加至5级）;10级;
玄阴锻骨;追加20%减益buff;所有武学造成的负面状态（流血、中毒、破甲、减速、内伤、残废）层数提高20%;20级;
玄阴锻骨;汲取生命1级;汲取生命1级：吸血率+3%（最高可叠加至5级）;30级;
玄阴易筋;连环夺命1级;连环夺命1级：连击率+3%（最高可叠加至3级）;1级;
玄阴易筋;赤手空拳1级;赤手空拳1级：拳法威力百分比+5%（最高可叠加至4级）;5级;
玄阴易筋;阴人1级;阴人1级：内力阴性+10，使用阴性武学（武学只有阴性系数）时基础伤害+10%（可叠加至5级）;10级;
玄阴易筋;反弹龟甲1级;反弹龟甲1级：反弹率+4%（最高可叠加至4级）;20级;
玄阴易筋;追加20%减益buff;所有武学造成的负面状态（流血、中毒、破甲、减速、内伤、残废）层数提高20%;25级;
玄阴真经·逆;气贯苍穹1级;气贯苍穹1级：内功威力百分比+5%（最高可叠加至4级）;1级;
玄阴真经·逆;阴人1级;阴人1级：内力阴性+10，使用阴性武学（武学只有阴性系数）时基础伤害+10%（可叠加至5级）;5级;
玄阴真经·逆;汲取生命1级;汲取生命1级：吸血率+3%（最高可叠加至5级）;20级;
玄阴真经·逆;追加20%减益buff;所有武学造成的负面状态（流血、中毒、破甲、减速、内伤、残废）层数提高20%;25级;
毒龙胆;多段暗器1级;多段暗器1级：以30%几率增加玄机门多段暗器的攻击段数，最多1次（可叠加至5级）;10级;
搜魂针;暗器：追加中毒+5;所有暗器武学造成中毒时，额外附加中毒+5;10级;
白蟒鞭法;本武学：中毒+20;本武学攻击附加中毒+20;10级;
白蟒鞭法;散武学内功武学：残废+30;散武学内功攻击时对敌附加残废+30;30级;
玄阴疗伤;本武学：治疗后加武学等级*500+生命值*3%的护盾;施放本武学后，目标额外增加武学等级*500+生命值*3%的护盾;30级;
无念离恨针;自身中毒+2多段攻击次数;中毒状态下，本武学多段攻击次数+2;10级;
无念离恨针;十方恨意;攻击敌人[DamageCount]次，造成[DamageValue]伤害;15级;
无念离恨针;本武学对减速的敌人伤害+20%;本武学对减速的敌人伤害+20%;20级;
紫雨邪月针;强化破甲1级;强化破甲1级：使每层破甲的效果提升至防御减少6（敌方受到破甲效果取我方等级最高的效果）（可叠加至5级）;10级;
紫雨邪月针;苍龙坠月;攻击敌人[DamageCount]次，造成[DamageValue]伤害;15级;
紫雨邪月针;本武学：减速+20;本武学攻击附加减速+20;20级;
赤练玉流针;赤练冲霄;攻击敌人[DamageCount]次，造成[DamageValue]伤害;15级;
赤练玉流针;强化破甲1级;强化破甲1级：使每层破甲的效果提升至防御减少6（敌方受到破甲效果取我方等级最高的效果）（可叠加至5级）;20级;
赤练玉流针;致命追击1级;致命追击1级：每击败一个敌人，行动条前进20%（每回合最多额外前进100%）（可叠加至5级）;25级;
八珍流云功;致命追击1级;致命追击1级：每击败一个敌人，行动条前进20%（每回合最多额外前进100%）（可叠加至5级）;15级;
八珍流云功;强化中毒1级;强化中毒1级：使每层中毒的效果伤害变为初始的5倍，减少真气变为初始的2倍（敌方受到中毒效果取我方等级最高的效果）（可叠加至5级）;25级;
青丝承云功;受击时25%几率添加护盾;受击时，有25%几率触发绝招;10级;
青丝承云功;暗器：追加中毒+5;所有暗器武学造成中毒时，额外附加中毒+5;30级;
寒月岚曦功;强化中毒1级;强化中毒1级：使每层中毒的效果伤害变为初始的5倍，减少真气变为初始的2倍（敌方受到中毒效果取我方等级最高的效果）（可叠加至5级）;20级;
寒月岚曦功;层峰叠浪1级;层峰叠浪1级：追加攻击时，附加负面状态层数为首次攻击的20%（初始值为10%，可叠加至5级）;30级;
九天九地;本武学伤害后真气燃烧：内劲*5（消耗真气1000）;本武学额外消耗1000点真气，按自身攻击*30%，对目标减少真气;20级;
九天九地;本武学：最终伤害+内劲*4;本武学攻击附加攻击*15%的伤害;25级;
九合一匡;本武学伤害后真气燃烧：攻击50%;本武学攻击附加攻击*50%的真气燃烧;25级;
九九归一;一元复始;所有队友恢复50%生命值，基础属性+50%，持续一回合;10级;
九九归一;散武学内功武学：命中降低30%;散武学内功攻击时对敌降低命中率30%，持续1回合;20级;
九九归一;散武学内功武学：残废+30;散武学内功攻击时对敌附加残废+30;25级;
九九归一;气贯苍穹1级;气贯苍穹1级：内功威力百分比+5%（最高可叠加至4级）;30级;
二指禅;恰中要害1级;恰中要害1级：暴击率+4%（最高可叠加至4级）;15级;
二指禅;气贯苍穹1级;气贯苍穹1级：内功威力百分比+5%（最高可叠加至4级）;25级;
玉女清心剑法;真·双剑合璧;攻击敌人造成[DamageValue]伤害，攻击时10%概率呼叫周围3*3拥有《玉女清心剑法》的队友合击，都使用《玉女清心剑法》参与攻击;10级;
玉女清心剑法;连绵不绝;本武学每使用1次，威力百分比+10%（最高提升至200%）;30级;
如来神掌;天降神掌;攻击敌人造成[DamageValue]伤害，附加内伤+20，如果只攻击到一个敌人，最终基础伤害+50%，额外附加内伤+30;10级;
如来神掌;全*普度众生;普度众生1级：所有拳法杀死目标时，以目标的20%生命值造成全屏伤害（上限100000+我方生命*50%）;30级;
凌波仙子舞;穿云裂石1级;穿云裂石1级：所有武学攻击真气为0的角色时，基础伤害+10%（可叠加至5级）;1级;
凌波仙子舞;真·百里挑一1级;百里挑一1级：使用腿法武学攻击目标时，20%几率对其中一个敌人额外进行一次攻击（可叠加至5级）;15级;
凌波仙子舞;极速1级;极速1级：开局行动条前进5%（可叠加至7级）;20级;
凌波仙子舞;凌波仙子1级;凌波仙子Lv1：回合外受到6次攻击后，闪避率暂时+50%，直到闪避1次后消失 （可叠加至4级）;25级;
凌波仙子舞;神影无踪1级;神影无踪1级：行动条速度提高8%;30级;
龟息功;强化弹射1级;强化弹射1级：暗器弹射时，威力为上一次的80%（初始值为70%，可叠加至5级）;15级;
龟息功;穿云裂石1级;穿云裂石1级：所有武学攻击真气为0的角色时，基础伤害+10%（可叠加至5级）;20级;
无相神功;烈阳护体1级;烈阳护体1级：使用内功武学时，根据消耗的真气，获得50%的护盾。（获得护盾上限5万）;10级;
无相神功;真·百里挑一1级;百里挑一1级：使用腿法武学攻击目标时，20%几率对其中一个敌人额外进行一次攻击（可叠加至5级）;15级;
无相神功;余波微震1级;余波微震1级：对多个目标附加负面状态时，其他目标层数是选中目标的20%（初始值为10%，可叠加至5级）;20级;
无相神功;逍遥仙宫外功伤害后真气吸收：武学攻击*5%;逍遥仙宫外功武学攻击附加吸收攻击*5%的真气;25级;
北冥鲲吞功;锥心透骨1级;锥心透骨1级：暗器武学暴击时，20%几率追加一次穿心透骨（每回合最多追加1次）（可叠加至5级）;5级;
北冥鲲吞功;烈阳护体1级;烈阳护体1级：使用内功武学时，根据消耗的真气，获得50%的护盾。（获得护盾上限5万）;30级;
破功化劲大法;所有武学：最终伤害+30%，残废+30（目标真气少于10%）;逍遥仙宫武学攻击真气少于10%的目标时，基础伤害+30%，并附加残废+30;15级;
破功化劲大法;烈阳护体1级;烈阳护体1级：使用内功武学时，根据消耗的真气，获得50%的护盾。（获得护盾上限5万）;20级;
四海独尊功;无量气海;开场进场进行一次速度比拼，速度低于本武功拥有者的敌人，敌人的开局进度条前进效果无效（极速等）;30级;
天山掌法;赤手空拳1级;赤手空拳1级：拳法威力百分比+5%（最高可叠加至4级）;10级;
天山掌法;本武学伤害后真气燃烧：伤害5%;本武学攻击附加伤害*5%的真气燃烧;15级;
雪花掌法;本武学伤害后真气燃烧：伤害6%;本武学攻击附加伤害*6%的真气燃烧;15级;
二气掌法;白虹贯日;攻击敌人造成[DamageValue]伤害，附加内伤+30;10级;
二气掌法;赤手空拳1级;赤手空拳1级：拳法威力百分比+5%（最高可叠加至4级）;10级;
二气掌法;本武学伤害后真气燃烧：伤害8%;本武学攻击附加伤害*8%的真气燃烧;15级;
六阳一脉掌;天山神芒;攻击敌人造成[DamageValue]伤害，如目标当前真气值低于10%，造成基础伤害+60%;10级;
六阳一脉掌;本武学伤害后真气燃烧：伤害9%;本武学攻击附加伤害*9%的真气燃烧;15级;
六阳一脉掌;逍遥仙宫拳掌武学无视真气护盾，直接攻击生命;逍遥仙宫拳掌武学无视真气护盾，直接攻击生命;30级;
六阴破脉手;雪山折梅赏一支;攻击敌人造成[DamageValue]伤害，并附加眩晕1回合;10级;
六阴破脉手;本武学伤害后真气燃烧：伤害10%;本武学攻击附加伤害*10%的真气燃烧;20级;
六阴破脉手;赤手空拳1级;赤手空拳1级：拳法威力百分比+5%（最高可叠加至4级）;30级;
天地无穷腿法;无穷无限;攻击敌人造成[DamageValue]伤害，只要有敌人闪避，则再次施放一次本技能（一回合只能触发一次）;10级;
天地无穷腿法;本武学伤害后真气燃烧：伤害8%;本武学攻击附加伤害*8%的真气燃烧;20级;
天地无穷腿法;本武学无视真气护盾，直接攻击生命;本武学无视真气护盾，直接攻击生命;30级;
化功绵掌;粉身碎骨;攻击敌人造成[DamageValue]伤害，附加残废+30;10级;
化功绵掌;本武学伤害后真气燃烧：伤害9%;本武学攻击附加伤害*9%的真气燃烧;15级;
扶摇腿法;直上九霄;攻击敌人造成[DamageValue]伤害，如目标有内伤，则基础伤害+30%，且附加击退1;10级;
扶摇腿法;本武学伤害后真气燃烧：伤害6%;本武学攻击附加伤害*6%的真气燃烧;15级;
逍遥腿法;本武学伤害后真气燃烧：伤害5%;本武学攻击附加伤害*5%的真气燃烧;15级;
冰尖针;本武学：基础攻击+10%;本武学攻击时，基础攻击提升10%;10级;
冰尖针;强化弹射1级;强化弹射1级：暗器弹射时，威力为上一次的80%（初始值为70%，可叠加至5级）;20级;
无上元气针;本武学：基础攻击提升10%;本武学攻击时，基础攻击提升10%;10级;
无上元气针;封心绝气;攻击敌人造成[DamageValue]伤害，命中敌人后会弹射[TanSheCount]次，对目标及3*3范围的敌人附加额外伤害和真气减少，值为伤害的10%（最高10000点）;15级;
无上元气针;强化弹射1级;强化弹射1级：暗器弹射时，威力为上一次的80%（初始值为70%，可叠加至5级）;20级;
无上元气针;余波微震1级;余波微震1级：对多个目标附加负面状态时，其他目标层数是选中目标的20%（初始值为10%，可叠加至5级）;30级;
天山玄冰针;本武学：基础攻击提升10%;本武学攻击时，基础攻击提升10%;10级;
天山玄冰针;锥心透骨1级;锥心透骨1级：暗器武学暴击时，20%几率追加一次穿心透骨（每回合最多追加1次）（可叠加至5级）;25级;
赤红凝露针;本武学：基础攻击+10%;本武学攻击时，基础攻击提升10%;10级;
拍手十二拍;所有拳掌：破甲+5;所有拳掌武学附加破甲+5;30级;
饺子十八式;所有奇门：击退10%;所有奇门武学攻击时击退敌方进度条10%;10级;
饺子十八式;识破罩门1级;识破罩门1级：攻击暴击时，有20%几率敌人无法进行反弹、反击、识破（可叠加至5级）;15级;
饺子十八式;奇门伤害+20%（敌方真气小于20%）;所有奇门对于真气少于20%的敌人基础伤害+20%;25级;
芳香腿法;本武学：多段攻击次数+2（耗血3%）;本武学额外消耗当前剩余生命值的3%，攻击次数+2;5级;
芳香腿法;多段腿法1级;多段腿法1级：以30%几率增加玄机门多段腿法的攻击段数，最多1次（可叠加至5级）;25级;
缺陷九式剑法;无招胜有招1级;无招胜有招1级：所有随机多次武学可攻击单体目标，后续伤害为上一次伤害的60%（初始值为50%，最高提升至5级）;30级;
香艳剑法;破尽万物1级;破尽万物1级：暴击率+3%（最高可叠加至2级）;10级;
漫天福利雨;余波微震1级;余波微震1级：对多个目标附加负面状态时，其他目标层数是选中目标的20%（初始值为10%，可叠加至5级）;25级;
缺陷连珠镖;暗中偷袭1级;暗中偷袭1级：所有武学对中毒状态的敌人造成基础伤害+3%（可叠加至5级）;10级;
缺陷连珠镖;本武学：减速+5;本武学攻击附加减速+5;20级;
缺陷连珠镖;本武学：暴击时减速+20;本武学暴击时附加减速+20;25级;
挨打神功;金刚不坏1级;金刚不坏1级：进入战斗第一次受到主动攻击时基础伤害-30%（可叠加至5级）;5级;
挨打神功;金刚不坏1级;金刚不坏1级：进入战斗第一次受到主动攻击时基础伤害-30%（可叠加至5级）;25级;
踩踏;本武学：最终伤害+内劲*4;本武学攻击附加自身内劲*4伤害;15级;
无双踩踏;本武学：最终伤害+内劲*4;本武学攻击附加自身内劲*4伤害;15级;
踏破千军;本武学：最终伤害+内劲*4;本武学攻击附加自身内劲*4伤害;15级;
紫光玄武震;本武学：最终伤害+内劲*4;本武学攻击附加自身内劲*4伤害;15级;
碧鳞不二斩;移动后：破招率+20%;使用本武学后破招率提升20%，效果持续一回合;15级;
碧鳞不二斩;本武学：多段攻击次数+2（耗血3%）;本武学额外消耗当前剩余生命值的3%，攻击次数+2;25级;
灭魄断魂斩;移动后：破招率+20%;使用本武学后破招率提升20%，效果持续一回合;15级;
灭魄断魂斩;本武学：多段攻击次数+2（耗血3%）;本武学额外消耗当前剩余生命值的3%，攻击次数+2;25级;
紫炎灵蛛功;毒弹的次数+5;额外增加5次毒弹攻击;5级;
紫炎灵蛛功;本武学：中毒+10;本武学攻击附加中毒+10;15级;
紫炎灵蛛功;毒弹的次数+5;额外增加5次毒弹攻击;25级;
寰宇妖典;毒弹的次数+5;额外增加5次毒弹攻击;5级;
寰宇妖典;本武学：中毒+10;本武学攻击附加中毒+10;15级;
寰宇妖典;毒弹的次数+5;额外增加5次毒弹攻击;25级;
飞鹰巨灵击;低血暴击率提升;自身生命值百分比越低，暴击率越高，最高提升20%;25级;
风之游燕功;低血暴击率提升;自身生命值百分比越低，暴击率越高，最高提升20%;25级;
野蛮撕咬;本武学：最终伤害+灵巧*2;本武学攻击额外附加灵巧*2伤害;10级;
兽心破岳爪;本武学：最终伤害+灵巧*2;本武学攻击额外附加灵巧*2伤害;10级;
魔狼真火爪;本武学：最终伤害+灵巧*2;本武学攻击额外附加灵巧*2伤害;10级;
利刃;真气外放1级;真气外放1级：所有额外消耗真气附加伤害效果，提升为每消耗10点真气附加4点伤害（可叠加至5级）;25级;
七曜白光功;真气外放1级;真气外放1级：所有额外消耗真气附加伤害效果，提升为每消耗10点真气附加4点伤害（可叠加至5级）;15级;
七曜白光功;本武学：最终伤害+剩余真气10%;本武学额外消耗剩余真气10%造成额外伤害，每20点真气造成1点伤害;25级;
千山八歧秘法;真气外放1级;真气外放1级：所有额外消耗真气附加伤害效果，提升为每消耗10点真气附加4点伤害（可叠加至5级）;15级;
千山八歧秘法;本武学：最终伤害+剩余真气10%;本武学额外消耗剩余真气10%造成额外伤害，每20点真气造成1点伤害;25级;
极雷辟心爪;真气外放1级;真气外放1级：所有额外消耗真气附加伤害效果，提升为每消耗10点真气附加4点伤害（可叠加至5级）;15级;
极雷辟心爪;本武学：最终伤害+剩余真气10%;本武学额外消耗剩余真气10%造成额外伤害，每20点真气造成1点伤害;25级;
拍拍掌;移动后：反击率+20%;使用本武学后反击率提升20%，效果持续一回合;15级;
赤月熊丹掌;本武学：暴击抵抗率+30%;本武学攻击后自身暴击抵抗率+10%，可叠加3次;5级;
赤月熊丹掌;移动后：反击率+20%;使用本武学后反击率提升20%，效果持续一回合;15级;
雷光巨熊掌;本武学：暴击抵抗率+30%;本武学攻击后自身暴击抵抗率+10%，可叠加3次;5级;
雷光巨熊掌;移动后：反击率+20%;使用本武学后反击率提升20%，效果持续一回合;15级;
掣雷如阳功;本武学：暴击抵抗率+70%;反击率+10%，攻击后提升暴击抵抗率70%，被击3次后消失，最多持续1回合;5级;
掣雷如阳功;移动后：反击率+20%;使用本武学后反击率提升20%，效果持续一回合;15级;
九鼎蟹幽功;多段拳法1级;多段拳法1级：以30%几率增加玄机门多段拳法的攻击段数，最多1次（可叠加至5级）;15级;
凌霄蟹幻法;多段拳法1级;多段拳法1级：以30%几率增加玄机门多段拳法的攻击段数，最多1次（可叠加至5级）;15级;
太虚问道功;多段拳法1级;多段拳法1级：以30%几率增加玄机门多段拳法的攻击段数，最多1次（可叠加至5级）;15级;
太虚问道功;本武学：多段攻击次数+2（耗血3%）;本武学额外消耗当前剩余生命值的3%，攻击次数+2;25级;
蛊风蝎蛊刺;40%几率攻击3排;本武学攻击时有40%几率攻击3排目标;15级;
火凝蝎毒经;40%几率攻击3排;本武学攻击时有40%几率攻击3排目标;15级;
狂蝎毒典;40%几率攻击3排;本武学攻击时有40%几率攻击3排目标;15级;
雪狐刀法;刀光剑影1级;刀光剑影1级：刀法威力百分比+5%（最高可叠加至4级）;5级;
雪狐刀法;雪落狐飞;攻击当前敌人及其他有减速的敌人造成[DamageValue]伤害，附加流血+40;10级;
雪狐刀法;本武学：减速+20;本武学攻击附加减速+20;20级;
雪狐刀法;专注防守1级;专注防守1级：暴击抵抗率+3%（最高可叠加至4级）;25级;
雪狐刀法;越战越勇1级;越战越勇1级：每击败一个敌人，自身基础伤害+3%（上限为10%）;30级;
夏济八砍刀法;越战越勇1级;越战越勇1级：每击败一个敌人，自身基础伤害+3%（上限为10%）;15级;
金龙刀法;抽刀断水1级;抽刀断水1级：刀法伤害百分比+4%（最高可叠加至5级）;5级;
金龙刀法;抬棺死战1级;抬棺死战1级：生命值低于50%时，最终基础伤害+5%，且剩余生命值百分比每比50%低5%时，额外增加1%最终伤害（可叠加至3级）;25级;
快斩刀法;越战越勇1级;越战越勇1级：每击败一个敌人，自身基础伤害+3%（上限为10%）;20级;
刀气剑诀;无招胜有招1级;无招胜有招1级：所有随机多次武学可攻击单体目标，后续伤害为上一次伤害的60%（初始值为50%，最高提升至5级）;25级;
奇门拳术;奇门归一1级;奇门归一1级：使用奇门武学时，将非中心目标伤害的30%复制给中心目标，最高不超过中心目标原始伤害的100%。;30级;
连环追心剑法;破招后施放《连环追心剑法》;破招后施放《连环追心剑法》;30级;
秋风剑法;寒风剑气1级;寒风剑气1级：剑法威力百分比+5%（最高可叠加至4级）;15级;
洪拳;一指定中原;攻击敌人造成[DamageValue]伤害，额外造成攻击*50%点伤害，暴击时额外造成攻击*50%点伤害;10级;
洪拳;全*普度众生;普度众生1级：所有拳法杀死目标时，以目标的20%生命值造成全屏伤害（上限100000+我方生命*50%）;20级;
柴刀十八路;蛮力一刀斩;攻击敌人造成[DamageValue]伤害，附加流血+30;10级;
柴刀十八路;致命追击1级;致命追击1级：每击败一个敌人，行动条前进20%（每回合最多额外前进100%）（可叠加至5级）;15级;
拳风内劲;守心克己1级;守心克己1级：暴击后，降低自身暴击值500点，提升5%的四项基础属性（生命、真气、攻击、防御），可叠加1次（可叠加至5级）;25级;
游龙八卦掌;太极生圆1级;太极生圆1级：使用《太极拳》、《太极剑》主动攻击时，10%概率使攻击范围增加至3*3范围;5级;
游龙八卦掌;百花乱拳1级;百花乱拳1级：使用拳掌武学攻击单体目标的时候，20%几率向周围的敌人，进行同样的攻击（每回合最多触发一次，可叠加至5级）;20级;
风波刀法;抬棺死战1级;抬棺死战1级：生命值低于50%时，最终基础伤害+5%，且剩余生命值百分比每比50%低5%时，额外增加1%最终伤害（可叠加至3级）;20级;
黑风刀法;致命追击1级;致命追击1级：每击败一个敌人，行动条前进20%（每回合最多额外前进100%）（可叠加至5级）;20级;
火神飞刀;本武学：对流血敌人最终伤害+30%+10流血;本武学攻击已有流血的敌人基础伤害+30%，额外附加流血+10;15级;
神行鬼步;闪转腾挪1级;闪转腾挪1级：闪避率+3%（最高可叠加至3级）;20级;
神行鬼步;遥相呼应1级;遥相呼应1级：合击率+3%（最高可叠加至4级）;25级;
水上漂;援护防御1级;援护防御1级：周围3*3队友受到攻击时，有20%几率援护防御，以自身防御分担20%伤害（可提升至5级）;5级;
水上漂;旋风神腿1级;旋风神腿1级：腿法威力百分比+5%（最高可叠加至4级）;10级;
水上漂;绵延不绝1级;绵延不绝1级：连招率+3%（最高可叠加至4级）;20级;
水上漂;潮落潮生1级;潮落潮生1级：当真气低于5%时，立即恢复至30%，一局生效一次（可叠加至3级）;25级;
龙泉剑法;三人合一剑;攻击敌人造成[DamageValue]伤害，附加破甲+20，如果攻击的敌人数量不少于3人，则必定暴击并且基础伤害+60%;10级;
龙泉剑法;剑气破空1级;剑气破空1级：剑法伤害百分比+4%（最高可叠加至5级）;15级;
赤刀刀法;强化流血1级;强化流血1级：使每层流血的效果伤害变为初始的5倍（敌方受到流血效果取我方等级最高的效果）（可叠加至5级）;20级;
惊魂刀法;惊魂刀法30;本武学攻击目标流血超过100时，立即对目标及周围3*3敌人造成伤害，伤害为流血层数*500，并附加流血+10（每次攻击回合触发一次）;20级;
惊魂刀法;强化流血1级;强化流血1级：使每层流血的效果伤害变为初始的5倍（敌方受到流血效果取我方等级最高的效果）（可叠加至5级）;25级;
饮血刀法;饮血二式;攻击敌人造成[DamageValue]伤害，附加流血+20，如已有目标流血达到50，则再次施放;10级;
赤刀神功;夺命赤刀;攻击敌人造成[DamageValue]伤害，如果目标的流血已经>=80，额外造成10%当前生命值的直接伤害（最高100000）;10级;
赤刀神功;强化流血1级;强化流血1级：使每层流血的效果伤害变为初始的5倍（敌方受到流血效果取我方等级最高的效果）（可叠加至5级）;20级;
赤刀神功;赤刀神功30;本武学攻击目标流血超过100时，立即对目标及周围3*3敌人造成伤害，伤害为流血层数*500，并附加流血+20（每次攻击回合触发一次）;30级;
雪中行;血海无涯1级;血海无涯1级：血海魔功基础伤害+10%（最高提升至5级）;25级;
血海魔功;血海魔功;开场时对所有敌人施放攻击造成无视防御伤害（攻击和武学等级越高，伤害越高），附加流血+5;1级;
血海魔功;强化流血1级;强化流血1级：使每层流血的效果伤害变为初始的5倍（敌方受到流血效果取我方等级最高的效果）（可叠加至5级）;25级;
血海魔功;血海无涯1级;血海无涯1级：血海魔功基础伤害+10%（最高提升至5级）;30级;
赤刀经;撕裂伤口1级;撕裂伤口1级：所有武学对流血状态的敌人造成基础伤害+3%（可叠加至5级）;20级;
傲寒六诀;撕裂伤口1级;撕裂伤口1级：所有武学对流血状态的敌人造成基础伤害+3%（可叠加至5级）;25级;
秘奥义·赤刀索魂;对流血敌人伤害+50%;对拥有流血状态的敌人基础伤害+50%;5级;
秘奥义·夺魄刀;对流血敌人伤害+30%;对拥有流血状态的敌人基础伤害+30%;5级;
魔心诀;撕裂伤口1级;撕裂伤口1级：所有武学对流血状态的敌人造成基础伤害+3%（可叠加至5级）;20级;
魔心诀;血海无涯1级;血海无涯1级：血海魔功基础伤害+10%（最高提升至5级）;30级;
噬魂刀法;血海无涯1级;血海无涯1级：血海魔功基础伤害+10%（最高提升至5级）;10级;
噬魂刀法;撕裂伤口1级;撕裂伤口1级：所有武学对流血状态的敌人造成基础伤害+3%（可叠加至5级）;25级;
凌空指;破尽万物1级;破尽万物1级：暴击率+3%（最高可叠加至2级）;10级;
凌空指;先天真气1级;先天真气1级：内功伤害百分比+4%（最高可叠加至5级）;25级;
烈阳禅指;本武学：最终伤害+剩余真气20%;本武学额外消耗剩余真气20%造成额外伤害，每20点真气造成1点伤害;10级;
烈阳禅指;烈阳护体1级;烈阳护体1级：使用内功武学时，根据消耗的真气，获得50%的护盾。（获得护盾上限5万）;15级;
烈阳禅指;本武学：绝招、奥义触发几率降低20%（耗蓝剩余真气10%）;本武学额外消耗剩余真气10%，使目标绝招触发概率降低20%，持续1回合;20级;
烈阳禅指;真气外放1级;真气外放1级：所有额外消耗真气附加伤害效果，提升为每消耗10点真气附加4点伤害（可叠加至5级）;30级;
六脉齐发;本武学：最终伤害+剩余真气;本武学施放时，消耗最大真气15%造成伤害平均分配到所有目标上，每10点真气造成3点伤害;15级;
六脉齐发;六脉次数+1;本武学攻击次数上限+1;20级;
六脉齐发;真气外放1级;真气外放1级：所有额外消耗真气附加伤害效果，提升为每消耗10点真气附加4点伤害（可叠加至5级）;30级;
伤心欲绝掌;本武学：回合回真气降低50%;目标真气恢复降低50%，持续1回合;15级;
伤心欲绝掌;黯然伤魂;本武学攻击附加降低敌方命中率70%，持续1回合;20级;
伤心欲绝掌;百花乱拳1级;百花乱拳1级：使用拳掌武学攻击单体目标的时候，20%几率向周围的敌人，进行同样的攻击（每回合最多触发一次，可叠加至5级）;25级;
奔血掌;本武学：最终伤害+40%（自身内伤+40）;本武学造成基础伤害+40%，自身受到内伤+40;10级;
奔血掌;本武学：内伤+40，自身残废+20;本武学攻击附加内伤+40，自身受到残废+20;15级;
奔血掌;本武学：流血+40，自身减速+20;本武学攻击附加流血+40，自身受到减速+20;20级;
奔血掌;本武学：破甲+40，自身流血+20;本武学攻击附加破甲+40，自身受到流血+20;25级;
百花流影;百花乱拳1级;百花乱拳1级：使用拳掌武学攻击单体目标的时候，20%几率向周围的敌人，进行同样的攻击（每回合最多触发一次，可叠加至5级）;5级;
百花流影;本武学：命中降低10%（限定多段）;本武学降低目标命中率10%，持续1回合;15级;
百花流影;多段拳法1级;多段拳法1级：以30%几率增加玄机门多段拳法的攻击段数，最多1次（可叠加至5级）;25级;
火焰神掌;火焰爆发;火焰爆发：每次命中目标时，对目标周围3*3范围的其他敌人造成10%伤害;10级;
火焰神掌;最终伤害：剩余真气/目标个数;施放本武学时会消耗最大真气15%，每10点真气造成3点伤害平分到所有目标;15级;
火焰神掌;增加两个目标;火焰的攻击次数+2;25级;
火焰神掌;烈阳护体1级;烈阳护体1级：使用内功武学时，根据消耗的真气，获得50%的护盾。（获得护盾上限5万）;30级;
铁线拳;全*普度众生;普度众生1级：所有拳法杀死目标时，以目标的20%生命值造成全屏伤害（上限100000+我方生命*50%）;20级;
扫堂腿法;极速无影1级;极速无影1级：腿法伤害百分比+4%（最高可叠加至5级）;5级;
扫堂腿法;技艺超群1级;技艺超群1级：绝招率+4%（最高可叠加至3级）;20级;
旋风腿法;旋风神腿1级;旋风神腿1级：腿法威力百分比+5%（最高可叠加至4级）;5级;
旋风腿法;事半功倍1级;事半功倍1级：暴击伤害倍数+8%（最高可叠加至5级）;10级;
旋风腿法;闪转腾挪1级;闪转腾挪1级：闪避率+3%（最高可叠加至3级）;20级;
鸡飞狗跳;真·百里挑一1级;百里挑一1级：使用腿法武学攻击目标时，20%几率对其中一个敌人额外进行一次攻击（可叠加至5级）;20级;
铁拐棍法;当头一棒;攻击敌人造成[DamageValue]伤害，攻击后提升20%连招率，持续两回合;10级;
铁拐棍法;奇门归一1级;奇门归一1级：使用奇门武学时，将非中心目标伤害的30%复制给中心目标，最高不超过中心目标原始伤害的100%。;25级;
打狗棍法;天下无狗;攻击敌人造成[DamageValue]伤害，攻击后所有队友丐帮武学威力百分比+50%，连击率+20%;10级;
打狗棍法;识破罩门1级;识破罩门1级：攻击暴击时，有20%几率敌人无法进行反弹、反击、识破（可叠加至5级）;25级;
打狗棍法;棒棒打狗30%;所有奇门武学，命中率提高30%;30级;
打狗棍法;奇门归一1级;奇门归一1级：使用奇门武学时，将非中心目标伤害的30%复制给中心目标，最高不超过中心目标原始伤害的100%。;30级;
丐帮心法;奇门归一1级;奇门归一1级：使用奇门武学时，将非中心目标伤害的30%复制给中心目标，最高不超过中心目标原始伤害的100%。;20级;
丐帮内传秘诀;全*普度众生;普度众生1级：所有拳法杀死目标时，以目标的20%生命值造成全屏伤害（上限100000+我方生命*50%）;25级;
龙爪手;双龙出海;攻击敌人造成[DamageValue]伤害，附加破甲+10;10级;
龙爪手;百花乱拳1级;百花乱拳1级：使用拳掌武学攻击单体目标的时候，20%几率向周围的敌人，进行同样的攻击（每回合最多触发一次，可叠加至5级）;25级;
擒龙掌法;龙战于野;攻击敌人造成[DamageValue]伤害，附加破甲+30;10级;
擒龙掌法;百花乱拳1级;百花乱拳1级：使用拳掌武学攻击单体目标的时候，20%几率向周围的敌人，进行同样的攻击（每回合最多触发一次，可叠加至5级）;25级;
降龙问天掌;亢龙有悔;攻击敌人造成[DamageValue]伤害，附加破甲+50;10级;
降龙问天掌;全*普度众生;普度众生1级：所有拳法杀死目标时，以目标的20%生命值造成全屏伤害（上限100000+我方生命*50%）;25级;
降龙问天掌;大海无量;使用拳法类武学攻击时，有50%几率返还所消耗的真气;30级;
地趟腿法;双龙出水;攻击敌人造成[DamageValue]伤害，附加减速+30;10级;
地趟腿法;识破罩门1级;识破罩门1级：攻击暴击时，有20%几率敌人无法进行反弹、反击、识破（可叠加至5级）;20级;
游龙腿法;真·百里挑一1级;百里挑一1级：使用腿法武学攻击目标时，20%几率对其中一个敌人额外进行一次攻击（可叠加至5级）;20级;
打狗大阵;打狗大阵;登场召唤一个丐帮弟子;1级;
打狗大阵;战场上每有一个丐帮队友，丐帮武学连招率+2%;战场上每有一个丐帮队友，丐帮武学连招率+2%;10级;
打狗大阵;打狗大阵20;召唤的丐帮弟子连招率+20%;20级;
打狗大阵;打狗大阵30;所有阵法召唤的角色，暴击率+5%;30级;
打狗大阵;识破罩门1级;识破罩门1级：攻击暴击时，有20%几率敌人无法进行反弹、反击、识破（可叠加至5级）;30级;
美术测试03;普通刀法【触发.合击】;合击【唯一被动】：合击时以本武学替代普通攻击;1级;
美术测试03;普通刀法【触发.反击】;反击【唯一被动】：反击时以本武学替代普通攻击;1级;
八门棍;奇门归一1级;奇门归一1级：使用奇门武学时，将非中心目标伤害的30%复制给中心目标，最高不超过中心目标原始伤害的100%。;25级;
裂空腿;识破罩门1级;识破罩门1级：攻击暴击时，有20%几率敌人无法进行反弹、反击、识破（可叠加至5级）;25级;
十八罗汉腿法;罗汉九十六脚;攻击敌人造成[DamageValue]伤害，并附加减速+40;10级;
十八罗汉腿法;层峰叠浪1级;层峰叠浪1级：追加攻击时，附加负面状态层数为首次攻击的20%（初始值为10%，可叠加至5级）;25级;
十八罗汉腿法;真·百里挑一1级;百里挑一1级：使用腿法武学攻击目标时，20%几率对其中一个敌人额外进行一次攻击（可叠加至5级）;30级;
十八罗汉腿法;龙行天下;使用腿法武学攻击后额外行动一次，一局只触发一次;30级;
轻功;轻功描述;受其他轻功武学加成，不占用武学栏位学习了其他轻功后并且达到5级后，每次轻功释放后都会扣除自身一部分真气;1级;
六阳指_美术测试1;最终伤害：剩余真气/目标个数;施放本武学时会消耗最大真气15%，每10点真气造成3点伤害平分到所有目标;15级;
六阳指_美术测试2;最终伤害：剩余真气/目标个数;施放本武学时会消耗最大真气15%，每10点真气造成3点伤害平分到所有目标;15级;
六阳指_美术测试3;最终伤害：剩余真气/目标个数;施放本武学时会消耗最大真气15%，每10点真气造成3点伤害平分到所有目标;15级;
六脉齐发;本武学：最终伤害+剩余真气;本武学施放时，消耗最大真气15%造成伤害平均分配到所有目标上，每10点真气造成3点伤害;1级;
赤焰刀法;刀光剑影1级;刀光剑影1级：刀法威力百分比+5%（最高可叠加至4级）;20级;
赤焰刀法;本武学：伤害+20%（生命值低于50%）;生命值低于50%时，本武学基础伤害+20%;25级;
对月纵酒歌;无招胜有招1级;无招胜有招1级：所有随机多次武学可攻击单体目标，后续伤害为上一次伤害的60%（初始值为50%，最高提升至5级）;1级;
对月纵酒歌;剑气破空1级;剑气破空1级：剑法伤害百分比+4%（最高可叠加至5级）;15级;
玄铁巨剑法;朴实一剑;攻击敌人造成[DamageValue]伤害，额外造成攻击*30%的伤害;10级;
玄铁巨剑法;技艺超群1级;技艺超群1级：绝招率+4%（最高可叠加至3级）;15级;
玄铁巨剑法;本武学：绝招率降低30%;本武学攻击后附加降低目标绝招触发概率30%，持续1回合;20级;
玄铁巨剑法;本武学：最终伤害+50%（力道大于2000）;自身攻击>20000时，本武学造成基础伤害+50%;25级;
玄铁巨剑法;巨剑裂地;本武学第一次攻击附加眩晕效果;30级;
飞天摧星功;层峰叠浪1级;层峰叠浪1级：追加攻击时，附加负面状态层数为首次攻击的20%（初始值为10%，可叠加至5级）;15级;
刀霸秘典;刀霸秘典10;受到奇门基础伤害-10%;10级;
刀霸秘典;刀气护体1级;刀气护体1级：当触发进度条击退时，有10%几率免疫此次进度条击退效果;20级;
刀霸秘典;刀霸秘典1级;刀霸秘典1级：每增加一门刀法武学，降低来自奇门5%的伤害;30级;
棍王秘典;棍王秘典10;受到腿法基础伤害-10%;10级;
棍王秘典;不动如山1级;不动如山1级：当被敌人释放位移效果时，有20%几率免疫此次位移效果;20级;
棍王秘典;棍王秘典1级;棍王秘典1级：每增加一门奇门武学，降低来自腿法5%的伤害;30级;
剑圣秘典;剑圣秘典10;受到拳法基础伤害-10%;10级;
剑圣秘典;铜皮铁骨1级;铜皮铁骨1级：被攻击时，使敌人20%的忽视防御率无效;20级;
剑圣秘典;剑圣秘典1级;剑圣秘典1级：每增加一门剑法武学，降低来自拳掌5%的伤害;30级;
暗器秘典;暗器秘典10;受到刀法基础伤害-10%;10级;
暗器秘典;吸血免疫1级;吸血免疫1级：被攻击时，有10%几率免疫吸血;20级;
暗器秘典;暗器秘典1级;暗器秘典1级：每增加一门暗器武学，降低来自刀法5%的伤害;30级;
腿皇秘典;腿皇秘典10;受到剑法基础伤害-10%;10级;
腿皇秘典;暴击抵抗1级;暴击抵抗1级：被攻击时，使敌人暴击率10%无效;20级;
腿皇秘典;腿皇秘典1级;腿皇秘典1级：每增加一门腿法武学，降低来自剑法5%的伤害;30级;
药王秘典;药王秘典10;受到内功基础伤害-10%;10级;
药王秘典;真气免疫1级;真气免疫1级：被攻击时，10%几率使其附加的真气伤害无效;20级;
药王秘典;药王秘典1级;药王秘典1级：每增加一门医术武学，降低来自内功5%的伤害;30级;
内功秘典;内功秘典10;受到医术基础伤害-10%;10级;
内功秘典;治疗丢失1级;治疗丢失1级：使敌方所有单位10%几率无法治疗;20级;
内功秘典;内功秘典1级;内功秘典1级：每增加一门内功武学，降低来自医术5%的伤害;30级;
血刃魔刀;本武学：最终伤害+最大生命值5%（耗血）;本武学攻击时额外消耗最大生命值5%（最高消耗100000生命值），每10点造成5点伤害;1级;
血刃魔刀;魔刀寻血;攻击所有有"流血"状态的敌人造成[DamageValue]伤害，附加"魔刀印记"状态。魔刀印记:受到所有刀法伤害，提升5%（可叠加三次）。;10级;
血刃魔刀;散武学刀法：最终伤害+最大生命值5%（耗血）;所有刀法武学攻击时额外消耗最大生命值5%，每10点造成5点伤害;20级;
血刃魔刀;抬棺死战1级;抬棺死战1级：生命值低于50%时，最终基础伤害+5%，且剩余生命值百分比每比50%低5%时，额外增加1%最终伤害（可叠加至3级）;25级;
血刃魔刀;抽刀断水1级;抽刀断水1级：刀法伤害百分比+4%（最高可叠加至5级）;30级;
傲笑狂刀;本武学：最终伤害+最大生命值5%（耗血）;本武学攻击时额外消耗最大生命值5%（最高消耗100000生命值），每10点造成5点伤害;10级;
傲笑狂刀;致命追击1级;致命追击1级：每击败一个敌人，行动条前进20%（每回合最多额外前进100%）（可叠加至5级）;25级;
傲笑狂刀;浴血狂刀;每当有敌人退场时，散武学中刀法武学造成基础伤害+10%，持续1回合。;30级;
拳皇秘典;拳皇秘典10;受到暗器的基础伤害-10%;10级;
拳皇秘典;空手入白刃1级;空手入白刃1级：闪避率+5%;20级;
拳皇秘典;拳皇秘典1级;拳皇秘典1级：每增加一门拳法武学，降低来自暗器5%的伤害;30级;
狮吼功;本武学攻击时附加当前真气值*1%的伤害;本武学攻击时附加当前真气值*1%的伤害;1级;
狮吼功;百发百中1级;百发百中1级：命中率+3%（最高可叠加至5级）;5级;
狮吼功;绵延不绝1级;绵延不绝1级：连招率+3%（最高可叠加至4级）;10级;
狮吼功;真气外放1级;真气外放1级：所有额外消耗真气附加伤害效果，提升为每消耗10点真气附加4点伤害（可叠加至5级）;20级;
狮吼功;忽视防御1级;忽视防御1级：忽视防御率+5%（最高可叠加至4级）;25级;
美术测试02;美术测试_拳系;以33%威力攻击敌人，附加流血+10;1级;
美术测试02;普通刀法【触发.合击】;合击【唯一被动】：合击时以本武学替代普通攻击;1级;
美术测试02;普通刀法【触发.反击】;反击【唯一被动】：反击时以本武学替代普通攻击;1级;
美术测试_剑系;普通刀法【触发.合击】;合击【唯一被动】：合击时以本武学替代普通攻击;1级;
美术测试_剑系;普通刀法【触发.反击】;反击【唯一被动】：反击时以本武学替代普通攻击;1级;
美术测试_拳系;美术测试_拳系;以33%威力攻击敌人，附加流血+10;1级;
美术测试_拳系;普通刀法【触发.合击】;合击【唯一被动】：合击时以本武学替代普通攻击;1级;
美术测试_拳系;普通刀法【触发.反击】;反击【唯一被动】：反击时以本武学替代普通攻击;1级;
基础武学-暗器;普通暗器【触发.合击】;合击【唯一被动】：合击时以本武学替代普通攻击;1级;
基础武学-腿法;普通腿法【触发.合击】;合击【唯一被动】：合击时以本武学替代普通攻击;1级;
基础武学-拳掌;普通拳法【触发.合击】;合击【唯一被动】：合击时以本武学替代普通攻击;1级;
基础武学-刀法;普通刀法【触发.合击】;合击【唯一被动】：合击时以本武学替代普通攻击;1级;
基础武学-剑法;普通剑法【触发.合击】;合击【唯一被动】：合击时以本武学替代普通攻击;1级;
江湖步法;移动后伤害;使用轻功移动后下回合攻击附加额外伤害500;5级;
飞檐走壁;余波微震1级;余波微震1级：对多个目标附加负面状态时，其他目标层数是选中目标的20%（初始值为10%，可叠加至5级）;20级;
飞檐走壁;撕裂伤口1级;撕裂伤口1级：所有武学对流血状态的敌人造成基础伤害+3%（可叠加至5级）;25级;
陆家斩;抬棺死战1级;抬棺死战1级：生命值低于50%时，最终基础伤害+5%，且剩余生命值百分比每比50%低5%时，额外增加1%最终伤害（可叠加至3级）;20级;
合击·普通攻击;重压斩·怒;以300%威力攻击敌人，可根据本武学等级造成额外伤害。;1级;
黑月神针;20%几率攻击3排;本武学攻击时有20%几率攻击3排目标;10级;
黑月神针;锥心透骨1级;锥心透骨1级：暗器武学暴击时，20%几率追加一次穿心透骨（每回合最多追加1次）（可叠加至5级）;15级;
黑月神针;日月万光神针残废+3;使用《日月万光神针》时附加残废+3;25级;
日月万光神针;神针无尽;攻击敌人[DamageCount]次，造成[DamageValue]伤害，附加流血+30;10级;
日月万光神针;50%几率攻击3排目标;本武学攻击时有50%几率攻击3排目标;15级;
日月万光神针;阴人1级;阴人1级：内力阴性+10，使用阴性武学（武学只有阴性系数）时基础伤害+10%（可叠加至5级）;20级;
日月万光神针;真·穿针引线1级;穿针引线1级：暗器武学攻击附加“漫天花雨”状态，状态可叠加5层，每层使其受到暗器招式攻击时基础伤害+3%（可叠加至5级）;30级;
辟邪·无敌斩;一剑寒芒;攻击敌人造成[DamageValue]伤害，额外消耗最大生命值10%，每10点造成5点伤害（每次触发都会使下一次生命值消耗提高10%）;10级;
辟邪·无敌斩;血战到底1级;血战到底1级：所有额外消耗生命值附加伤害效果，提升为每消耗10点生命值附加6点额外伤害（可叠加至5级）;30级;
天地剑法;本武学：最终伤害+最大生命值的2%;本武学攻击时额外消耗最大生命值的2%（最高消耗20000生命值），每10点造成5点伤害;5级;
天地剑法;血战到底1级;血战到底1级：所有额外消耗生命值附加伤害效果，提升为每消耗10点生命值附加6点额外伤害（可叠加至5级）;10级;
日月剑法;本武学：最终伤害+最大生命值3%（耗血）;本武学攻击时额外消耗最大生命值的3%（最高消耗50000生命值），每10点造成5点伤害;10级;
青冥剑法;本武学：最终伤害+最大生命值3%（耗血）;本武学攻击时额外消耗最大生命值的3%（最高消耗50000生命值），每10点造成5点伤害;10级;
青冥剑法;青冥浩荡;攻击敌人造成[DamageValue]伤害;15级;
吸星吞日大法;层峰叠浪1级;层峰叠浪1级：追加攻击时，附加负面状态层数为首次攻击的20%（初始值为10%，可叠加至5级）;20级;
吸星吞日大法;受击减伤6000;受到外功攻击时减少伤害6000;20级;
吸星吞日大法;吸天吸地吸宇宙;自身退场时对所有敌方单位造成剩余真气值伤害，每10点真气附加3点伤害（消耗的真气上限为300000）;25级;
吸星吞日大法;受击吸收真气;受到攻击时，可将攻击者技能消耗的真气化为自身真气;30级;
日月宝典;锥心透骨1级;锥心透骨1级：暗器武学暴击时，20%几率追加一次穿心透骨（每回合最多追加1次）（可叠加至5级）;10级;
日月宝典;余波微震1级;余波微震1级：对多个目标附加负面状态时，其他目标层数是选中目标的20%（初始值为10%，可叠加至5级）;20级;
玄天真气谱;余波微震1级;余波微震1级：对多个目标附加负面状态时，其他目标层数是选中目标的20%（初始值为10%，可叠加至5级）;5级;
玄天真气谱;汲取生命1级;汲取生命1级：吸血率+3%（最高可叠加至5级）;10级;
玄天真气谱;天阴教武学：对减速伤害+20%;天阴教武学攻击减速目标时基础伤害+20%;20级;
玄天真气谱;百发百中1级;百发百中1级：命中率+3%（最高可叠加至5级）;25级;
黑木心法;真·穿针引线1级;穿针引线1级：暗器武学攻击附加“漫天花雨”状态，状态可叠加5层，每层使其受到暗器招式攻击时基础伤害+3%（可叠加至5级）;10级;
黑木心法;血战到底1级;血战到底1级：所有额外消耗生命值附加伤害效果，提升为每消耗10点生命值附加6点额外伤害（可叠加至5级）;20级;
吸血大法;受内功攻击减伤10%;受到内功攻击减少伤害10%;5级;
吸血大法;层峰叠浪1级;层峰叠浪1级：追加攻击时，附加负面状态层数为首次攻击的20%（初始值为10%，可叠加至5级）;15级;
吸血大法;血海无涯1级;血海无涯1级：血海魔功基础伤害+10%（最高提升至5级）;20级;
吸血大法;掉血体质+100;每次生命值降低时（受击扣血、主动扣血、流血等），最大生命值+3000点，可叠加10次;25级;
金线飞针;金线飞针【激活】;本武学攻击时有30%几率攻击3排目标;10级;
金线飞针;金蛇狂舞;攻击敌人[DamageCount]次，造成[DamageValue]伤害，攻击时额外消耗剩余生命值的10%，造成基础伤害+10%;15级;
金线飞针;日月万光神针破甲+5;使用《日月万光神针》时附加破甲+5;20级;
金线飞针;真·穿针引线1级;穿针引线1级：暗器武学攻击附加“漫天花雨”状态，状态可叠加5层，每层使其受到暗器招式攻击时基础伤害+3%（可叠加至5级）;30级;
玄阳腿法;本武学：最终伤害+最大生命值3%（耗血）;本武学攻击时额外消耗最大生命值的3%（最高消耗50000生命值），每10点造成5点伤害;10级;
玄阳腿法;真·百里挑一1级;百里挑一1级：使用腿法武学攻击目标时，20%几率对其中一个敌人额外进行一次攻击（可叠加至5级）;25级;
幻月腿法;本武学：最终伤害+最大生命值5%（耗血）;本武学攻击时额外消耗最大生命值5%（最高消耗100000生命值），每10点造成5点伤害;10级;
幻月腿法;阴风阵阵;攻击敌人造成[DamageValue]伤害，攻击时消耗剩余生命值5%，每10点造成1点伤害，附加减速+30;15级;
幻月腿法;真·百里挑一1级;百里挑一1级：使用腿法武学攻击目标时，20%几率对其中一个敌人额外进行一次攻击（可叠加至5级）;25级;
玄冥腿法;玄冥拜月毒腿;攻击敌人造成[DamageValue]伤害，额外消耗剩余生命值的10%，每10点造成1点伤害，如果造成敌人退场会再次发动绝招;10级;
玄冥腿法;本武学：最终伤害+最大生命值10%（耗血）;本武学攻击时额外消耗最大生命值10%（最高消耗200000生命值），每10点造成5点伤害;15级;
玄冥腿法;真·百里挑一1级;百里挑一1级：使用腿法武学攻击目标时，20%几率对其中一个敌人额外进行一次攻击（可叠加至5级）;30级;
黑风腿法;本武学：最终伤害+最大生命值的2%;本武学攻击时额外消耗最大生命值的2%（最高消耗20000生命值），每10点造成5点伤害;10级;
鹰爪功;本武学：最终伤害+最大生命值的2%;本武学攻击时额外消耗最大生命值的2%（最高消耗20000生命值），每10点造成5点伤害;10级;
玄机弹指;落石神通;攻击敌人[DamageCount]次，造成[DamageValue]伤害，命中后会穿透该敌人身后所有敌人，攻击时有50%几率攻击3排目标;15级;
玄机弹指;多段暗器1级;多段暗器1级：以30%几率增加玄机门多段暗器的攻击段数，最多1次（可叠加至5级）;25级;
玄机弹指;真·穿针引线1级;穿针引线1级：暗器武学攻击附加“漫天花雨”状态，状态可叠加5层，每层使其受到暗器招式攻击时基础伤害+3%（可叠加至5级）;30级;
玄机醉步;真·百里挑一1级;百里挑一1级：使用腿法武学攻击目标时，20%几率对其中一个敌人额外进行一次攻击（可叠加至5级）;1级;
玄机醉步;强化穿透1级;强化穿透1级：暗器穿透时，威力为上一次的40%（初始值为30%，可叠加至5级）;5级;
玄机醉步;极速1级;极速1级：开局行动条前进5%（可叠加至7级）;20级;
玄机醉步;凌波仙子1级;凌波仙子Lv1：回合外受到6次攻击后，闪避率暂时+50%，直到闪避1次后消失 （可叠加至4级）;25级;
玄机醉步;醉逍遥1级;醉逍遥1级：所有多段掌法攻击威力逐次提升1% （最高200%）;30级;
玄机剑法;多段剑法1级;多段剑法1级：以30%几率增加玄机门多段剑法的攻击段数，最多1次（可叠加至5级）;20级;
玉笛剑法;多段剑法1级;多段剑法1级：以30%几率增加玄机门多段剑法的攻击段数，最多1次（可叠加至5级）;10级;
玉笛剑法;玉笛声声;攻击敌人[DamageCount]次，造成[DamageValue]伤害;15级;
百花剑法;百花争艳;攻击敌人[DamageCount]次，造成[DamageValue]伤害 ，攻击时降低敌人命中10%;15级;
眉来眼去剑;多段剑法1级;多段剑法1级：以30%几率增加玄机门多段剑法的攻击段数，最多1次（可叠加至5级）;10级;
眉来眼去剑;本武学：最终伤害+30%（对其他性别）;本武学对其他性别角色造成基础伤害+30%;15级;
玄机心法;潮落潮生1级;潮落潮生1级：当真气低于5%时，立即恢复至30%，一局生效一次（可叠加至3级）;5级;
玄机心法;真·穿针引线1级;穿针引线1级：暗器武学攻击附加“漫天花雨”状态，状态可叠加5层，每层使其受到暗器招式攻击时基础伤害+3%（可叠加至5级）;15级;
沧海龙吟曲;潮落潮生1级;潮落潮生1级：当真气低于5%时，立即恢复至30%，一局生效一次（可叠加至3级）;10级;
沧海龙吟曲;醉逍遥1级;醉逍遥1级：所有多段掌法攻击威力逐次提升1% （最高200%）;15级;
沧海龙吟曲;玄机门武学：真气燃烧伤害值*5%（含多段）;使用玄机门外功多段武学每次对敌造成伤害时，燃烧目标伤害值*5%的真气;20级;
沧海龙吟曲;所有多段武学：最终伤害+3000;所有多段武学攻击附加3000点伤害;25级;
奇门八式;多段剑法1级;多段剑法1级：以30%几率增加玄机门多段剑法的攻击段数，最多1次（可叠加至5级）;1级;
奇门八式;多段拳法1级;多段拳法1级：以30%几率增加玄机门多段拳法的攻击段数，最多1次（可叠加至5级）;5级;
奇门八式;强化穿透1级;强化穿透1级：暗器穿透时，威力为上一次的40%（初始值为30%，可叠加至5级）;10级;
奇门八式;百花乱拳1级;百花乱拳1级：使用拳掌武学攻击单体目标的时候，20%几率向周围的敌人，进行同样的攻击（每回合最多触发一次，可叠加至5级）;15级;
玄机掌法;多段拳法1级;多段拳法1级：以30%几率增加玄机门多段拳法的攻击段数，最多1次（可叠加至5级）;10级;
三重劈空掌;多段拳法1级;多段拳法1级：以30%几率增加玄机门多段拳法的攻击段数，最多1次（可叠加至5级）;15级;
三重劈空掌;百花乱拳1级;百花乱拳1级：使用拳掌武学攻击单体目标的时候，20%几率向周围的敌人，进行同样的攻击（每回合最多触发一次，可叠加至5级）;25级;
百花掌法;百花飞舞;攻击敌人[DamageCount]次，造成[DamageValue]伤害;10级;
百花掌法;百花乱拳1级;百花乱拳1级：使用拳掌武学攻击单体目标的时候，20%几率向周围的敌人，进行同样的攻击（每回合最多触发一次，可叠加至5级）;20级;
百花掌法;多段拳法1级;多段拳法1级：以30%几率增加玄机门多段拳法的攻击段数，最多1次（可叠加至5级）;25级;
醉八仙掌法;落英缤纷;攻击敌人[DamageCount]次，造成[DamageValue]伤害，附加内伤+5;10级;
醉八仙掌法;醉逍遥1级;醉逍遥1级：所有多段掌法攻击威力逐次提升1% （最高200%）;30级;
穿心透骨;本武学：最终伤害+最大生命值的2%;本武学攻击时额外消耗最大生命值的2%（最高消耗20000生命值），每10点造成5点伤害;10级;
穿心透骨;锥心透骨1级;锥心透骨1级：暗器武学暴击时，20%几率追加一次穿心透骨（每回合最多追加1次）（可叠加至5级）;15级;
穿心透骨;日月万光神针流血+2;使用《日月万光神针》时附加流血+2;20级;
五弦连珠镖;多段暗器1级;多段暗器1级：以30%几率增加玄机门多段暗器的攻击段数，最多1次（可叠加至5级）;15级;
五弦连珠镖;强化穿透1级;强化穿透1级：暗器穿透时，威力为上一次的40%（初始值为30%，可叠加至5级）;25级;
飞花摘叶镖;多段暗器1级;多段暗器1级：以30%几率增加玄机门多段暗器的攻击段数，最多1次（可叠加至5级）;10级;
飞花摘叶镖;真·穿针引线1级;穿针引线1级：暗器武学攻击附加“漫天花雨”状态，状态可叠加5层，每层使其受到暗器招式攻击时基础伤害+3%（可叠加至5级）;25级;
一石三鸟;多段暗器1级;多段暗器1级：以30%几率增加玄机门多段暗器的攻击段数，最多1次（可叠加至5级）;20级;
捕风捉影腿;伤害加成20%（拥有战意沐身）;拥有战意沐身状态时，本武学基础伤害+20%;10级;
捕风捉影腿;幻影腿;攻击敌人造成[DamageValue]伤害，并且有20%概率将最大生命小于自身的敌人聚集在一起;15级;
捕风捉影腿;极速1级;极速1级：开局行动条前进5%（可叠加至7级）;30级;
鸳鸯腿;多段腿法1级;多段腿法1级：以30%几率增加玄机门多段腿法的攻击段数，最多1次（可叠加至5级）;20级;
太白剑法;双剑合璧;攻击敌人造成[DamageValue]伤害，附加残废+30;5级;
太白剑法;本武学：轻盈+10;本武学攻击时，自身获得轻盈+10;20级;
太白剑法;所有剑法：破甲+3;所有剑法武学附加破甲+3;30级;
追风逐日腿;伤害加成30%（拥有战意沐身）;拥有战意沐身状态时，本武学基础伤害+30%;10级;
追风逐日腿;风神怒;攻击敌人造成[DamageValue]伤害同时将敌人最大生命小于自身的敌人聚集到一个格子内，并为敌人附加一层画地为牢状态，使其行动移动格子书-1，持续两回合（若敌人的行动移动格子数小于1则不再降低）;15级;
追风逐日腿;绝招率+1%，至多20%;自身被攻击后，本武学的绝招率增加1%，最多增加20%;25级;
追风逐日腿;真·百里挑一1级;百里挑一1级：使用腿法武学攻击目标时，20%几率对其中一个敌人额外进行一次攻击（可叠加至5级）;30级;
坐忘心法;动态真气恢复;自身真气值越低，每回合回复真气越多，最多恢复1000点;10级;
坐忘心法;真气恢复5%（至多10000）;若本回合未造成伤害，恢复自身5%真气（至多10000点）;20级;
坐忘心法;损耗生命>10%时，调息+20，疗伤+20;每当受到一次不小于自身生命值10%的伤害时，自身获得调息+20，疗伤+20;25级;
坐忘心法;绝对防御1级;绝对防御1级：每次受击后（包含援护防御受击），自身获得绝对防御状态（可叠加5层），受到攻击减少最终伤害，值为真气*2%+1000点（可叠加至5级）;30级;
玉环步;多段腿法1级;多段腿法1级：以30%几率增加玄机门多段腿法的攻击段数，最多1次（可叠加至5级）;15级;
天地动;开局获得一层战意沐身;战斗开始时，自动获得一层战意沐身状态;10级;
天地动;战意沐身buff加成;战意沐身每回合额外恢复500*武学等级的生命值;15级;
天地动;战意沐身额外加成（25）;战意沐身每回合额外恢复3%的生命值;20级;
天地动;气盾突破1级;气盾突破1级：回合开始时，给自身添加10000护盾，单局护盾的累计上限为最大生命值*70%（初始值为最大生命值*50%）;25级;
天地动;金刚不坏1级;金刚不坏1级：进入战斗第一次受到主动攻击时基础伤害-30%（可叠加至5级）;30级;
玄机腿法;合击时有50%概率发动本武学;合击时有50%概率发动本武学;1级;
玄机腿法;八方围猎;攻击敌人[DamageCount]次，造成[DamageValue]伤害，附加残废+20;10级;
玄机腿法;多段腿法1级;多段腿法1级：以30%几率增加玄机门多段腿法的攻击段数，最多1次（可叠加至5级）;20级;
玄机腿法;真·百里挑一1级;百里挑一1级：使用腿法武学攻击目标时，20%几率对其中一个敌人额外进行一次攻击（可叠加至5级）;25级;
倾城腿法;合击时有50%概率发动本武学;合击时有50%概率发动本武学;1级;
倾城腿法;真·百里挑一1级;百里挑一1级：使用腿法武学攻击目标时，20%几率对其中一个敌人额外进行一次攻击（可叠加至5级）;10级;
倾城腿法;八音迭奏;攻击敌人[DamageCount]次，造成[DamageValue]伤害，攻击后所有敌人吸附到一起;15级;
倾城腿法;多段腿法1级;多段腿法1级：以30%几率增加玄机门多段腿法的攻击段数，最多1次（可叠加至5级）;30级;
翻云覆雨掌;伤害加成20%（拥有战意沐身）;拥有战意沐身状态时，本武学基础伤害+20%;10级;
翻云覆雨掌;云奔雨骤;攻击敌人造成[DamageValue]伤害，并且附加一层追击状态，使用本武学攻击拥有该追击状态的敌人时，每层追击状态额外基础伤害+10%;15级;
翻云覆雨掌;攻击后自身疗伤+10;本武学攻击后自身附加疗伤+10;20级;
翻云覆雨掌;伤害加成->宇文庄/所有外功;宇文庄所有外功基础伤害+20%;25级;
翻云覆雨掌;百花乱拳1级;百花乱拳1级：使用拳掌武学攻击单体目标的时候，20%几率向周围的敌人，进行同样的攻击（每回合最多触发一次，可叠加至5级）;30级;
风行腿法;攻击附加减速+5（宇文庄/腿法）;宇文庄腿法武学攻击敌人附加减速+5;10级;
风行腿法;腿法攻击后闪避值+500;所有腿法攻击后，自身闪避值+500，持续两回合;30级;
无心掌;攻击附加减速+5（宇文庄/拳法）;宇文庄拳法武学攻击敌人附加减速+5;10级;
无心掌;攻击附加疗伤+15（宇文庄/外功）;宇文庄外功攻击后自身附加疗伤+15;20级;
无心掌;宇文庄外功击败敌人恢复5%生命;宇文庄所有外功每击退一个敌人，自身恢复5%生命值;30级;
四极心法;攻击后附加轻盈/调息+5（宇文庄/外功）;宇文庄外功攻击后为自身附加轻盈+5,调息+5;15级;
四极心法;疗伤+20，调息+20【队友退场】;每当有队友退场时，自身获得调息+20，疗伤+20;25级;
四极心法;开局获得一层战意沐身;战斗开始时，自动获得一层战意沐身状态;30级;
青鸾凤舞;流风回雪;攻击敌人[DamageCount]次，造成[DamageValue]伤害，攻击后所有敌人吸附到一起;10级;
天残神脚;天崩地裂;攻击敌人造成[DamageValue]伤害，如果目标生命>50%则附加攻击*15%的伤害，如果目标真气>50%则附加攻击*15%的真气燃烧;10级;
天残神脚;穿云裂石1级;穿云裂石1级：所有武学攻击真气为0的角色时，基础伤害+10%（可叠加至5级）;15级;
天残神脚;真·百里挑一1级;百里挑一1级：使用腿法武学攻击目标时，20%几率对其中一个敌人额外进行一次攻击（可叠加至5级）;30级;