秘奥义秘奥义名称,秘奥义需求1,秘奥义需求2,秘奥义需求3
秘奥义·降龙九掌,降龙问天掌(20),玄阴真经(20)
秘奥义·棒打狗头,打狗棍法(15),打狗大阵(20)
秘奥义·擒龙功,乞丐拳法(15),龙爪手(10),擒龙掌法(5)
秘奥义·东来绝技,醉八仙掌法(25),沧海龙吟曲(20),百花掌法(20)
秘奥义·落叶剑法,玄机剑法(15),玉笛剑法(10)
秘奥义·兰花拂手,玄机掌法(15),三重劈空掌(10),百花掌法(5)
秘奥义·滚滚红尘,玄机弹指(25),沧海龙吟曲(20),玄阴真经(20)
秘奥义·轻云蔽月,倾城腿法(15),玄机腿法(20),鸳鸯腿(20)
秘奥义·红颜,玉环步(15),鸳鸯腿(10),玄机腿法(5)
秘奥义·峰谷雷动,七十二峰飞仙剑(20),长生天风大阵(10),五神剑法(15)
秘奥义·剑舞,长生剑法(15),回风吹雪剑法(10),五神剑法(5)
秘奥义·春风化雨,枯木逢春(15),清心静气(10),天仙续命丹(5)
秘奥义·般若波罗掌,大乘·般若禅掌(20),易筋经(20),少林烈阳功(20)
秘奥义·罗汉腿,少林连环腿(15),十二路谭腿(10)
秘奥义·锁门棍,普门杖法(15),韦陀杖法(10),伏虎杖法(5)
秘奥义·烈火刀,少林刀法(15),慈悲刀法(5)
秘奥义·五虎掌,罗汉拳(15),大力金刚掌(10),千手观音掌(5)
秘奥义·黑虎掏心,虎爪功(15),黑虎绝户手(20)
秘奥义·白蛇吐信,太极剑(20),万象变幻功(20)
秘奥义·揽雀尾,太极拳(25),万象变幻功(20),太极神功(20)
秘奥义·绕指剑,柔云剑法(15),绵云柔剑(10)
秘奥义·震山掌,破阵爪(15),摧心铁掌(10),虎爪功(5)
秘奥义·游身掌,武当长拳(15),武当绵掌(10),八卦掌(5)
秘奥义·万象掌,天地四相掌(25),醉八仙掌法(20),玄阴真经(15)
秘奥义·越女追魂剑,灭绝剑法(25),百花剑法(20),峨嵋烈阳功(20)
秘奥义·飞云剑,峨嵋剑法(15),金顶穿花剑(5),飘雪穿云剑(10)
秘奥义·燃掌,峨嵋掌法(15),峨嵋通臂拳(10),佛光注照掌(5)
秘奥义·剑诀·诸般封印,九式·求败剑诀(25),华山剑法(15),易筋经(20)
秘奥义·碎玉拳,华山拳法(15),伏虎掌(10)
秘奥义·夺魂剑,华山剑法(15),狂风剑法(10),三仙夺命连环剑(5)
秘奥义·寒霜剑,岳女九式剑法(15),霜氏九式剑法(10)
秘奥义·剑魔真传,九式·求败剑诀(25),玄铁巨剑法(30)
秘奥义·先天一气,道经·先天功(25),纯阳拳法(20)
秘奥义·削顶掌,昊天掌(15),天地人三清掌(10),五气朝元掌(5)
秘奥义·天山老巫,六阴破脉手(20),四海独尊功(25),大乘·般若禅掌(20)
秘奥义·乾坤正气,六阳一脉掌(30),北冥鲲吞功(30)
秘奥义·直上腿法,逍遥腿法(15),扶摇腿法(10)
秘奥义·寒山掌,天山掌法(15),雪花掌法(10),化功绵掌(5)
秘奥义·破天流云,天残神脚(20),北冥鲲吞功(25),破功化劲大法(25)
秘奥义·赤刀索魂,赤刀神功(20),血海魔功(15)
秘奥义·夺魄刀,赤刀刀法(15),惊魂刀法(10),饮血刀法(5)
秘奥义·烈日灼心,日月万光神针(20),日月宝典(30)
秘奥义·真气逆转,吸星吞日大法(20),乾坤颠倒神功(15)
秘奥义·天下无极,辟邪·无敌斩(25),吸血大法(10)
秘奥义·玄阴腿,黑风腿法(15),玄阳腿法(10)
秘奥义·星辰剑,青冥剑法(5),天地剑法(15),日月剑法(10)
秘奥义·蛤蟆冲顶,紫蟾神功(30),玄阴真经(30),万毒心经(30)
秘奥义·雪山腿法,蛇行腿法(10),蟾跃腿法(5)
秘奥义·颠倒乾坤,乾坤颠倒神功(25),烈阳神功(25)
秘奥义·血祭轩辕,七星长空剑(20),纯钧剑法(25),祭血焚炉功(25)
秘奥义·赤霄斩蛇,纯钧剑法(10),青釭剑法(15),名剑剑法(15)
秘奥义·任督贯通,冰火相融决(25),寒冰诀(20),烈阳真气(20)
秘奥义·截杖,登山杖法(15),扛旗枪法(10),托镖长戟(5)
秘奥义·散花掌,龙门拳法(15),冰火掌(10)
秘奥义·镖旗烈烈,长枪大戟十七式(20),托镖长戟(20),烈焰心法(25)
秘奥义·金鳞化龙,十三路龙吟刀(20),十一招风云斩(20),寒冰诀(25)
秘奥义·火星冲日,逐日元气掌(25),无咎神功(20)
秘奥义·一切皆于无,无咎神功(25),无誉心法(25),破壁神功(20)
秘奥义·飞火掌,破风掌(15),三阳灼雨拳(10),排云流火掌(5)
秘奥义·三阳合一,三阳神拳(20),烈阳真气(25)
秘奥义·威严刀法,衙门刀法(15),严刑刀法(10)
秘奥义·梨花枪,禁军枪术(15),金钩枪术(10),八门金锁棍(5)
秘奥义·天翻地覆,辟邪·无敌斩(30),青冥剑法(30),日月万光神针(30)
秘奥义·巴山夜雨,机关片斩刀(15),乾坤百切斩(10)
秘奥义·断肠消魂针,毒蒺藜(15),银针飞花(10)
秘奥义·暴雨梨花针,追魂夺命帖(25),无忧邪经(15),万毒心经(20)